-29 812 763 24 1195 1331 -742 150 421
-484 -613 -408 -544 -684 -372 -503 -809 -670
695 501 146 672 427 45 311 3 -535
316 377 183 407 232 -75 -21 -490 -670
527 765 389 125 -30 -493 -364 -923 -1128
418 748 411 393 287 -263 -143 -626 -942
537 104 -213 -455 -1437 -1723 -168 357 332
813 271 -361 239 -823 -1502 135 522 19
293 216 -209 -240 -586 -1075 -659 23 -317
115 -2098 389 303 -1513 176 882 709 674
526 -1440 549 -52 -1844 -478 -79 -538 -362
603 -497 735 373 -639 386 347 110 515
332 557 268 -177 103 420 -308 -26 560
-166 -263 -156 -832 -1116 -470 -277 -543 123
708 238 -280 115 -427 -575 453 23 -46
-69 -350 -294 -398 -221 -103 -235 -147 -50
-126 -265 -259 -243 54 17 -34 122 46
-158 -139 -178 267 663 541 485 706 475
39 -374 428 -560 -1073 -261 -631 -1129 -240
181 343 527 47 126 91 -122 -168 -109
-117 290 -243 547 928 41 631 921 165
1825 -1628 605 -1004 7334 -4653 328 -2590 -726
-1381 -1708 575 -3598 10581 -1602 -2348 -1654 1351
1118 -3854 257 -1093 5943 -2361 304 -542 -82
-159 -505 -726 -729 -1178 -949 -729 -1070 -491
1190 2044 1370 1100 2266 1935 105 1173 1100
-540 -1298 -598 -591 -1722 -1103 534 -491 -529
207 736 -60 -141 120 -1172 328 617 -182
-146 -28 -640 -303 -283 -1458 742 835 -6
-585 152 47 -719 96 -464 173 895 608
1364 3251 1926 1140 136 162 -1499 -3654 -1205
-803 -1869 -846 1627 -2051 -1163 2261 -888 1276
-1405 -1486 -862 862 -260 -645 1273 1156 2015
9 -183 0 -76 19 42 -6 318 472
-233 -324 -179 -58 194 140 136 620 675
-398 -333 -164 7 311 257 90 567 629
-717 -710 -400 -266 94 167 302 573 754
-476 -425 -235 -49 322 209 408 671 636
-302 -507 -344 -2 -33 -176 473 279 170
-59 -402 -5 -440 -280 634 35 -76 491
-266 -212 448 -820 -220 968 -383 -190 560
-299 -111 488 -848 -127 980 -572 -158 687
1698 1137 -729 -1393 1397 818 -602 -121 -1452
-165 -287 -529 -2903 416 1391 504 1166 148
-142 -249 -334 -2531 556 1267 -308 1185 371
-185 -158 -312 380 -238 -1224 374 723 318
733 348 -129 894 -241 -1437 404 208 -213
548 314 -12 850 -277 -1320 567 -130 -700
1720 -807 -7009 -2951 -722 -743 1641 9815 1083 2825 4971 -2950 1808 2080 4121 2367
-164 292 -330 -673 48 236 -1295 -1530 -1191
1043 -563 -1809 1917 1693 538 51 165 -181
-1071 -637 -1730 817 306 -862 1368 1436 -46
-1116 -1076 -929 -231 -458 -1031 711 1227 -142
770 674 -155 608 1608 1194 -909 192 1030
-657 -88 67 -956 -587 -314 -870 -669 -161
11 609 669 -294 411 544 -606 -480 -442
-694 2142 2029 -2672 -2955 3652 3538 -1088 -2044
-1387 626 2804 -1809 -1049 1245 -876 -2195 -895
-1034 -1159 -921 231 -278 -887 802 951 191
249 -201 -1999 508 577 -306 -289 1091 1057
516 534 254 -85 170 -67 -1077 -259 124
-69 -378 -821 -1742 -1971 -2955 -943 -1225 -1419
262 1225 396 124 1328 607 -396 172 474
757 925 -592 254 2007 988 -702 -1322 688
-1740 -1527 -1354 779 -486 -1551 1414 1754 -475
-128 -289 -47 -698 -669 4 42 156 -47
-550 22 -707 538 -35 20 309 -342 -313
-807 -377 496 357 236 -256 295 -346 -791
647 -884 175 64 576 22 -695 1210 -294
-199 446 401 -169 638 413 172 181 277
205 -264 -89 426 -163 136 212 -139 219
592 -133 127 37 -593 -49 243 -334 42
1074 -481 -166 4281 -6423 3023 644 -2454 1712
-363 -683 733 -433 -790 593 45 -402 849
258 -268 -445 1897 -759 -264 945 -1175 -310
-1050 1276 -1201 -381 1701 -2189 1155 -59 -965
331 192 -180 456 231 -115 -69 -224 -417
-232 110 -82 -83 -127 502 -1080 -750 982
-1797 6 689 -2482 205 897 -1154 1595 338
-204 -970 1129 -769 -1898 2923 -1321 -40 995
624 481 -1267 2199 -95 -2137 1564 -54 -1090
69 -420 -618 277 -160 -644 268 209 -250
67 161 195 -240 -12 -137 363 -148 -892
488 147 -760 -132 197 -176 -599 -442 -172
-489 817 79 -151 301 880 512 -175 622
-357 -271 1 223 116 195 372 652 570
564 281 240 373 426 108 38 404 336
84 -111 -122 5 -194 -367 349 83 -308
1071 -60 -1349 -1167 4301 -3003 -2419 1273 365
-145 -307 211 -27 -376 125 291 -121 368
-299 766 -58 -1087 438 200 -763 11 644
-356 -605 1066 -1013 -1137 1439 909 -1056 620
856 244 -85 322 230 101 -484 -288 -6
-598 -488 -7 -711 -237 -259 -359 123 334
464 -1420 -270 1183 -1233 -1383 1425 -419 -1686
630 183 -753 2197 657 -2835 873 1637 -2129
-1148 732 1222 -2718 214 1695 -1951 -929 1632
558 -379 -1635 632 139 -1124 684 471 -194
-432 -425 -1527 -312 -352 -999 1403 1407 1280
-968 -216 148 -1489 -775 -201 -1050 -750 -495
-1030 -440 -42 -610 -430 93 -472 -593 -102
746 305 150 813 331 -148 818 569 40
-409 -382 -320 257 191 79 300 175 120
682 -235 -791 347 -467 -998 1080 155 -325
-1280 -3312 -737 -2680 1006 -1527 368 -1303 -4
-195 598 753 -1164 187 900 -1171 -427 431
-381 137 452 -509 -22 -170 -244 124 -328
-624 -757 744 329 -124 -117 136 -70 -844
-270 -338 -240 128 120 301 116 86 457
-616 -217 454 325 576 1115 28 68 94
150 -729 -922 639 65 55 948 13 378
-30 -972 -1362 212 384 -476 -264 19 216
-440 985 262 -1154 115 -426 -569 -166 -654
22 -49 -671 456 -126 -794 457 -233 -87
-237 -317 -214 290 113 -663 -3 -11 72
-732 -229 -291 -126 502 202 -350 512 -259
509 -669 -314 405 -532 2 407 -531 578
-114 -358 -333 302 57 90 686 338 227
317 150 124 260 266 312 524 281 83
685 274 26 282 -377 -623 -351 -892 -770
-2150 3011 -1119 -3092 5651 -3498 -706 2675 -2082
-980 209 696 -345 356 821 -726 -446 -139
-248 643 -451 -1010 590 -827 -419 942 -798
2265 -2932 25 1476 -1909 774 1114 -924 323
440 237 185 259 272 313 111 -31 -199
679 -405 46 -383 -129 234 -348 19 -703
13 -34 721 -448 -410 877 -499 -1092 705
-1821 1502 -351 -1604 1549 -132 -91 634 376
92 667 596 -373 719 -421 -62 1052 -708
-1404 -1062 608 -1414 -1686 1610 -399 -1337 532
-106 -368 841 356 102 357 875 444 -1300
-28 -1400 173 23 -960 -1053 3094 1061 157
303 -2098 -2269 1019 -619 -690 -304 1465 992
-2251 -2673 -2312 -2802 -2624 -1171 -404 -571 953
-603 -189 -43 -1816 -1262 -285 -434 811 1932
-4516 418 2103 -3630 1069 3410 -4052 -411 1702
-1754 4347 -2090 1451 -3225 -1010 2003 -2287 977
1597 1537 2190 517 -1060 -1123 -703 -2229 -2791
-1359 -210 -1414 1463 1003 -55 1961 393 21
-393 1763 2361 -835 983 -91 -1268 -3799 -1809
-1302 -1077 -717 -812 -747 -246 436 624 853
-2426 -1755 -575 -3051 -2442 -2048 -765 352 2088
-503 250 -1263 -1383 688 104 -1555 1213 905
437 3553 -636 -32 139 262 168 -918 -1280
-1161 -2320 -74 2191 -145 540 1555 216 -1068
-1249 101 -66 336 880 -486 -93 922 -23
-2468 -492 1792 768 34 -446 644 -475 -1096
-469 -300 -72 -1226 927 1844 530 540 -557
347 -282 -962 -361 -380 294 -812 -596 664
-718 199 974 -729 381 1084 294 622 406
-126 -676 -651 -583 -883 -861 -722 -361 -68
-1170 -848 -534 724 251 -401 1233 959 307
91 -221 18 -748 1269 -1434 -86 -89 -502
-323 -227 826 -1076 -419 1119 -722 -190 1329
1995 71 -823 283 296 288 -727 -96 -367
3840 -1245 -1844 2502 -670 293 -2237 -912 1579
211 -305 -796 -113 -612 -982 -316 -168 -469
1477 -366 -1349 -175 -733 -835 -1569 -94 1870
-2330 -1543 -2742 -3956 -1930 -3457 -1892 -288 -723
-678 -352 -1346 -4189 -2075 -2010 -1292 458 1791
1226 234 1203 2660 1541 2485 1865 -274 -773
-204 -805 -3067 937 266 -808 967 1270 362
-279 -189 -729 -1186 -1856 -2131 15 560 -873
-491 458 523 -48 802 -122 -703 -813 -1354
-440 -931 -131 -451 -529 654 -701 -160 492
705 870 697 212 414 -14 -20 111 -405
382 235 -73 248 -118 -502 552 -94 -309
853 276 333 1868 837 1004 2019 728 339
-2420 1936 -2255 -1494 747 204 1698 -5379 3213
2263 2176 2364 -639 -819 -50 -2747 -3438 -2746
-1235 1647 1006 -528 356 -406 2355 430 240
575 639 1259 -858 1169 -2813 140 3185 -2365
400 890 671 -222 91 -189 160 -58 -339
-508 35 589 -2235 -2015 -1721 -668 -752 -452
681 -1694 -1033 640 -1258 211 -464 296 664
-898 915 -2173 224 -448 -736 884 -1225 1176
-2244 -185 1271 -1616 -977 211 -99 -500 -693
908 63 -504 -141 -175 451 -62 -560 76
2146 -44 -1756 -1207 -745 -60 -1513 -575 552
494 276 352 1475 -313 -1013 388 -397 -712
-1626 -911 -926 302 298 -349 1248 717 -744
911 408 295 926 358 20 -215 -345 277
-615 -632 -434 -908 -777 -237 -549 -698 -645
1237 95 -1378 514 81 -486 729 522 611
189 23 894 -2335 -1584 2088 303 -112 -568
-338 -218 695 -423 -719 10 304 118 454
-1281 -1284 -392 -261 -951 -1020 582 72 -130
-1181 507 856 -544 -1460 -1231 1662 -540 -1281
-410 -238 34 -749 -602 -57 -587 -507 -438
-582 -411 987 -271 -501 785 785 -73 -784
768 490 985 1778 1946 2602 1058 999 823
-205 -1162 481 223 1498 2521 -332 -771 -669
-1226 -1553 -782 -2312 -2813 -3008 -1222 -1167 -1045
-636 322 -138 -701 -372 -603 -116 256 -307
-405 625 -701 -3002 -1882 -2110 -1882 -1326 -1382
927 1037 101 -432 1729 640 -1789 81 748
-512 13 -162 -1391 333 315 -1752 -1092 -402
621 1732 2376 -1105 -665 479 -1576 -1745 -968
743 -317 -376 37 -674 -1063 304 191 -477
793 -1008 -2003 1462 -358 -1928 2978 1213 -650
16 -4622 2707 3128 350 -6199 -2033 2613 1669
-1516 -507 561 127 -501 -346 1776 408 -738
699 -340 -1526 647 1220 379 -501 101 909
1499 1553 -2295 -818 3036 1397 -3158 630 3172
-315 -269 121 -1376 -555 -34 -1642 -543 354
1248 209 -1662 479 429 -772 -821 423 819
-237 571 1828 -1528 -1650 125 -10 -953 -655
-481 633 4130 -970 -2808 -171 342 1075 -1851
1063 -832 -1519 751 1530 489 127 507 -15
-1924 -3007 -3334 1018 -841 -2517 3443 1059 -1131
751 -842 -1572 702 -237 -1455 -21 -885 -266
732 888 778 -761 -229 470 -1380 -1257 -814
756 2457 1469 -1449 -37 96 -1835 -1976 -1534
-1488 -1581 -1323 173 -194 -464 1551 -326 -2078
-826 -613 -500 -1368 -1179 -1454 -360 -917 -1614
-1205 -2677 -3013 -995 -3213 -4308 2286 -153 -1520
-201 1113 2470 1314 1559 -3204 1040 -1708 -143
331 1831 353 -1586 1795 1694 -6422 -2642 -2036
-1017 -1587 973 -1079 -1414 507 64 873 1748
-3302 -6414 -2431 1642 -3811 -2569 4640 1531 2160
-745 -585 -613 -369 -118 -377 -1040 -1033 -869
148 1665 824 -864 313 -266 -1302 134 -392
408 -558 1569 191 -769 1711 -149 -1935 314
-727 -2134 -2339 -1337 -1433 -140 540 276 1422
2733 -477 161 1919 54 1010 -289 -1590 -1412
-476 214 427 -173 878 719 -182 936 653
-2164 -481 480 645 2304 1669 -1163 865 -100
2468 5260 2090 -1662 1635 -2016 1315 4635 591
2167 -331 2969 1109 24 1589 733 -557 1018
1864 1128 1624 -85 -564 -328 649 300 1072
-552 -574 -1140 -296 -147 -520 -721 -485 -964
-232 -32 161 128 656 208 -765 -253 -825
-1488 -352 -3305 -720 3602 15 -1539 581 -1586
682 -211 762 273 -450 30 398 5 701
601 1028 116 244 -36 1131 -782 -680 84
460 1401 727 869 1598 513 142 -64 -140
651 51 -202 883 967 603 950 1475 1022
-434 342 -841 2092 2530 2218 -989 -633 -714
1582 2321 2180 706 2351 1121 56 1154 709
-390 2048 -253 -82 2109 1082 -1741 1062 -919
41 1888 1353 -869 1836 166 -956 2053 -802
-656 -399 -497 -253 71 -55 -385 -233 -530
-2586 -1559 -1077 486 1207 145 323 377 -1311
247 581 274 -1529 -1422 -1479 1255 1403 1365
-1179 31 -177 -693 88 -1091 -609 493 -1157
-249 405 569 -1423 -566 -449 236 761 868
195 470 -48 -243 -118 -398 -645 -562 -372
-268 -529 -683 501 819 167 507 576 -376
-1210 -4815 -950 2603 7206 2357 -618 -3655 -1330
-1233 -571 -1596 -366 120 -905 893 1769 573
1175 1816 1402 -1831 -2060 -2256 -1070 -209 76
1463 760 896 101 978 521 -2049 -886 -750
378 478 524 -1269 -1013 -602 -559 -243 252
335 206 49 -119 -551 -1017 -919 -486 -1586
830 464 390 62 708 -115 712 891 181
673 1373 1031 -647 -328 -801 -1339 112 785
-237 1937 1506 -1399 -906 -886 1275 1999 367
-3380 -430 2425 -1163 1211 2443 -752 -748 321
224 -1717 -968 -1115 -1796 -2300 1576 637 -620
1703 -1126 -1363 -979 -1425 503 -1391 1139 1509
589 742 -236 1167 -142 -1160 -1709 -1890 -663
-61 298 1587 -1987 -1485 1036 -1900 799 2286
954 325 -1039 2499 164 -1489 221 -1168 -1854
1766 273 -2643 1506 222 -2954 2626 345 -2763
1583 -3197 -1172 -374 1193 3745 -1302 -447 -2234
4786 9 -5196 5718 1692 -4293 5337 -260 -6493
-543 -152 2035 -3178 -2947 -503 -1201 1325 1502
1136 -311 -365 -3249 -1856 2705 -1849 -684 2476
262 568 606 232 -315 -474 -449 -555 -396
1001 930 -1387 1536 -1441 -2868 -1168 -2056 -4067
1105 1387 -1190 631 -156 -888 -1336 -906 655
1412 -485 3067 -444 -1268 -1699 -2495 -1254 2896
716 -1013 406 -1060 -976 261 1742 1847 876
479 721 507 234 577 57 -83 -232 -980
244 -261 -812 707 645 -690 719 1391 -5
-676 -718 -1127 -376 -417 113 -332 366 729
-125 -435 -809 -291 -661 -715 -376 -604 -119
-1399 -1613 -1428 -1060 -939 -975 -166 112 -203
-328 265 33 -364 -204 -466 -453 -82 -208
728 649 -7 -714 -980 -1414 -866 -1101 -1837
538 1765 -3785 -1396 26 2108 995 -411 196
497 64 -400 540 242 313 -351 -45 635
-175 -772 -1268 -1629 -2128 -2477 -566 -425 -905
-1282 -2115 -2192 -1790 -2635 -2650 2596 3119 1964
-203 307 489 -150 -83 -161 102 248 348
244 982 504 -1672 -1458 -2354 -3368 -2351 -3115
522 -51 118 -458 -401 -234 -1831 -525 -376
-106 -570 -467 -1357 -1094 -1259 -316 974 1720
183 -154 -1206 510 -303 -809 405 169 -1371
-82 371 428 384 411 -12 588 -999 -1414
-74 -456 -778 -1241 -630 319 -1059 -1468 -525
2057 664 -593 391 -1363 -1228 -891 -126 1549
1126 1297 -155 1464 217 -1491 -269 -2036 -1622
846 1009 402 120 -337 -774 -661 -359 -384
-1301 -930 95 -1113 -342 386 -928 -679 126
-1126 -2532 -531 -2082 -1484 2299 -1123 1127 5078
-806 -4281 1923 -4720 4770 2530 1969 3122 -3064
-400 -1475 -1050 -1988 -1057 1254 -1804 806 3509
-809 -213 1608 -1508 41 359 -731 1208 884
-822 -885 -34 -1147 94 2643 -317 2165 7
-291 -19 189 -711 -297 -290 -964 -588 -518
1711 406 129 1230 413 -571 877 -642 -1342
1421 1336 622 2237 529 -37 217 -1543 -353
-3079 812 2701 867 3404 -720 245 -1752 -1443
1774 676 -17 -468 -935 -1393 -1178 -682 1072
-739 295 2236 14389 1879 10102 5450 5229 3524 441 8510 -14499 53 11111 10365 -3502
605 791 50 473 1190 370 91 1234 945
-294 322 796 114 214 313 -156 -48 -82
-202 543 778 111 641 581 620 352 -218
776 675 67 177 263 -250 -178 -222 -569
786 605 602 548 251 475 164 221 491
-494 -232 532 -569 -1593 -1579 230 -568 -766
-191 553 888 -953 -67 382 -1282 -580 113
-26 293 -292 160 190 -18 -169 -143 -108
277 1003 602 -136 508 496 6 -199 -224
427 -342 -722 806 378 -276 972 593 -325
-35 149 4 12 144 426 -611 -712 315
-554 -49 -167 -159 212 247 -645 -267 -6
-165 -354 -145 290 -547 -856 55 -355 82
316 -112 -248 846 -406 -1182 528 155 -269
534 206 -255 144 87 326 -524 -240 907
-715 -1280 -733 -1143 -1583 -837 -516 -342 -508
-643 77 -1200 -1284 -893 -883 -1407 -1978 -926
275 -17 1245 329 789 1271 -451 613 -273
-384 794 258 65 601 -775 -356 -150 -422
-501 -265 751 -314 115 172 972 356 249
-543 606 281 380 221 -89 -82 -643 -737
1350 426 630 649 549 -502 -837 -1306 -1888
-942 -432 1083 -165 1086 2011 -755 123 1517
523 340 -123 116 733 -682 870 229 -1001
851 492 -100 216 93 309 -565 -671 -386
-1090 -2124 -2130 -956 -1386 -1996 -597 -440 -1278
-1697 -1170 -680 -54 538 216 812 695 -18
-105 -492 -235 -432 -1213 -1024 -740 -1101 -1010
655 418 219 101 -343 -485 -416 -364 -343
-1652 443 444 46 619 1073 491 288 465
-1341 -825 1410 107 580 1549 424 474 -190
562 129 -365 1008 2360 2218 1383 1848 2610
-101 231 767 281 162 -39 139 371 146
184 135 132 454 486 24 382 211 232
-679 -592 -743 -453 -89 -322 -318 -459 -303
87 -195 -146 -8 -94 45 92 43 245
257 158 166 422 411 346 755 653 374
-1103 -488 -59 -76 -19 -382 145 394 140
505 -137 -795 -199 -593 -1002 -712 -642 -1057
88 313 169 499 387 558 6 -29 87
-1122 -1070 -474 -628 -676 -1129 -209 53 -554
-241 -58 411 -172 187 703 -274 -501 151
15 -207 -159 -136 -465 -70 121 -211 111
360 731 1517 617 878 1481 522 873 1293
-195 163 827 -189 183 720 -237 188 204
-73 -321 -347 16 331 705 -637 -5 537
-13 -392 -138 336 399 460 132 696 1015
-109 265 198 254 282 625 -360 262 -189
1293 1370 2269 -747 844 305 -71 -1085 514
-273 1012 815 -2742 -2050 -449 -2291 -4077 -2273
43 545 2045 -744 -1235 -102 -1904 -2441 -627
-208 -631 13 139 -656 -494 517 1109 -463
393 1484 1383 -1684 -895 -278 -2216 -1464 -923
830 668 -443 -18 1074 141 -439 -1344 -246
76 1187 1302 1322 34 52 232 -1300 75
-96 1017 133 -380 -420 399 -713 -507 -653
1258 1622 1101 -1072 1304 1980 -1352 -1655 1182
86 1673 1935 1195 566 899 -1383 -1407 224
157 -752 -1091 1021 1217 -337 -388 954 -902
-1928 -1638 -2162 -1246 -837 -1102 -1137 -834 -860
-1069 1005 354 927 785 1492 -464 509 374
946 1462 -893 -1337 -2288 445 450 321 740
696 -658 -961 -15 51 -35 428 -178 -478
-441 1659 -28 -3602 -1042 765 -2561 -1214 -429
-1482 206 941 385 -449 -90 361 92 -832
36 -1637 -1357 -2558 -4094 -3118 -3446 -3983 -1929
158 649 542 -899 -2886 -1401 -2146 -3772 -2037
-981 145 -671 417 1264 330 -411 88 61
1820 1934 1075 938 1013 988 568 710 823
167 62 -712 -1195 -643 -604 764 581 326
-725 -1097 -3 -1053 -1216 182 -605 -1330 -745
1144 1801 748 62 945 56 -324 -74 158
-291 -1064 -753 -797 -2369 -2119 -2130 -1905 -711
-587 -732 -741 -1588 -691 -1275 37 -1547 -1435
-876 -276 -549 -320 542 1211 -188 -12 87
-85 -628 67 522 -65 406 -10 -420 524
259 606 979 293 -985 -652 1218 -11 484
-546 -1175 1267 358 1084 1798 -390 -962 -1344
-81 318 1323 1002 975 560 -44 -282 735
1240 67 -643 407 -390 133 -608 -711 636
-1335 -129 -245 -542 -188 536 256 183 -74
-399 -913 -2209 -1165 -2547 -1769 -653 -1266 -2115
-243 -3060 -2833 -1611 -2972 -3013 -494 -1080 -1292
-755 -848 1015 -4 1284 1321 417 136 584
-1125 -1983 -994 -3488 -1529 -2425 -1920 -1896 -1639
1524 103 -182 1376 -1315 1427 -1052 517 256
436 623 222 2005 -57 -665 2381 -114 -227
1119 269 -45 -747 -981 -400 -564 -553 -515
-392 379 -140 923 232 1266 1374 355 1633
-493 826 1061 -170 -544 -181 482 82 207
749 35 647 678 746 345 631 -141 -345
596 340 14 -788 -981 -823 807 634 222
702 -319 -319 593 370 86 1335 475 -283
206 -418 -823 -108 -191 316 525 -2063 145
13 -211 -226 738 -535 -179 -238 -811 -297
1016 878 -46 559 567 -947 698 -363 688
-367 -310 -460 267 30 -266 1327 283 -353
178 -585 -794 -307 -429 -72 74 393 1098
-351 -235 468 293 429 123 783 728 -68
-206 -116 59 -151 -46 365 -398 -147 276
-470 258 407 -148 312 226 792 438 728
940 463 -336 1428 801 -416 1179 862 -142
-164 402 481 -464 -8 238 -104 269 -51
-796 -495 -242 -563 -274 -126 -384 -204 -57
195 200 -375 171 -309 -379 169 -211 -464
-181 290 490 -718 -381 -32 -799 -592 -295
-575 -761 -775 -504 -804 -605 -134 3 -29
-447 -428 -322 -106 -196 -149 -145 -102 -292
773 383 -172 300 198 -60 -77 -184 -553
-1385 -297 1029 -1417 25 1491 -783 373 1277
-707 -1005 -399 -89 -451 35 1231 1183 773
80 -210 -988 -607 -625 -1031 -951 -872 -569
980 342 -108 -227 120 1091 -2383 382 471
-2372 -1209 1659 2052 -1309 -529 -162 181 -1537
-704 -540 -522 -1575 760 -1165 615 -1766 -468
2571 1786 -1396 -703 4319 -1456 500 1056 2548
1155 -944 -115 134 97 62 -451 912 2339
327 -2217 1494 4058 -1974 -244 -1772 3445 -1641
1805 -817 648 -811 184 -203 98 -272 493
1358 -1904 1711 1349 1393 -583 -1447 1114 338
428 -535 703 -157 526 -249 811 -734 40
999 -402 -1297 -483 2651 -1158 3448 -233 627
344 591 -107 -896 1027 -746 -617 310 896
312 -445 138 668 -2138 471 658 -1129 530
-752 -768 -583 -1187 -985 -829 106 -865 865
-1315 -299 1100 -1800 -1020 2276 1496 -2340 1269
-906 -381 425 704 -146 -36 -827 1115 -162
-563 -371 -642 -732 -1418 240 -964 -897 1194
805 8 -403 768 127 -311 35 -133 -226
86 -512 -68 226 -20 383 413 -696 -191
-411 -735 -294 -792 -394 -297 -684 -772 -180
-178 -234 -26 -88 -56 -96 67 10 -300
-63 -207 -17 -18 -158 160 41 -44 189
-1069 -554 -54 107 206 377 802 553 906
1761 535 33 1153 112 20 28 -723 -310
-368 -311 -651 -507 -514 -473 213 495 443
-168 -595 -98 116 253 216 80 31 176
860 829 198 1286 947 627 827 833 914
94 18 90 33 304 134 582 673 184
-173 -79 14 230 527 525 14 222 231
-444 -148 -187 -639 -129 264 -1025 252 292
-560 373 1394 -2180 -1121 1298 -920 528 1801
589 343 -369 -719 -459 -530 -860 -816 -977
260 -378 -511 -98 -20 635 345 420 147
56 671 1377 -1261 -84 902 -2303 -1095 573
-860 -2188 -1933 458 853 873 2552 2174 2334
-1427 -1068 -143 -1076 -992 336 -131 1698 412
-932 -581 -804 1059 673 753 1531 1345 849
-490 -767 -1140 1011 -119 541 2050 1604 2167
1619 70 296 473 728 -374 -1045 -2157 -1526
-180 -230 -729 -587 -433 -1237 458 65 -1565
-188 487 -199 -356 -793 -293 484 -32 892
-404 -1038 -1252 -695 -100 -173 497 368 676
-1514 -1086 -140 -1068 -420 592 420 1653 2233
-986 -233 678 -490 -378 17 1188 1311 294
-1295 -827 -443 -689 -109 296 -1893 -1500 -625
-274 1953 1822 98 1676 2014 -919 93 -178
1116 565 -1192 -1508 -2456 -3051 1083 1909 799
-682 263 -132 -1473 100 133 -951 -347 24
484 -302 -1442 443 -567 -399 -316 997 -240
371 543 1263 843 853 1510 815 -179 868
72 -1142 24 158 -3 986 720 1233 463
-43 79 -193 -604 28 -456 -306 -95 328
144 550 1048 -650 229 140 -371 -1415 -178
-97 -1014 -627 8 -148 -7 173 -541 44
1449 -673 20 194 344 615 1635 963 293
432 -570 -173 754 16 -206 1081 -1185 -441
-558 856 987 -190 1560 301 930 312 265
-683 -1316 -1044 -451 -746 -395 242 280 1147
-376 -913 74 -2165 -1668 -34 -1448 -681 -168
-566 -1036 -403 -1511 -398 -625 -1059 -1194 -719
-497 -450 -828 -669 -981 -438 -1295 -621 -1190
-1054 -1892 222 -2472 -979 356 -604 493 1280
1401 1177 -264 2524 -582 -1373 -388 -1798 -2343
-674 7 871 441 -144 430 -346 -821 -1007
-265 -90 827 -408 1420 1782 460 1034 909
-305 106 287 -529 -494 -1148 -590 -754 -393
-296 887 911 -1273 461 440 -1073 -316 -345
554 1153 1619 541 1124 669 718 944 289
-60 -731 -948 922 -288 -680 583 -138 -709
28 -264 -248 -1046 -739 -978 -1519 -969 -1846
370 91 -1034 258 322 -1032 1169 1040 -159
-392 866 580 -527 958 1277 -1068 12 946
-285 -25 -57 -136 -201 554 87 120 1117
701 188 -810 398 512 -980 255 2 -966
150 1342 1137 866 1533 1275 -663 463 771
-383 186 1239 -1057 -960 -158 -527 -1192 -983
46 -47 218 -115 -536 -581 -9 -556 -427
-641 571 450 48 719 719 626 563 -58
454 397 -1129 496 -55 -1029 1006 1108 84
-553 5 259 -1542 -1644 -1186 -820 -1389 -1915
-655 781 626 -511 210 688 220 796 796
-288 -993 -934 -1045 -1102 -974 366 -77 -873
269 135 30 -457 -1089 -894 -1067 -604 -555
740 3 621 366 -624 -501 457 -939 -180
-86 -189 286 -419 -110 -364 373 526 541
671 473 940 -431 456 -314 -23 109 -581
351 -734 -940 168 -374 119 897 784 -818
-988 -72 -857 -1150 -1029 -1164 -1205 -1041 -1388
418 -217 448 519 427 976 776 1029 1018
-95 -1063 -701 -770 -2408 -1753 -656 -1714 -1013
863 -241 -913 1008 12 647 483 -132 681
699 18 284 -100 -24 -50 1151 1017 426
-33 -21 343 -1276 -1373 -912 -598 -1064 -680
274 395 272 602 946 719 983 642 402
-1609 -554 -188 -689 1017 366 -314 -161 30
173 85 608 293 265 284 968 976 573
-345 -293 95 -192 140 -697 1092 -940 -773
-929 -476 461 -1595 -1355 -503 -709 -700 -362
343 1662 797 189 171 272 671 11 552
891 247 -255 352 -219 -83 418 1318 370
188 563 480 -914 -171 -946 229 665 -745
399 -72 855 -461 278 380 237 882 212
334 1087 237 329 -2489 1237 -573 940 624
452 -418 -1200 219 -335 771 414 104 1140
871 47 -117 289 165 988 138 865 350
-1253 -880 1027 -241 -301 269 330 -817 751
779 484 912 -1244 -855 -350 -754 12 -345
641 357 -116 -828 -428 605 -960 -164 -570
-1066 -1355 -1405 -1327 -1787 -1302 -569 -1100 -932
-1786 -2148 -2437 -2647 -3555 -2833 -1448 -2782 -2894
-444 -1594 33 -1640 1175 560 2012 474 892
-994 -957 -667 -849 -1276 -169 -468 -1402 282
449 671 628 -9 408 -501 359 -921 -404
-1409 -2202 289 -1149 -247 -5 -659 -358 367
-1711 -1026 800 -2076 -790 -760 -349 -657 158
255 -1500 25 -569 -1682 -222 -1825 1010 814
503 348 37 627 569 1016 -101 -1281 -1821
-1385 -1940 -972 -1533 -46 -573 -471 -354 330
-1060 -1453 -670 794 -1950 -1688 -563 868 -332
2251 1873 1468 394 591 2564 378 423 2242
751 220 -716 115 986 1156 -1026 6 -400
-112 226 1711 686 979 1593 518 1076 2712
1005 -202 -1133 -385 -562 12 -1166 1601 888
40 1626 762 -248 -179 1073 -548 -1140 -1343
-293 401 1217 -1484 -781 -557 -349 88 748
-137 -37 -626 -2087 -1242 -763 -1604 -602 -644
-36 -3490 -3645 1353 2421 1363 2661 -1187 -1505
-1929 -765 -456 492 144 1598 718 767 3656
277 929 -95 -876 255 199 -1155 -605 162
-158 -161 962 1368 2217 2303 1583 1508 862
-483 -380 -1695 9 273 -412 102 326 -1300
-318 -312 -45 864 1838 554 118 823 1424
1661 752 59 1047 -198 -1425 -32 156 -262
-1264 -1192 -1839 483 -1192 -2082 171 -667 -2334
-493 953 867 -995 521 1736 -1364 -2707 -867
-1647 -2691 -2148 1205 -731 -2037 1338 844 55
26 507 683 382 -200 -527 776 1175 105
-367 -806 -415 -134 211 72 627 736 -39
-112 -1174 -584 949 635 1020 938 171 -30
-366 -720 -864 987 1680 972 -792 1270 1328
-364 401 923 -251 366 358 -982 -455 90
-2817 -1076 -380 -2145 -2291 -1588 -1090 -921 -843
61 1405 1171 -813 -2512 -1590 1440 739 870
811 266 -1123 126 699 -536 323 1650 771
-1215 -809 -514 -1102 -2368 -2297 -1315 -2437 -1709
1964 1569 1881 3539 7933 6534 4178 -11498 -422 -1787 1394 127 3917 4827 4859 3749
-932 895 804 926 2652 2259 915 2565 2113
170 313 -533 288 726 595 -285 75 369
-447 -142 -980 -387 328 -431 -725 79 -617
507 781 -170 872 1115 -395 -387 1366 647
-1128 -474 -27 -374 243 420 -421 -287 353
-57 277 813 -144 -241 408 -479 -577 -408
-11 -517 -145 67 -613 -144 -178 -932 -690
-376 -814 -174 -444 -668 152 -22 412 559
246 136 -563 1045 1180 700 -57 434 522
-9 612 343 400 1101 626 32 636 225
-715 145 24 -138 459 725 -47 775 470
-546 -648 -741 266 59 -1178 286 681 -544
-161 12 -43 -858 -1036 -487 -13 42 29
180 -296 719 -105 -618 -60 245 -181 93
859 352 -249 273 1260 1576 -544 741 1141
-268 686 -84 -870 664 589 -1061 -380 -148
-1179 -700 -623 -562 -836 342 705 977 499
1207 -143 972 329 310 -532 340 -105 -255
20 -459 -1187 -631 187 179 219 596 -255
447 554 -619 -1351 -2452 702 -288 1296 126
-646 -300 940 1001 775 399 245 46 -101
-542 725 1799 1543 1865 -1911 340 -1556 587
674 -249 -283 -866 -455 -198 -518 54 162
533 -1048 1017 -419 907 51 1072 -571 362
446 856 87 -352 56 327 -754 -72 -522
-321 508 -157 323 -630 -378 81 518 -142
2234 -1780 446 -2115 1630 310 431 -1447 -359
-245 -81 318 382 -30 -489 149 344 433
-982 139 148 347 1080 -1143 -450 -895 461
-2236 2182 805 3312 317 -1690 -811 -2675 2222
-2630 2869 1266 3339 272 -2217 -1046 -1594 1268
1159 -442 -647 -1904 -878 1011 -315 936 340
-796 -414 -523 7 347 -170 69 430 85
-852 -559 -757 -940 -323 -268 -855 211 253
72 945 -227 677 1566 432 1323 2337 1513
-878 -905 -1733 -122 357 -537 817 1228 770
171 326 767 586 801 1139 1160 1512 1721
-927 -1241 -1448 -114 -404 -687 246 -203 -373
251 -56 131 615 663 750 411 715 754
-102 -705 -317 -177 -646 -281 -4 -490 -272
109 478 452 74 395 323 -173 -303 -374
801 176 -111 911 54 155 810 41 426
-69 1084 -149 -40 909 240 -1104 509 110
-202 -326 -924 308 389 167 -641 -396 -788
-208 -239 -348 -74 -82 120 367 735 973
-379 -114 567 -1400 -772 -251 -1470 -686 -731
-469 -575 -1265 133 176 -1269 -831 -412 -1790
-343 883 -510 -169 515 -525 -274 369 -1035
1586 1088 -203 41 -625 -1370 -714 -939 -1305
144 1541 2070 -922 27 981 -999 -687 -371
-598 -562 -86 -409 -396 -334 -927 -405 -516
1163 1705 1222 2255 2150 558 921 869 -754
-239 -1353 -877 -410 -56 952 1100 682 713
-1210 -638 283 -301 -700 634 -347 -125 1228
296 225 -749 -828 -867 -831 -280 87 666
686 353 61 294 -978 -958 -277 -593 -689
-1275 -753 320 -109 283 1112 25 720 739
892 407 -1039 773 -37 -634 -11 367 448
775 721 -212 -1623 -1372 -1404 -1879 -1194 152
949 1079 55 1721 422 -1205 867 -997 -1452
-812 1220 1023 157 961 83 1126 766 -419
-240 421 952 1005 716 1116 417 338 251
-543 -326 140 488 1018 1560 656 960 637
738 -235 -2144 -116 -1993 -3014 -1382 -1514 205
-946 -925 -286 -1221 -1311 -687 -774 -830 832
1227 430 -1002 820 -87 1195 -608 833 -256
854 896 -321 1015 -77 -1252 315 -729 651
-1055 1019 516 -379 -1390 -1147 -1478 -1090 408
480 451 -765 -819 78 586 747 -266 772
1175 -2239 792 -1136 1052 2333 -128 2622 -2700
984 -555 -950 166 -813 -579 -89 -1124 -312
187 -117 -725 -108 133 1453 74 1141 368
-111 553 86 -418 -710 -83 -906 -1123 995
-1849 -551 12 -1100 -116 53 -580 22 -351
671 1390 -640 2395 -2581 2070 -1278 1231 -2275
-1049 -857 -634 -359 276 799 -290 -10 527
455 -1256 237 -1696 260 864 -119 1070 -1601
964 -1844 1491 -2046 4064 -834 2152 -291 -2195
827 -2285 2467 -1732 2810 -1040 1558 192 -1605
320 983 -230 183 -1951 541 -1121 -486 184
-592 -545 -72 -383 -661 -124 444 525 700
-231 -67 658 -73 240 1337 560 884 1537
-202 -243 -820 -324 -165 -558 125 322 162
1317 917 472 623 376 106 176 116 -102
-470 -124 35 -470 -389 -473 -299 -281 -540
254 -49 -298 -136 -558 -623 -666 -826 -657
305 777 716 1284 1445 929 992 800 -71
149 -17 -97 -22 105 -259 107 -87 -283
315 409 -31 185 275 78 -668 -253 -491
-534 -239 -72 -566 -270 503 -322 -41 221
618 95 -479 -546 -1114 -994 -856 -1398 -1213
501 -146 -310 110 -683 -654 -1254 -1384 -1106
425 728 249 217 394 -27 -772 -401 -754
-426 -417 -420 -136 -378 -322 -73 -333 -164
241 -178 79 34 -381 24 -40 -293 -53
-281 -763 -384 61 -23 -274 688 458 356
-1027 -1485 -1242 -727 -1752 -1424 63 -1165 -937
-329 -753 -1459 108 -132 -720 -176 -224 -969
-189 -405 639 -335 -571 59 -612 -841 -326
-515 -1182 -1088 -473 -875 -974 149 -617 -250
160 36 -208 255 -180 -294 379 -363 -802
-147 -344 0 -389 -402 -63 -38 295 616
-721 -536 -935 161 757 490 -296 731 434
106 14 26 369 184 319 461 431 389
-46 797 99 652 1633 991 31 1269 795
-148 -299 422 -125 -739 -667 119 -919 -1103
-1088 -1667 -978 -247 -1319 -568 -55 -884 -110
-692 71 567 -1142 -295 181 -1134 -541 -17
-553 -148 -121 -548 -210 -181 -831 -795 -440
-1113 -1330 -1369 -129 558 360 346 281 449
-467 -1250 -605 -93 -1247 -414 524 -715 -1155
-631 -738 -24 628 428 194 897 437 -563
578 -1376 -587 -167 -1031 253 -705 -289 1091
1325 272 -596 65 -55 -125 -683 42 134
-37 628 -838 286 -180 -1826 207 -891 -1486
-871 13 475 -491 203 790 326 -17 465
-944 -661 -383 -1009 267 741 -1197 158 1200
-127 -321 352 409 -622 -193 -49 242 304
-1940 -1527 892 -2697 -443 2355 -959 1661 2867
36 758 68 466 34 -38 493 -208 -405
576 -703 -1135 58 -570 -652 -713 -1300 -676
1310 1132 347 1176 211 -364 -72 -364 -1210
2212 1389 -2128 2043 -531 -2855 2 -1735 -1725
-803 561 1426 -466 323 1678 834 290 1111
-2738 83 1634 -2456 62 670 -960 181 -127
980 -671 -1611 1211 -945 -1222 476 69 -577
1199 -161 -884 1010 -473 -1579 -252 -1395 -857
-245 -468 -80 -1190 -955 581 -500 -62 821
168 95 153 9 -351 -412 -253 -984 -1351
-211 -1222 -1379 -694 -1221 -1153 -659 -755 -1006
987 244 -621 360 -403 -1089 -228 -456 -1077
-767 196 165 -135 272 -74 1069 913 286
-572 -315 61 -821 -154 505 610 1207 897
-2585 -958 172 -3236 -1197 158 -1826 -371 699
-437 -34 530 -420 31 435 -146 352 463
-251 -377 235 -39 -823 -550 -198 -724 -496
-137 231 391 -959 -406 -313 -1607 -1069 -1004
-130 415 102 -505 -407 -69 -381 -139 -9
-942 -76 -351 -885 -30 0 -1516 -286 254
-692 -562 -1067 -727 -1000 -1418 -1005 -1220 -2127
341 878 190 417 331 388 1003 889 388
-435 -928 12 -231 426 841 -287 123 827
-780 -906 555 -2152 -1023 -44 -1250 -192 348
-1456 -544 -2 -1206 -882 -1050 -1021 -200 -294
347 501 637 141 371 409 -139 69 -25
438 -56 72 268 -256 -366 272 89 -76
177 110 41 -134 -40 -35 -360 -394 -506
-523 -342 520 -559 -452 -138 -665 -592 -527
-286 -221 85 -519 -660 -148 -538 -839 -726
-358 -442 109 -378 -650 -427 -867 -1141 -647
-89 204 94 -141 43 -41 50 -79 -378
-102 479 413 392 1270 811 547 892 430
-645 -118 326 -668 -361 174 -632 -506 -92
-219 -879 -838 -389 -681 -556 -157 -553 -707
366 112 89 -19 -99 -355 -122 -52 150
-1061 -654 200 -936 -512 -94 -309 -170 -282
-455 -270 278 -721 -408 -235 -596 -608 -221
700 1155 654 1027 959 544 154 439 183
-150 93 -123 -190 -406 50 76 -233 123
-318 184 569 -274 277 730 -222 343 304
503 -239 -1253 320 -609 -1398 -287 -933 -1018
-227 -586 -143 573 462 990 -140 -11 -367
-306 -405 -836 -487 -176 -565 -718 -319 -185
432 708 243 878 436 -221 696 -81 -240
1983 2271 879 2843 2654 219 1244 284 -2519
617 1133 -254 1946 1319 -812 1379 779 -1213
-959 -1146 -948 -556 -906 -697 -162 -187 -308
-3 -75 182 -756 -731 -209 -434 -791 -153
-470 996 1481 -368 491 633 209 575 12
-214 -190 344 -273 50 1008 469 704 1602
39 -76 66 -511 -266 829 -266 964 2078
-465 -388 -344 -1173 -918 -635 -770 -617 -413
-222 13 -365 559 54 -809 461 -280 -1331
-99 777 632 -1046 -372 135 -2207 -1384 -518
-436 311 240 251 656 -57 730 1234 612
567 391 -1135 334 -265 -1049 -393 -762 -676
299 4 348 -180 -300 -227 148 125 -265
507 275 -565 -268 160 583 -499 -399 253
381 392 470 -870 -1102 -831 -435 -332 -54
11 -519 100 -170 718 921 -370 -482 82
-23 837 1050 -689 -60 -449 -52 11 35
-717 -364 -583 -537 -283 -470 526 467 523
-44 294 494 191 351 -555 242 100 -547
-117 188 593 -106 -471 -357 -644 196 -68
-426 -494 -370 340 326 421 -98 141 301
-931 -1254 -1416 576 617 1169 -188 -375 -360
580 401 792 496 700 190 -542 -851 99
-385 -649 -514 -189 321 416 -142 154 446
-842 -385 -331 -6 196 -16 519 911 387
348 -525 -892 -106 -814 -509 884 1140 905
1951 1723 -482 -2475 -3849 -1718 1242 2363 1453
-1318 -1577 -440 1044 1848 1327 -373 -736 -1022
222 2 308 -75 172 1067 -395 -1156 -879
280 291 -348 20 247 -190 312 647 557
87 140 545 -392 -264 342 -1547 -2238 -2060
-196 154 239 411 43 -655 433 650 661
282 101 -592 57 459 1033 -659 -518 -174
-476 1 -343 177 538 -59 125 -90 -141
79 -280 -282 351 84 20 522 -20 -527
23 -62 -130 -150 -175 76 -107 -766 -465
-631 -539 -723 64 -83 -311 1310 978 378
-178 360 344 -380 -249 -856 -2 814 1319
418 141 -827 1024 1281 530 -14 -149 -40
-143 -185 211 -616 -277 -511 -345 625 763
-680 855 764 -1054 -689 -159 -117 654 248
154 163 252 -324 -931 -1505 188 -190 -396
431 -57 -451 361 971 476 -1549 -2938 -1982
-462 407 485 19 -1024 -1429 1041 1597 1255
-42 360 -28 -163 180 -47 -663 137 103
-504 104 567 -54 1247 1335 455 1639 1426
243 235 -978 108 56 -696 -221 -196 -1206
-99 -353 -1014 56 -280 -1000 271 -141 -919
1242 632 -394 580 284 -805 374 203 -587
581 -67 -295 1624 385 -309 1479 157 -43
82 305 259 211 243 224 -398 -82 182
-673 -851 -291 -1121 -1511 -1472 -838 -1160 -1089
-77 181 -136 56 292 164 -91 159 182
-791 -964 -951 -571 -678 -903 -26 -460 -288
-170 303 649 -122 493 532 -954 50 404
-491 -748 -1399 -459 -732 -754 0 -4 -36
584 -326 -632 376 -141 -650 1005 159 -251
-868 737 1130 -189 790 1575 529 1364 1571
-239 -484 -514 306 17 535 250 656 491
-83 -393 -275 -667 -489 -679 -975 -355 -103
-647 -325 -614 69 -89 -773 750 693 -172
524 -430 -1059 -48 -353 -719 111 220 464
-1571 -836 -656 -1830 -1425 -907 -736 -339 -240
-207 105 653 -330 -210 -266 -31 3 -914
-734 -993 -639 -1196 -1095 -196 -613 -917 -79
85 -467 -197 -301 107 -336 236 372 221
-767 -769 297 -222 -648 84 438 109 382
-1337 -1166 -257 -1215 -1494 -916 -539 -1147 -830
-859 -584 163 -1020 -486 261 -725 -374 185
-633 -578 -30 -1108 -1360 -761 -1030 -1282 -565
456 320 -121 -219 -69 -376 -131 508 618
160 706 897 161 267 46 481 609 -167
-1212 -1915 -392 -1156 -1625 -664 -1013 -1425 -321
573 667 302 128 672 -416 -281 -448 -1279
259 569 419 105 630 245 419 379 220
-1393 98 947 -666 391 1106 481 331 589
-1416 -336 630 -966 129 1055 -1191 -404 723
296 -204 89 496 54 24 35 -830 -1176
408 -32 -675 63 -531 -1390 682 569 -730
-1100 159 1232 -1905 -1571 77 -1837 -1831 -812
1270 1672 1156 -153 403 301 -1683 -1788 -1282
2672 2585 1615 504 215 529 -1539 -1647 -1316
1826 1942 2019 -167 -155 -122 -1228 -1174 -1099
-744 -916 -830 -451 84 614 -155 551 1127
-435 -1057 -1819 1008 687 -408 1436 1467 830
896 396 -1452 1801 1291 -750 1518 1258 264
1319 -142 197 182 -440 -315 410 163 319
-1507 -1452 -1464 -59 -58 -319 248 -309 -382
-543 39 -656 -499 -117 -871 37 -303 -1204
-1232 -1249 -957 -603 -791 -585 417 26 -454
68 -187 -7 169 -237 363 481 -51 15
1805 1235 1428 356 382 843 -1115 -377 377
-1265 1461 2864 -2325 -419 1058 -1890 -921 -210
-173 -1026 -1420 490 -887 -1397 98 -817 -1281
1031 -346 -648 862 -27 -232 373 495 475
47 577 -225 -233 -684 -1171 535 52 -452
133 -436 436 -20 -1267 -408 -46 -1076 -1279
-858 -671 -1030 -536 -201 -852 -527 -530 -137
62 498 571 -215 -40 -53 -591 -322 -837
-663 405 500 -146 284 709 -484 45 131
378 116 407 104 83 468 -377 -170 174
1050 1006 -154 1239 1209 921 529 431 692
757 -558 -904 -534 -153 82 96 991 2217
1701 1065 -903 857 581 -1157 770 316 -1040
189 -303 -544 -712 -1366 -1708 -426 -1571 -1778
702 590 390 514 196 111 20 66 115
-878 -477 -719 -792 -6 247 -4 282 647
-1550 -761 -641 -808 -456 326 -1004 -554 334
-20 -192 87 -109 -127 -19 -29 -91 -132
60 300 -296 -13 -353 -943 -194 -566 -1319
-164 -469 -1077 -544 -900 -1196 -757 -984 -1212
-138 124 -13 -402 134 712 -362 -61 417
-378 -67 -269 -301 112 -78 -487 9 -107
-271 -339 5 139 369 439 -36 588 316
-407 12 -380 -336 194 -137 -391 189 -219
-621 -956 -687 -703 -1037 -1027 -258 -334 -404
299 133 -159 -154 -151 -76 -208 42 17
-501 -728 -631 -851 -1520 -1149 -884 -1531 -1521
319 -229 -127 -73 -385 -192 -370 -170 51
-474 13 289 -506 -380 79 -143 -442 -267
-2 179 265 100 505 393 -260 38 40
-280 -390 -84 -583 -326 -483 -283 -117 -272
130 459 546 -361 -43 191 -734 -541 307
-116 281 846 35 818 1270 413 695 437
-574 -1248 -1092 -520 -1395 -1519 -694 -858 -1171
-404 545 -304 -1369 -770 -1127 -1532 -1714 -1433
-249 -49 227 -158 55 121 516 535 -17
-106 1042 651 -156 989 771 315 176 1066
330 -108 199 404 -487 -3 -816 -1265 -810
270 334 27 10 -263 -88 -406 -378 310
-108 -505 -868 -888 -1102 -1551 -1473 -1233 -1522
549 51 -165 -76 -57 336 -229 -110 208
99 -776 -601 24 -816 -732 439 -418 -207
-723 1038 1363 -764 618 1226 -283 765 786
927 914 673 -420 454 674 386 195 -76
-282 -304 -829 -354 -736 -1073 -811 -1144 -1271
-2148 -1489 -102 -1760 -1107 -232 -1234 -1291 -364
563 1002 901 663 895 873 275 704 -135
-798 34 579 -226 427 823 701 650 957
129 -382 403 259 -221 -409 403 74 -197
725 311 -257 474 630 131 -245 -348 -258
994 492 -176 275 358 232 -470 -888 -558
-94 8 -300 -526 -512 -877 -657 -1060 -1038
-506 -890 178 1826 644 777 2002 1606 908
-200 -319 148 -191 -393 -564 -489 -479 52
-1697 -1758 -938 -365 -633 607 1187 1359 2137
575 584 128 323 512 -169 847 523 314
1135 1731 558 913 717 413 -91 -576 -473
-17 -137 -248 -633 -1442 -1230 13 -1049 -735
168 405 -48 -944 -1127 -362 -1586 -922 -9
1008 1222 1303 -46 38 993 155 -311 652
508 611 -637 -664 -647 -1436 -1610 -907 -879
146 398 369 -1309 -1549 -805 -1288 -888 -734
-1352 -1029 -258 -2109 -2647 -498 -1300 -1708 -642
-256 -636 -1199 127 215 -176 -251 688 1870
-634 -1091 -329 260 -719 -401 602 374 -438
-273 -1139 -1269 567 -89 -418 858 909 800
467 342 -147 1744 1084 576 1412 636 46
-32 -134 -491 -609 -482 -892 -675 -812 -885
810 292 -289 528 588 -216 154 49 -522
-1156 -773 -807 372 550 -649 -213 -81 -943
-387 -578 -582 731 107 -593 163 -673 -1393
843 650 446 -469 -926 -581 -2682 -3063 -1969
204 751 192 270 536 -210 -170 -238 -1
-727 -810 -226 -976 -1477 -1328 -520 -1259 -1595
77 432 -158 747 947 104 1015 911 425
62 -24 72 -1129 -1266 -963 -109 -320 -91
10 1517 1859 7 1032 1906 -100 212 1362
-209 -83 -307 745 491 -575 62 -288 -1213
-169 259 1062 -91 139 375 258 79 -345
-841 -1255 -1249 -586 -1240 -1255 484 33 406
480 86 -32 701 753 280 633 706 373
-831 -27 1500 -1301 -941 890 -1853 -2022 -288
92 526 -168 404 15 -38 -648 -889 -892
235 -136 22 -531 -756 -180 -705 -684 -255
508 408 -328 422 186 413 -237 424 1128
-370 63 -22 57 -912 -806 330 -443 -223
-712 237 304 -118 182 202 -335 328 480
-1903 -164 1302 -1378 910 3067 -733 1683 3010
-140 6 386 -99 300 808 -567 125 304
1902 1727 1460 143 229 273 -1368 -1839 -1606
48 344 169 20 507 491 -49 -148 -212
1143 1690 1839 1218 1984 1905 1365 1384 1406
-239 537 263 -378 710 1502 59 656 1247
525 -25 34 -201 443 665 -579 -699 -932
333 -466 -488 77 182 -64 722 715 757
143 542 732 -509 488 221 -969 -671 -131
-693 -807 46 -609 -1147 206 1047 124 -564
-784 -771 -603 -847 -711 -749 96 129 339
127 701 246 1184 1310 429 339 569 -306
864 705 1022 207 107 386 -201 -346 241
-936 -231 386 -686 -92 74 -483 -389 -210
-673 -90 249 -892 265 423 -895 373 452
-666 232 1503 -622 298 1606 -842 7 691
-1904 -976 -976 -248 479 546 599 1069 739
-535 -777 -1196 -14 -591 -1120 280 -513 -332
-614 -461 -243 -656 -181 -246 -326 13 -158
-144 95 58 379 184 -78 -66 53 -90
-278 -1172 -1153 179 -527 -333 42 -94 1135
-167 379 204 -769 -533 -483 -874 -983 -1071
-718 -438 -197 -659 -57 551 71 26 317
-585 -1064 -1831 547 -218 -492 955 782 -82
286 377 455 455 -4 863 -326 236 -38
-1840 -700 241 -1468 -678 279 -779 9 381
-705 -780 -604 -783 -363 -769 -476 195 -340
-1034 -16 604 -221 1096 -74 44 855 389
665 -514 -1543 -144 -902 -1082 -590 -454 -291
619 -560 -875 146 -269 -25 -485 -158 864
-144 704 734 583 375 -730 895 -189 -1925
1182 -362 -1373 267 -678 -846 -597 -365 -32
410 739 321 -236 35 -784 -919 -962 -1186
-419 30 -351 -350 -147 -472 -493 94 -954
1927 589 -812 229 -730 -812 -834 -1425 -447
746 -375 -992 -383 -508 355 -375 -676 706
-1329 -1681 240 -1874 846 1627 150 2612 1483
251 431 1192 607 221 154 231 -406 -347
1675 1005 -757 1435 102 -1477 -165 -1145 -1509
2147 548 -1204 1387 -1325 -1419 -1096 -1660 -290
488 257 -660 518 -129 -1258 79 -677 -708
-86 343 1142 -1068 617 614 -184 996 -177
-1181 -419 -422 -683 258 169 -788 -278 -126
966 2064 -1956 1587 1107 -1633 635 -740 -1102
-533 -153 -14 265 464 -461 1512 486 -1100
-95 -387 609 -1124 -281 288 -161 197 -738
745 692 -949 417 -399 -1799 -643 -910 -241
616 -28 -892 408 -192 510 509 649 151
832 472 -823 679 -555 -1245 -279 -1695 -1263
324 227 171 253 260 143 96 -203 188
-1161 -1804 -1169 -1830 -667 608 -526 599 1311
-682 -86 -920 -1043 397 -114 -130 64 -563
-1479 1003 1014 2364 1961 -451 2348 -1433 -2868
139 91 323 -375 -464 -212 -412 346 552
844 462 415 -140 -1071 90 -1226 47 494
486 -2017 -494 -1106 -2155 1625 -1562 1880 1251
616 -298 -326 -266 -1320 550 -271 379 -133
-298 319 423 101 322 -935 933 -694 -450
-797 -664 316 -1067 -1203 -753 -856 -928 -866
320 -84 -588 139 -236 -699 5 19 -353
-217 -450 -1415 -583 -675 -1167 -376 -547 -1142
116 428 -170 493 759 50 867 1403 480
654 -588 -1311 249 -835 -1565 646 -127 -682
47 -374 -1078 308 -44 -751 788 1126 447
580 783 259 -99 -41 -290 -745 -355 168
403 481 414 898 735 229 437 747 77
123 -123 -73 376 -342 -442 119 -407 -662
-990 -679 -394 -1398 -1194 -903 -532 -918 -798
-882 -143 58 -801 0 498 -711 -60 347
-546 673 832 -501 28 1013 -53 -129 716
-109 -528 -989 -140 -351 -1054 729 463 106
665 1308 1332 -27 -129 1216 -658 -529 633
-141 -620 273 -243 -400 -134 -81 -122 -289
-240 -978 -1346 398 -1138 -1454 644 -518 -1363
-1577 -103 2033 -1123 -1513 -555 619 -918 -2060
466 667 -604 -758 -426 -557 105 -552 -319
162 -345 -607 67 -352 -1313 168 -101 -575
934 133 -996 1834 738 -611 448 2091 1139
-1583 -490 1546 -107 -1931 220 2400 -341 -2159
330 1006 1050 -1431 -445 1292 -832 -869 -322
-1278 653 2073 -1532 -734 816 -190 -1355 -721
336 71 36 -750 840 912 -733 -375 381
-80 -1262 -1334 -74 -748 -1321 1637 1024 -326
381 307 -308 10 28 386 -1594 -709 -272
-1275 1240 1717 -1682 -713 815 152 -1763 -1606
-138 -512 -366 1052 226 268 494 519 878
-211 -586 -46 1239 585 -1097 -1002 -1035 135
584 -926 -1152 1509 224 -2018 941 1664 672
-1328 348 905 -745 -1443 -12 1876 -108 -1901
1254 -442 -1780 1811 1982 -287 -1008 698 1556
-672 363 -14 -992 -515 271 -418 -169 920
-811 -232 -935 -537 -116 -2407 82 -569 -2586
-251 -887 -666 -360 -1136 -933 445 177 -333
2249 351 -1551 2093 869 -1168 1705 1606 -483
2856 -678 -2242 2998 -450 -2827 3196 1323 -1513
1874 -427 -2887 2094 -934 -4329 1673 -737 -3776
478 -788 113 640 -863 -641 1339 200 -787
-827 -78 1129 -536 579 1596 -256 574 1291
-68 -955 -488 425 -449 -1007 1328 19 -1421
710 -473 154 1030 -445 415 452 39 -112
-779 -625 499 -700 -780 189 -521 68 1293
514 20 -1291 664 334 -927 -262 410 -266
1540 -249 -594 2103 -304 -1746 2517 684 -887
-2126 36 1376 -2143 -295 1522 -1804 -244 1209
1790 -598 -1641 1220 -98 -988 1031 206 -403
899 -140 -367 631 445 -790 1162 727 590
-405 -1166 -1347 661 -47 -720 1285 701 -221
-1777 -1451 -560 -623 -361 -153 79 376 240
-609 -622 -661 -675 -705 -649 98 99 27
-1066 -1356 -804 -1026 -1092 -871 -159 -427 -712
219 318 569 -713 -595 -305 -879 -1136 -802
74 1013 959 -861 349 756 -718 -132 -24
-2 -190 -1137 241 321 -211 -213 326 489
-223 -578 -1069 70 -719 -1159 804 455 -484
73 285 -45 -337 212 462 -767 -114 381
-585 -210 -486 365 333 51 1098 938 892
-375 159 -16 368 184 111 489 53 242
-581 -1179 -787 717 459 650 979 1002 1034
1352 940 867 688 1514 1796 508 1435 1559
1160 1400 661 460 543 93 -340 -1061 -1110
-662 -262 -106 21 425 445 831 965 31
446 -49 333 -131 -717 -394 218 -451 -147
-33 -375 -650 476 580 122 -381 365 430
-927 -1022 -908 -1543 -1770 -1719 -162 -734 -1149
-175 -334 162 -186 -378 -542 -356 -724 -1071
158 466 1031 165 341 1031 -217 102 -119
-284 110 1094 -233 -434 -33 -323 -635 -736
-644 -123 627 -351 -845 54 -373 0 12
-1 -117 10 393 -93 -91 529 -147 -1155
1170 1883 644 1502 2283 2103 790 1715 953
158 628 1064 -228 31 273 -823 -1317 -841
-581 -674 -469 -581 -940 -693 -312 -168 -656
-390 -1234 -699 710 62 -687 391 597 -339
935 463 200 365 615 194 66 146 -111
307 505 289 -640 -22 228 -687 -734 -297
338 -603 -1401 -97 -289 -244 242 -415 256
194 -700 422 1544 936 -821 67 1622 734
804 1243 137 -289 1097 1661 -662 -765 323
846 203 -1660 379 -83 -1820 -277 -703 -1963
957 1229 1000 215 739 374 462 -224 -673
-810 -604 -635 -1020 -722 -474 -506 -116 -30
-1018 -1729 -459 -1593 -1174 -667 -1142 -862 -434
-1522 -1009 927 -1386 -246 2020 -353 866 3081
-1351 -301 1407 -1931 -299 2064 -954 662 2992
874 -498 -679 -99 -726 -477 -414 -461 57
798 788 -97 1390 526 -965 931 -564 -1080
-473 94 3 -494 377 859 -833 456 932
-634 -498 149 -557 -843 -312 -19 -590 66
1079 1052 327 1052 764 -924 1317 511 -656
803 -777 -865 201 -904 -1250 -332 -942 -1701
-1236 -1210 630 -932 121 1498 -81 793 1904
1549 952 219 638 -79 -586 23 -620 -1349
-481 -579 -21 -509 -818 -253 -508 -430 -138
-648 -484 400 -942 -311 129 -693 392 361
11 378 517 277 377 267 40 -49 -372
-97 -172 -318 -353 -538 -400 -43 -102 29
148 109 -75 21 -65 -339 -709 -733 -735
848 499 -133 887 1259 1084 -204 422 878
412 173 205 864 557 587 113 194 200
280 332 93 1343 1517 925 1230 1464 568
-43 -207 -403 307 106 37 182 253 299
8 110 217 -603 -588 -212 -373 -428 -236
-697 -296 -143 -1170 -571 6 -1304 -827 -300
23 -221 -220 -59 -264 -294 566 -68 -318
261 63 -86 -66 -162 -212 -566 -168 -104
95 264 -21 74 601 1023 -466 258 1203
411 37 -168 1218 789 565 340 480 437
-234 -321 -45 -504 -293 -89 -317 -243 -472
-140 26 -306 100 453 523 412 713 194
-212 38 221 270 656 793 1093 1300 1010
-9995 -3081 -3149 -758 1834 3637 15065 6627 17762 6810 -1496 -788 2953 349 11080 275 5036 11042 8707 4448 4791 -13087 6559 6961 5666 9943 4607 2548 -878 2620 4220 -9191
51 8 -227 -72 -255 172 -315 -370 -48
74 296 485 980 998 775 1202 671 621
427 124 223 -188 -577 -341 -47 9 174
-234 228 739 383 33 459 639 -63 365
656 541 672 707 947 875 1108 410 208
-190 463 1314 655 777 338 590 -41 -515
-107 423 708 208 247 339 -343 76 319
76 -363 -311 -46 318 383 -237 333 236
-59 242 -324 -204 317 233 241 1020 321
-232 682 390 -424 760 281 -1 1604 457
343 439 1107 1363 569 1204 588 -277 178
-173 -352 -320 289 320 -22 -29 -639 -1039
-568 -652 -691 -742 -1030 -1379 -1081 -616 -1290
32 286 1038 467 400 882 1744 666 830
-557 -42 -557 114 132 -321 177 -228 167
189 -47 190 -402 -139 535 -403 -271 -228
-1151 -1128 -1271 -911 -794 -189 -689 -183 226
293 -33 -755 233 -101 -711 -5 -443 -764
-213 562 146 585 985 702 -69 726 1044
807 831 668 434 -184 -150 -701 -590 -499
-380 -226 -49 -666 -419 140 -252 -126 296
816 898 1342 -183 950 427 -1118 288 428
623 -56 474 485 358 453 215 -173 -5
93 839 1281 799 964 1188 371 824 478
274 1040 863 892 1480 1088 985 859 629
-1028 -789 -680 397 449 161 192 68 400
-1447 -1016 -1194 -1578 -1726 -1425 -469 -839 -1395
-1047 -503 -758 -658 175 65 1122 582 190
46 -365 -6 -57 144 133 -579 -226 -404
-1385 -771 -1248 -1013 -424 -1029 -737 -1102 -647
370 80 642 -502 -266 34 -257 -98 -819
447 401 236 524 -144 -621 464 -213 -862
495 713 271 779 867 26 125 101 -823
1000 968 368 1147 25 -449 559 -407 -906
-592 -474 -566 1454 1547 2001 1940 1532 2048
10 421 173 -539 -905 -546 -1604 -1490 -1516
1015 748 521 1274 -136 -411 197 -333 -1145
390 268 519 26 -62 352 -1312 -1205 -730
484 718 1326 703 680 529 -1481 -1441 -1473
1 172 -701 516 1059 -135 -197 -339 761
-716 -881 -291 -214 -456 473 480 -566 674
-24 1060 536 300 1160 275 -2210 -1694 -2069
312 -426 -227 870 685 1180 -148 -341 40
-115 -516 -600 -1107 -1818 -1441 -876 -1227 -701
-1623 -930 -329 -1666 -1536 -1087 -862 -1238 -1441
474 814 1226 1252 691 127 -855 -413 -1782
764 282 680 892 992 733 1093 1397 683
-1240 -822 -134 -738 -679 -308 -1069 -1744 -1668
233 914 203 438 842 240 220 737 -380
423 208 549 467 476 701 -1147 -1054 -687
-327 -594 -850 -49 -15 -766 -518 -203 -618
-28 498 747 -149 -205 211 140 -332 392
-772 489 -362 -465 731 -603 336 -363 -303
669 1584 494 337 1038 926 -1265 -873 -311
464 -274 427 -121 -102 298 -378 -311 308
908 -160 -845 619 -513 -2004 -470 -1132 -2267
904 464 -1078 753 -401 -1932 -817 -1014 -1732
949 824 863 607 162 285 317 -138 -163
-635 -66 350 -1975 -838 222 -1662 -1770 -486
-1090 129 -116 -114 706 296 979 1009 161
-219 467 510 -395 -799 36 -372 -885 -348
551 1759 1991 -778 394 1449 -2051 -1673 -924
-1110 -469 47 960 1117 409 1935 1617 853
-68 -85 -307 360 349 656 816 186 638
-428 -177 -138 -409 111 1095 -345 397 1207
19 527 457 -800 -204 312 807 309 225
61 -181 -323 182 -45 -121 65 85 100
-395 -579 439 86 282 1453 1163 711 -760
60 473 1123 -660 -463 867 179 442 -236
147 637 280 -196 348 -313 201 73 -60
-175 -661 -881 -981 -583 -627 -762 -154 -49
-211 354 316 529 451 -79 420 -110 -513
-156 67 -27 -919 -1111 -1029 77 -414 -851
899 -20 451 -457 -748 -1224 -327 238 -1294
-971 218 772 117 237 503 173 -860 -1328
-744 -417 -621 -1017 -710 -596 -624 -564 29
-663 -753 -1778 -515 -970 -255 -1731 -631 621
-1443 481 2474 349 551 1197 1316 -298 -1243
301 75 -8 662 266 203 -259 604 153
-415 52 -180 -603 119 265 156 703 1426
1358 1432 1570 -74 -20 301 -1205 -549 -1521
177 -285 -369 1069 977 816 659 1341 952
315 1844 1479 -447 -51 280 -1788 -1766 -1139
307 225 856 131 1758 1321 -786 764 709
430 504 607 538 992 458 556 -140 -56
-153 -5 139 321 711 275 174 675 65
-377 366 1100 91 238 972 -121 -211 -805
-958 -155 1424 -781 455 901 -242 14 43
-544 -122 997 -1111 -228 185 187 -11 -664
694 -214 1260 566 60 243 1229 799 101
812 -332 -141 610 494 108 -878 44 852
488 -245 -400 125 -817 -1320 -1035 -932 -367
398 432 -365 203 761 836 897 727 1709
1173 614 41 746 728 -917 -1013 766 1455
-101 176 1444 -1578 -262 961 -569 -109 -35
840 569 136 -259 -647 -310 -663 -412 -7
-1084 -1927 -192 -875 -689 -462 -77 -440 -745
661 -1447 -951 1204 -685 -1035 1089 1038 -135
-753 169 -423 -838 -135 -477 -986 -439 -1011
353 -341 -389 -530 188 -443 -708 -366 -455
945 -2113 -1838 2076 126 -1954 1340 1409 307
-50 291 -1040 1126 595 208 -582 -723 131
634 -490 -732 -874 -2057 -1346 -2892 -2054 -2067
-825 -2226 -1286 647 -1309 -435 121 451 -83
-1189 1530 621 -1895 -505 -882 -2452 -589 -573
-1038 -1715 -980 799 -1292 1392 1526 -418 781
1621 454 -443 -219 -577 -989 -1458 -328 437
-344 -138 435 -213 -70 -785 -670 1062 -329
-476 -29 1005 -1239 229 464 181 -158 129
288 -976 -1655 1099 -812 -898 627 -1233 -725
-276 -887 907 1871 507 2248 1768 335 805
216 -381 192 -222 1395 2130 -464 1139 43
-863 -1828 -1088 -1083 -1093 288 143 -25 1053
1661 1651 2540 1089 673 1242 565 141 207
660 -492 -1382 1956 -229 -826 2821 290 54
-1729 -465 -905 -729 14 -279 -996 -502 1082
-1310 -534 -333 -969 -654 201 -958 -850 585
-28 -1679 -1971 1333 425 -141 266 1265 600
1608 -64 -1504 2013 1465 -1456 568 1757 -501
1866 -527 -1234 1286 882 -514 590 1444 1712
1278 -1185 -737 1900 -232 -578 945 1293 590
-1373 -394 -438 -1288 -2282 -92 -1152 -2267 345
-1948 -1298 220 -1819 -815 2136 241 755 1407
-1090 -583 -346 -1831 1504 1222 -972 1083 1177
940 1152 995 662 1089 23 -617 38 -891
-2970 -3002 1857 -3517 -1821 2332 -755 206 2684
-1161 -928 -676 644 408 -706 697 1133 -652
-1815 -782 -5 -573 -103 -24 -454 -664 -409
-607 -603 -296 -376 -710 -661 957 333 -586
328 285 358 500 -85 -342 577 -568 -366
-1435 -642 -56 -1430 -835 -409 -807 -295 -213
666 510 304 519 333 570 443 3 -263
697 341 -170 1036 -485 -731 428 -518 -472
315 -125 -674 923 149 -321 718 292 -305
61 3 76 415 -386 -358 -765 -1373 -1248
471 -125 -55 -504 -567 -592 -369 -493 -528
542 1050 550 196 531 496 -787 318 677
745 517 1503 -589 -747 25 -1719 -2763 -2530
42 -395 -1048 233 -29 -779 -575 51 -454
-375 153 192 864 835 658 731 446 787
986 687 258 702 503 1077 393 -17 650
1389 1303 -885 435 -36 -1710 -1422 -278 -2272
-1062 -1556 -917 -1806 -2488 -1957 -1330 -2115 -1215
13 -569 -765 782 441 -195 1357 437 124
-392 244 640 -1502 -539 -702 -1469 -906 -630
-276 -177 -660 -419 -356 -1096 -412 -178 -835
166 -922 -1151 -1044 -837 -733 -981 -789 -713
219 133 324 389 -519 -185 836 51 274
719 753 721 473 14 15 -40 -573 -1201
339 752 616 -350 -319 -1150 -732 -578 -959
11 -161 916 -421 -989 267 -107 -524 624
824 143 -817 473 -12 -1361 19 -573 100
423 -157 -522 532 -568 -836 134 -932 -662
87 54 -816 -78 -438 -1305 -530 -536 -1388
408 557 89 168 -529 -494 3 -652 -736
-839 -57 407 -312 -134 -273 -322 303 -308
474 -729 -100 -385 -897 -636 84 -469 -172
235 284 81 1004 -647 -631 747 -630 -1650
750 555 -72 870 27 -372 498 -519 -67
-3 -217 -151 -1511 -1456 -1258 -841 -718 -534
-852 -961 -1006 -520 -348 -334 -187 426 179
-943 -1213 -1420 288 -1556 -1524 375 -769 -609
-398 -291 578 -1271 -1068 -661 -834 -671 -85
-776 -1049 -1471 239 -1277 -758 -260 -1348 -866
-349 -769 -237 86 -803 -579 474 -111 432
-22 -1006 -881 536 -953 -763 677 -289 -150
607 643 934 739 448 187 804 859 318
-557 -93 -649 -300 33 -891 326 16 50
88 418 -793 -309 196 -553 -540 -1218 -1504
83 1580 1668 -183 1120 1405 602 979 451
120 312 397 137 -433 -247 -348 113 188
-899 -1673 -1423 -1037 -2853 -2021 -925 -2384 -1182
-596 -2159 -1889 -920 -2580 -2040 -388 -939 -678
-957 34 1350 -363 -80 852 710 621 1011
172 40 340 -77 108 505 131 777 574
-3 -1112 -1490 504 -513 -1291 964 -354 -1277
443 150 -740 179 94 -493 719 1068 341
-463 54 -1022 233 1101 -11 -539 91 -745
-78 -32 -599 -165 476 -51 -466 72 -13
499 -677 -803 1122 -848 -730 405 -772 -661
-281 -626 -1256 613 152 -661 849 617 -280
-154 -128 299 -424 -497 -391 603 154 769
-936 129 269 -727 335 395 -1293 -844 -278
-238 -447 -181 74 -195 -385 -32 201 106
125 -217 -453 417 346 -461 618 157 -123
822 1070 93 319 531 -546 131 -64 -1038
531 -864 -998 -17 -1171 -533 589 -327 -737
305 553 -161 603 685 618 297 128 -209
795 -23 -576 545 -523 -501 410 176 135
1050 -259 -1315 690 -604 -701 377 -638 -1266
-550 300 520 543 678 723 332 695 1000
-249 -651 -395 -54 -130 137 -401 -480 -365
307 -118 -742 84 -708 -1212 -328 844 460
-216 -961 -793 -399 540 687 -22 260 28
-477 -307 -2132 -561 -566 -1590 -344 -805 -668
-681 -793 -232 379 1585 801 -773 66 -617
-675 -1501 136 -729 -59 928 175 242 -249
970 1917 -408 -658 1332 -813 -1523 -1662 -1301
404 1553 410 -1087 65 669 -1713 -2265 -18
264 37 507 354 356 74 -214 -492 131
1373 462 457 -1615 -1825 -987 1322 1208 1010
1756 2118 2211 -1190 -3530 -3857 -984 -54 797
324 1566 1442 -598 949 349 -2619 -1414 -1207
-1219 -2273 213 879 1338 -695 733 28 -672
-1313 -1408 -803 1535 532 -675 -306 -796 -986
675 2735 1080 -2395 -299 635 -1072 -1347 -602
-705 1345 142 581 -1158 476 1802 -1115 781
-1965 -2395 -966 680 47 -767 1822 1050 -350
-904 -27 45 1361 -215 -183 1494 1569 -60
545 617 -201 -1241 -1080 335 -1475 -844 -5
-2671 -1446 -1883 -277 -2335 -1463 2927 1351 912
-314 -1254 -1855 594 1975 734 -870 692 720
1277 -248 -275 1014 1122 435 -443 -1560 -2283
-1520 -190 -432 1704 1295 115 933 1111 -1378
-1581 -1437 -532 108 367 -479 1613 1177 -303
-129 -1151 -239 1296 1956 2230 490 -71 -611
-701 -997 -836 -396 1099 2322 1414 1270 12
942 2892 1675 -1925 -469 -883 -267 -1387 -794
-1290 -1364 166 1830 1047 -277 497 544 1020
-26 1428 1329 -1240 -555 6 -206 1104 -79
1901 -213 -1395 996 1206 109 12 -669 -316
221 -1890 -1580 1834 365 342 -500 -550 233
903 637 1214 -875 -468 -946 -877 -1598 -1609
12 559 -122 -568 460 -519 -809 -76 -741
-1618 -704 -1274 -1349 651 -48 404 694 543
339 927 847 1125 1175 -39 387 186 -114
-151 258 -200 -324 57 164 -892 -481 -384
561 -119 370 28 -397 1045 -848 -495 717
696 1788 923 1363 984 -221 267 -49 -1058
-1180 -811 -238 -2367 -1198 1068 -1294 -779 416
-1382 451 -576 -1039 738 889 36 303 390
883 468 44 821 1089 1113 -442 398 337
-1113 -272 30 -370 422 474 -334 -168 196
2944 699 -1589 1730 986 -2332 -506 614 -827
-553 -893 -621 -1687 -319 488 -705 499 -156
254 -325 172 393 206 -214 1649 224 -481
-81 -866 -620 1504 320 -377 1935 -72 -322
-54 -796 2037 -1679 -1374 1530 -2250 -1071 385
-764 -359 -324 1314 269 -888 1215 858 11
405 -197 -1610 394 214 -674 224 -124 -33
-1319 -87 17 -707 -160 -228 714 286 -1933
-1149 296 1483 -907 443 1466 -327 1384 2834
-844 -1017 749 293 61 377 239 574 -4
764 480 -418 322 -764 -509 -56 -1047 1169
594 537 -892 392 685 -428 1098 168 -54
-951 68 176 -834 892 33 106 -355 -731
-668 775 2086 -24 140 1359 358 -160 -111
1452 1927 927 855 -67 33 -397 -611 -1749
1236 1137 -52 1357 588 -338 213 -614 -893
-703 823 72 -360 -512 -1615 380 -1217 -1528
-765 -1299 -1218 231 -895 -355 706 368 -574
-388 -986 -1069 532 -773 -1081 2099 137 -1828
817 -21 -1269 481 410 -44 3 274 778
249 -1189 -3035 361 -1136 -1065 1256 915 789
397 1278 2317 746 566 1064 624 -1380 -926
-1330 -204 662 -1244 -55 1061 592 699 1958
29 -246 -1345 -1095 -1726 -1257 -610 -500 -19
-642 -683 -80 -1343 -1213 -144 -1000 -675 107
-398 -606 120 -152 -854 223 -155 -727 208
-173 358 -598 -52 359 379 677 44 711
-1054 -617 824 -1623 -1412 550 -615 -659 617
195 -76 530 -76 -81 -233 -173 201 -70
-162 -1443 -1016 -670 -1480 -1182 -376 -317 223
802 -1434 -1113 -19 -1396 -360 544 481 299
2537 -129 -1943 2441 491 -395 359 -312 -304
-96 -2105 -2223 679 -944 -379 1714 3174 1874
-636 1187 234 1367 1555 -621 1341 348 -1240
-191 99 295 -667 -325 306 -1025 -615 -213
884 -278 284 -193 -760 -1456 -462 -120 147
-623 1567 274 -1385 405 -1298 1608 628 -2012
-436 -172 -436 -95 -682 -236 724 85 1147
2102 579 1300 -6 886 -252 -1429 -39 -1748
-1029 -1274 261 983 429 47 1132 904 995
2662 2895 -1531 1029 1856 -1375 -1126 -1127 -1516
-1306 -447 -180 609 84 -538 -47 -544 283
-63 -425 -544 175 -552 -437 988 1208 1348
-100 -66 342 215 -1029 749 1987 869 1123
-1177 -742 -293 -454 346 -476 1451 758 -373
1273 471 -910 2088 1267 -512 -121 -1382 -1009
-2406 -1168 464 -1391 -670 846 -430 40 -796
-1728 -1905 -255 -919 -1759 834 -435 -151 517
-260 51 -615 -628 -573 377 403 -794 -1263
919 -396 -514 225 -1565 71 511 289 -138
-1788 129 1580 -1104 877 1231 1077 -313 -140
1177 -615 -1456 1133 967 -1408 -225 1044 -150
700 -1126 -1396 -48 -1156 -1250 147 -567 -1294
1259 1206 -942 801 37 -1232 -1101 -756 550
-572 1311 -2040 -412 185 -1081 -598 -1059 -1671
346 -370 -267 -853 -742 -632 -1470 -996 -1268
414 -45 -306 346 -204 -1206 -759 -1274 -1681
-1398 -516 -144 -2348 -1240 -556 -636 -126 370
575 -702 -1422 1894 1220 -1158 535 382 -628
645 475 -298 50 -654 -863 -454 -888 -802
140 -234 -1493 -47 369 -721 -555 -219 -640
-201 -396 -970 -291 113 -460 97 -264 -735
-180 -149 252 -233 -958 -418 24 -141 193
-1098 -404 -1127 -267 597 808 -20 563 114
1035 499 106 499 11 -186 -597 -1617 -2261
-70 143 -86 -14 -620 -784 125 -351 -1149
292 -407 -113 721 360 -178 -870 -598 -648
923 29 -313 30 480 -483 -264 -275 -573
-440 496 -1380 -269 -137 -1365 593 516 -901
1318 312 -338 -624 -1066 -1381 -4 -315 -471
610 92 -158 -192 -276 -1317 -407 -12 -782
873 224 757 591 -240 878 0 -1023 -42
-1315 -1143 -2223 37 -305 -807 2818 2238 913
1539 -85 1069 324 -1507 -425 -126 -848 -594
1123 700 728 42 520 336 -643 -819 -673
517 649 -201 -296 70 -426 -336 541 907
1227 1336 1735 748 464 59 -122 -546 -424
-239 54 -483 374 297 101 560 -46 -95
660 96 -612 -291 -497 -1540 -1120 -1097 -1781
51 -61 -68 -245 398 -776 -584 -922 -1644
186 -495 -1548 230 225 464 2037 1975 1821
101 -611 -954 683 448 -640 -255 280 214
435 -212 314 481 358 508 -35 -121 -366
-398 -944 -1665 898 458 -330 -134 -243 135
74 -65 -412 -977 -959 -995 -1501 -1430 -1667
1091 1125 156 635 750 -349 399 -368 -1087
-342 -61 -337 -142 -344 -500 -7 -44 -514
-322 -1163 -1428 -271 -61 401 232 -113 -133
-1374 -936 -526 323 186 1317 1207 404 -194
-1186 -1242 -1606 -33 151 96 -582 -293 -540
550 -80 1122 761 109 1076 388 -609 -1033
-1623 -804 377 1224 90 375 1836 58 -58
1147 1402 402 -362 -427 -1254 -1182 -444 -113
1021 587 831 -1477 -1091 -1078 -906 -343 -872
-845 -887 -971 -417 -353 -592 1355 -19 55
741 463 -590 -791 -321 -754 -554 198 -1079
-359 356 -728 -420 -534 -1136 910 1459 1491
-1513 -1191 -722 -1448 -892 -79 285 1024 589
-109 -503 876 -191 266 588 -56 -161 700
545 -283 264 -58 -380 521 -258 76 1177
140 1665 1543 295 -196 -592 -844 319 160
-1148 429 -262 -1708 -902 -491 -636 57 826
1076 348 1042 1037 -354 835 -322 -1006 -516
-312 -538 -1760 215 212 -662 -1088 -395 1196
1014 339 -319 -879 -246 -236 -896 -240 -907
530 -310 1823 781 89 308 -1051 -564 324
-202 407 -76 -744 -214 -119 250 651 127
538 915 533 -231 -244 -120 180 -1303 -678
474 -13 616 -284 636 237 -1436 -371 595
-1690 -1209 -654 -511 -76 -409 1653 989 -329
-1032 -534 -32 515 149 1017 1255 -409 -173
-1387 -759 -129 758 499 355 1650 -353 -575
1484 1344 829 -1233 -603 -373 -1754 -1282 -965
1763 176 604 -478 -889 337 71 -247 284
793 695 -222 -252 889 1443 -1081 73 537
1596 2492 3286 1738 1112 1846 -450 -1295 -1346
148 209 -1442 54 -204 1031 378 719 2072
535 1592 1629 157 813 -338 -164 242 -1475
49 574 -41 -761 577 530 -453 -99 324
276 523 550 -671 -539 -294 -564 278 -219
-31 -1039 -22 -244 -512 649 -684 -306 544
-2118 16 1976 -3048 -69 2526 -3120 112 2804
-175 -1204 -7 -214 173 694 -393 164 62
59 -1830 -356 -687 -818 688 -306 216 293
-16 683 587 -574 -12 259 -579 -440 263
1002 -522 -1850 1159 90 -1436 622 218 -1205
474 -359 -613 1445 -494 -543 -57 -405 -512
61 84 811 -926 -116 -94 -2559 -1182 -296
3043 179 -2676 4130 62 -2801 3082 -147 -3072
-972 -691 2189 -2952 -1073 2053 -2434 -348 1134
-1174 -920 971 -1400 82 1806 -1770 617 1346
-721 360 564 -903 1106 1395 -927 698 1026
-1262 -963 766 -1728 -1135 619 -101 -870 -825
1398 1020 155 1809 528 446 1244 -295 -717
1548 938 -37 223 622 122 -596 766 1137
1151 1039 -1640 1462 1355 -1718 1840 -278 -845
-338 643 486 -191 704 420 744 1190 -100
1305 -28 195 1140 -1173 660 674 -550 -1000
-1693 -336 715 -427 129 964 -538 54 389
-634 -125 46 -850 -99 -344 -940 -879 -799
540 731 226 227 430 -344 -770 -321 -816
-624 -1921 1391 -1119 -417 1968 -1272 127 1520
199 -1603 -628 352 -1278 -559 -20 -1165 -884
15 -2396 -1605 -85 -1825 -575 234 95 -608
730 746 -1326 2480 -432 -1795 2395 -516 -1325
999 207 -269 535 1156 251 746 176 45
-2643 279 -278 -978 -132 264 -297 -1144 53
958 8 -26 313 463 315 -456 -240 208
-23 547 -384 -111 216 -97 -1168 22 437
600 119 785 704 29 -135 392 1113 -858
-1723 306 873 -3117 159 1855 -1645 195 967
-1042 -986 -938 -518 -416 422 -133 -676 -376
504 665 365 -167 389 -118 -416 -293 -276
-199 -195 -173 117 267 116 280 440 104
1123 -436 298 791 -182 1227 -8 -466 532
92 493 38 -809 -24 -797 -1049 -56 -108
-502 -843 238 176 -30 234 -127 -316 98
-507 -470 -1963 -467 -188 -978 -1014 -626 -1180
685 96 134 -278 156 -553 -1590 -834 -949
-1190 -606 282 -959 -450 738 221 839 1502
-892 -1812 -1238 -1065 -2079 -1958 -545 200 274
298 -521 9 363 556 824 43 -273 -444
975 638 225 24 383 522 -68 -292 22
484 908 584 1224 629 158 -165 -901 -88
-1392 -994 1391 -521 477 1987 -1341 -449 963
-392 -578 1 841 341 1032 -201 -540 127
524 1019 577 311 -21 104 -73 -549 -388
-40 521 627 -85 -88 429 -1809 -2418 -1799
-1138 -1337 -1036 245 -458 -187 179 -244 268
1786 1356 1900 1206 410 1621 -1832 -1809 -1082
857 683 1492 837 423 1381 490 58 182
1147 1464 941 764 1949 962 -24 120 -415
-396 -206 -312 -181 402 361 -557 269 -271
-505 -592 -781 -402 143 1695 -646 250 1824
-933 -681 13 -1552 -225 -14 -888 330 143
188 -188 -376 -1101 -337 303 -1450 94 229
-588 -656 505 -612 -67 731 485 480 342
339 151 71 327 -354 30 -231 -1156 -1278
-265 -210 -366 -80 -861 -1615 607 -1976 -2645
-681 -1599 -2308 383 -107 -613 80 430 807
1783 1170 -44 923 -370 -697 871 -151 -1090
524 -354 322 -2100 -1580 -135 -2420 -1327 554
664 335 -120 572 94 41 -61 -402 -76
1187 2071 842 80 -1478 -246 -1611 -1832 -1310
-842 518 -698 -1323 729 352 -720 744 1390
-215 -652 -930 -164 -304 -1047 1459 -162 199
-1136 354 143 -3048 -4685 -1391 -335 -1120 3568
-447 846 -1036 -834 945 206 -2108 141 338
3851 320 2669 1016 -2135 -458 -1761 -1308 -1361
690 -292 -177 -549 61 181 -1545 -760 -1429
-140 1132 -14 1280 1393 292 1073 -322 -1770
510 -168 1217 -784 1034 1145 -1473 -953 -2533
-646 -1582 -1908 745 2132 2092 -851 -849 -3850
1099 2300 385 -616 -2759 -1241 -1340 -226 2119
41 1806 -895 -2142 -431 -969 -307 1708 741
-131 1556 -1410 252 -107 -1257 470 620 -1071
18 -2174 -1639 1806 -922 -1085 -953 -1632 1310
404 -2645 -2922 907 41 704 1237 533 572
-3056 2637 775 107 -802 1247 -1325 -2138 -1887
-2731 1940 461 -417 3860 3544 1010 -814 85
-804 -1801 -27 -1281 -1232 -1039 449 1119 529
1519 2065 -1941 2605 928 975 -188 -2221 -993
535 -1815 -1153 1613 2445 1866 1931 1762 364
-128 6 670 -420 -168 -603 -733 -223 1425
-278 745 -1341 -733 -781 -1892 887 -3079 -2131
1224 223 -1023 -696 -1183 -978 558 3 1013
289 2317 580 -1502 761 2200 -1973 -1662 1376
393 2460 -799 -161 742 -2065 -1533 -672 527
-849 -2324 -563 922 3266 1517 -1204 2250 38
-194 340 -485 1390 388 774 2600 66 -1825
-249 -1893 642 2738 2075 851 2722 -2060 -1415
-941 580 -823 -234 2294 -14 -2351 1054 -720
-908 -1246 880 232 -2293 -854 757 -252 -3655
1706 -161 872 1577 8 2887 -1525 -2323 1742
-591 203 429 -165 -536 -2056 1324 2058 221
-477 300 174 387 405 1058 587 636 1238
-893 215 -279 -625 -596 -206 -631 306 815
672 694 584 -345 -119 -513 47 331 -610
-1400 -855 -1403 -492 157 -262 -1498 277 109
-714 -451 -463 -203 -319 -838 -116 -129 516
-333 92 -270 -432 -27 104 200 1112 802
-802 668 -649 62 1543 314 413 2030 133
106 -32 120 184 427 -641 730 363 -715
982 1267 -744 658 1134 -667 1112 1859 13
195 -768 696 100 -869 799 -254 -1237 254
-56 725 185 160 804 437 -511 760 452
549 879 -170 867 1502 -109 35 1641 -139
621 1303 -124 611 1893 28 -238 735 -869
64 -1115 114 210 -567 390 -722 -93 936
742 -530 377 1493 406 1080 891 -381 -70
-598 1912 -140 -66 950 -879 -855 512 -224
-706 260 627 54 308 800 473 403 1374
-402 -94 -1258 -139 286 -904 181 -7 -959
-155 -429 -810 -794 -485 -683 -1083 -563 -702
-1258 -776 -667 -862 -573 58 -962 -728 -962
287 1093 1199 4 1019 1085 334 1286 1491
14 -126 -736 60 -14 -1060 927 564 -30
-183 -275 -2645 681 -117 -1613 1237 545 -430
-217 -180 -701 -869 -574 -415 -1760 -846 -79
-1038 3 -700 -1085 -431 -978 -1483 -784 25
-491 602 1274 -77 726 1204 -550 706 1064
-1850 -403 -519 -1293 -534 -48 -611 -1472 -1078
-659 -7 405 -339 669 554 602 647 677
-83 383 -792 165 304 -961 903 448 -690
-2140 -1037 601 -2114 -1286 932 -1218 -1025 -195
852 468 -1140 470 120 -1207 774 297 -979
380 15 284 432 216 -193 1313 714 -146
-527 -239 -25 -452 -981 -268 496 5 190
922 767 389 652 290 480 714 685 371
-421 -435 -508 -197 -449 -750 -138 -179 -446
-855 -771 -542 -448 146 173 -115 -65 459
985 210 -180 946 683 -510 35 347 -416
-1011 65 191 -976 -281 -538 147 231 -144
-474 -355 208 -560 -781 -411 -649 -273 -435
1241 768 -283 483 -666 -316 70 -131 -451
-709 -696 -725 -85 -601 -820 -565 -637 -652
-1613 -1280 -534 -136 120 768 777 942 829
414 -150 24 -2 -39 -83 96 398 266
445 505 55 731 310 510 195 320 733
745 1404 365 510 281 863 -163 363 468
-437 -735 406 -843 -534 46 105 460 288
376 497 484 602 -260 153 1448 540 794
691 385 361 376 256 82 232 428 -30
-378 -450 54 -433 -604 -589 471 369 -128
252 -46 213 124 -156 -642 59 -412 -495
232 363 -136 -738 -1057 -833 -315 -287 436
949 1393 902 1011 453 625 252 -58 285
507 -412 -95 70 67 290 1000 877 508
593 256 -234 509 -861 -159 511 -485 -348
126 369 654 187 64 151 71 315 493
819 -625 -603 69 -845 -461 -721 -368 -306
-211 -639 -796 258 -328 4 -32 21 197
429 613 364 336 27 561 291 -423 -435
298 132 -56 334 256 358 -176 77 133
-924 -566 164 -404 -402 544 -134 -373 190
134 -386 291 -27 -502 -510 -464 -701 -370
-224 695 1626 -242 -453 1396 -364 -597 671
31 -31 392 488 278 710 -472 -431 429
-33 -206 -516 -726 -559 -607 -229 135 194
-712 117 173 -1123 -509 -180 -794 -139 59
-1530 -1471 710 -1797 -585 1548 -457 683 1476
45 690 508 77 -167 -638 -257 -432 -431
-594 -690 229 -499 153 152 -155 -302 508
-1717 -538 1363 -1982 -120 1394 -720 1207 1293
-800 480 -91 552 806 399 1006 -114 1176
-19 178 -177 -144 -583 -168 -1258 -2724 -1286
-167 -726 -369 -1010 -429 945 -841 -490 1825
-266 164 -510 -1227 -792 691 -1653 -524 974
1929 1096 838 771 909 576 -931 -203 2
405 1036 1123 -296 76 1430 220 370 1668
-1176 -875 -4 -656 450 636 351 770 685
421 -325 3 972 801 -326 624 69 -880
-1324 554 663 -920 -9 478 -1392 -1484 407
-564 -798 -1995 -230 -374 -240 -287 -1682 235
41 -1022 -220 888 843 -687 1429 566 -1720
-705 -1609 -670 254 -1157 138 1138 1547 552
1497 1097 -964 877 338 -1147 101 148 -1061
-157 -971 -1261 -498 -1983 -90 -1108 -1021 860
-411 415 537 -1001 383 72 458 194 944
-699 -147 492 -836 -332 359 -162 -993 -383
162 177 -308 374 52 54 -591 -398 -476
-1349 82 -190 -672 -94 581 -662 -83 576
-2324 -563 964 -1558 24 3042 -678 1642 3305
-2245 -634 1779 -1653 1254 2056 -208 1298 843
645 -608 -219 637 418 1153 434 774 1239
1803 659 114 1691 155 -1164 785 -293 -1071
1546 174 -1234 609 -66 -331 -212 279 -613
276 1192 1199 541 604 922 358 469 793
1628 760 -787 1964 442 -1599 469 -459 -1882
-738 693 24 -685 6 -226 -708 -244 166
522 -377 -733 1061 101 -1166 801 465 -467
-708 -215 452 -551 -1130 155 -791 -1207 -661
-286 -160 -413 -808 -1558 -917 -1131 -954 300
51 -484 -420 182 -625 -734 964 -252 -863
612 253 -99 694 -618 -814 -361 -291 195
-114 -960 -93 -1352 -1132 -250 -1055 -950 988
930 -46 179 -333 -1532 -1035 -991 -354 -1126
452 -550 -977 438 74 -1002 -126 -747 -1745
-479 -1087 130 -1097 -926 -147 -756 -589 591
-387 -480 -892 -594 -797 -1079 -121 -1255 -134
-854 109 1738 -1517 -1163 1071 -1952 -1409 1039
-85 -786 -1117 -252 -768 -294 198 -564 -436
31 -1461 59 -582 -2045 13 57 -422 1164
-403 -790 -86 -120 -548 411 603 -39 75
1033 1391 1367 -712 809 1771 -338 18 586
1273 541 512 1322 990 906 -657 -675 -502
-823 -74 604 369 -241 230 553 969 1175
274 -290 -593 -232 -69 696 393 1115 1555
648 1160 219 1389 1395 -547 1609 1 -1190
-1212 580 1338 -1847 -785 1622 -827 352 2823
457 -152 442 313 -574 -455 229 -308 -113
1447 -550 -1180 -30 -1509 -2583 -632 -513 -931
764 1274 1078 -404 -613 826 20 -748 459
89 -181 -1563 128 -595 -729 275 -656 371
537 626 206 553 112 974 210 738 2113
939 226 172 -564 -364 -366 -436 378 1248
109 -758 -383 -166 244 208 -493 -776 -199
-314 428 610 462 64 26 1 343 -267
925 -1764 -789 1523 36 -620 2069 2013 256
-392 -608 -1562 -117 -192 -154 -624 -316 -559
265 -1265 538 -600 -704 -314 -526 -562 -148
1270 948 -1264 875 54 -1060 -211 -1377 -1033
165 -733 -1118 165 -872 -1814 827 -1327 -2471
324 45 -219 -301 -457 -247 -900 -499 24
-198 -509 -767 -415 746 502 -581 -564 -1449
-1633 -1181 -2485 -731 93 -1021 -879 -593 -1247
359 1214 1251 -581 97 -23 -1011 -326 -1064
-832 -813 -715 -55 857 -404 -677 -484 -1278
-781 -288 -732 599 1540 668 -233 488 547
8 -607 -906 -297 -1277 -1093 610 -497 -407
617 534 1182 1080 1580 1814 810 905 1576
-1659 -910 -1165 -372 -355 -184 553 1954 2945
-2030 -981 -204 -716 -1076 -678 1298 322 2073
-1032 450 -194 1408 190 336 810 12 -599
-344 532 526 -133 481 -455 -1758 -924 -1187
1237 892 436 -138 -155 -154 -1024 -1317 -541
-1664 -191 1580 28 -309 -498 171 -1447 -1512
2653 1414 1102 -1104 -434 -890 -2653 -1607 -2053
2461 2100 2064 2142 1284 1201 -70 320 -562
492 1578 847 1380 1141 1095 -615 -403 655
1518 8 1305 598 -1138 699 1107 232 629
307 2231 2284 371 -907 138 -2396 -3219 -1919
92 216 940 -1901 136 -691 -1972 -772 -1168
691 -686 -604 104 863 431 -1191 858 11
-380 -1491 -326 1404 300 -513 873 1773 -205
-1235 -327 2408 -1447 154 1498 -289 1325 866
87 -89 173 899 -393 -324 981 -276 -1408
452 268 -967 711 456 -822 -638 -1006 -532
-599 -1014 -192 851 216 -985 1317 1065 -683
1298 925 -145 -271 993 322 -1207 551 733
796 -883 -1149 1053 379 -91 961 961 1018
-901 -263 1039 -464 315 -109 -337 -227 -1084
-136 -508 -1280 -514 1061 66 -1611 -480 -218
-341 -240 823 -12 -318 939 949 477 1148
4 -1709 -1286 -600 -563 319 -622 -300 367
85 -607 -130 468 493 -407 -230 -711 -752
898 1936 437 1226 126 -1428 -869 -2257 -2519
-251 240 -583 507 357 84 -254 -195 -783
160 1194 1088 -97 -313 -547 -266 -1156 -264
2282 760 -569 1470 -608 -1828 3 -1186 -1111
1062 1430 -642 319 -558 -527 -639 -367 -132
-273 -1081 -99 -1044 -500 -995 -1565 -2017 -1678
1880 1089 -478 1491 1635 -286 -1706 -284 121
-569 1354 157 -613 -167 -408 -816 -285 720
-1261 -2764 -1720 1088 1724 1433 1604 3133 2672
-212 226 -607 -1689 -819 -1205 -829 -161 -407
785 1531 -726 -1395 -1555 -667 -3160 -3503 -1773
-734 868 139 -3887 -2910 -1206 -593 -1215 -920
-1 -340 -407 1814 363 -1815 -311 1452 -338
-841 -3586 -2177 1162 -206 1197 1417 1568 1687
-482 1379 961 -136 1650 968 -623 -463 480
357 18 901 -610 -717 448 -441 -218 215
-1589 -1268 -98 539 1338 313 1092 1225 -555
145 4 -352 -318 565 608 220 675 -1
482 1016 -197 -303 239 -274 -1432 -1042 -1179
898 2651 461 368 1644 563 -1368 -1003 -689
921 3047 78 -1033 704 1145 -2098 -1804 -159
293 303 -1504 2817 2069 -896 289 -410 -33
-95 -14 -204 1013 736 -67 -95 -285 341
-129 741 455 686 135 -342 976 -700 230
156 -172 484 -323 -817 696 -334 -867 1383
-70 1163 1097 -311 443 1140 -595 -655 691
-1096 -1038 270 492 589 783 24 342 -569
517 791 945 -66 -1870 -1477 371 193 -1145
86 -213 1352 -570 1154 3104 -759 -1430 -630
-139 -1252 -533 697 177 -156 339 482 1245
-1396 873 1323 -893 466 609 227 86 -609
-876 -100 776 -1131 -1529 198 -414 -543 717
-60 13 -214 711 741 -478 -54 -68 -219
215 264 209 -394 -256 -220 -125 -16 256
967 196 -482 1018 -780 7 476 -121 208
205 194 -229 405 -17 -248 -373 -394 -170
365 60 73 -622 -1561 -488 -1268 -2284 -1463
-184 -1070 240 874 -636 826 435 -335 934
-15 -163 -655 -754 -1196 -519 -2033 -989 -115
-1301 -156 -52 -612 65 301 -814 -383 230
-588 -417 318 -936 -488 454 -405 410 369
444 151 297 -506 -308 -367 -188 -96 -236
371 212 -504 628 844 279 518 584 165
665 728 -198 2220 1177 -174 140 -198 53
251 -283 332 217 301 538 121 120 121
-860 -1049 -751 -92 15 867 88 1292 1718
331 1182 592 1261 1368 217 -289 -53 -696
-743 -154 -409 -980 -470 -284 -486 -657 -85
-728 -195 -25 -776 16 -423 -974 -445 -276
-261 -702 -993 26 287 509 246 760 1325
175 313 260 1153 1059 825 -158 297 675
576 1063 863 302 165 -292 -1378 -670 -1729
-198 -821 -269 -615 -745 298 -1408 -853 495
-1651 -855 -855 -699 492 830 -695 181 800
-160 465 287 -196 -535 -618 221 -271 -1040
536 -155 -788 -177 -126 -895 -212 -393 18
148 129 521 447 432 -256 150 499 -245
78 218 458 153 -689 748 -149 -339 99
-593 -133 -642 -115 -48 30 571 -72 440
828 669 1248 959 -42 375 1580 773 -174
937 361 459 731 219 518 578 -701 -478
-286 12 442 -387 -355 719 -1050 -458 615
-983 -869 -677 -1002 -927 -1253 -1075 -1623 -1843
-226 -1059 -246 -537 -857 -62 -289 597 918
-426 135 470 743 623 -136 1273 966 -1007
-1629 -1422 -868 -807 -885 -283 -926 -679 -648
119 574 891 76 -918 -1707 974 -651 -1111
-909 110 826 990 926 -264 1873 952 -1294
485 -86 195 485 -585 -815 -91 718 -903
125 -746 -620 -682 -834 -1412 258 1209 50
-844 -961 -225 81 430 -183 318 803 -1018
-255 -580 -202 -283 389 347 -311 425 -359
-687 540 -465 -1912 357 1690 -1946 -340 867
-223 433 187 1526 -330 -1608 1873 157 -353
66 -526 10 -425 -107 -1031 206 -24 -646
317 -142 -657 -886 -110 -26 -545 -481 1204
-1774 -1251 964 1733 -213 -2231 4049 1808 -1789
953 -482 -1234 -69 -560 206 -229 -726 327
-973 60 -688 -1690 1487 426 -1608 212 672
2011 579 -784 26 390 -557 -1355 -450 386
-309 -270 607 -1040 -958 709 -931 -261 1288
-240 -131 1100 -53 585 495 502 790 344
610 161 105 267 -811 334 322 -1092 337
141 -282 637 -909 -62 561 -1517 410 413
1022 105 306 -84 71 -224 -510 172 -510
-567 -1640 -450 840 -441 -1342 1181 1217 -929
-531 -144 403 967 1182 -820 1662 1181 -1325
-1041 397 639 1022 1564 -1071 2030 1073 -1135
1349 119 589 352 487 -1222 -1170 142 -303
1553 510 -203 -1800 534 1826 -1112 917 2900
1426 -436 -1445 -142 481 -331 -2081 -117 1093
90 567 -239 -759 -242 475 -526 553 61
3136 1286 -439 -525 -639 1222 -2957 -913 2104
-280 -847 -263 546 -22 -121 747 1504 -836
-483 -929 -825 243 -117 157 -504 760 1425
202 183 -183 -137 73 -388 -611 -385 -368
-543 100 124 -862 120 289 -221 -486 540
-1237 142 289 -639 552 700 -880 152 127
-1425 -674 491 -450 192 177 -140 229 102
-217 -37 402 -851 387 650 -414 -93 648
381 1029 735 12 166 -64 -460 -1098 -1087
1646 1306 618 1433 1001 -27 637 -146 -1009
-150 710 96 -243 -114 -65 -712 -876 55
-1046 117 -435 -379 670 -260 -621 239 -327
510 677 -366 237 510 31 85 857 949
908 -641 -785 -194 -991 -631 3 -172 -363
-317 751 302 -642 197 1221 -100 583 1108
-821 882 1085 -77 1076 1084 217 783 1197
1709 -911 -1596 491 -817 -291 601 -173 -27
304 -102 -810 427 -489 -581 467 419 539
-1446 -393 16 -1360 -141 -122 -602 197 -87
-1037 -338 338 -72 326 349 -368 824 437
-236 -805 -627 12 -689 -816 246 -428 -715
61 -380 -314 24 -362 -311 70 456 554
-1642 -677 14 -741 31 263 517 612 841
-1188 13 531 -703 202 924 590 1225 1565
-1283 -758 -308 -845 -399 267 -91 555 845
-568 3 25 -430 318 223 -219 -175 279
1022 264 264 -101 36 785 -155 672 982
-814 234 403 -920 -397 743 -1134 -2 617
-419 235 -118 -974 120 -43 -771 -18 -540
-436 -147 599 122 308 296 829 628 364
1316 768 -10 704 235 -754 -89 -267 -835
-969 -199 122 -894 -222 -91 -1448 -889 -563
-1271 -65 111 -309 169 145 -149 210 -57
11 187 -698 -75 -742 -1145 -318 -912 -337
-445 -1093 -693 -436 -890 -456 -133 -132 60
-434 599 799 -471 342 470 1139 1239 747
144 667 -28 -603 469 -263 -216 843 94
-111 -147 -180 -376 -386 188 -279 240 -107
-1854 -871 -319 -1208 -1025 -683 -1667 -1323 -171
-213 1240 67 848 1002 105 -71 61 491
-2160 -750 123 -1118 956 393 -612 1673 651
919 -208 -1277 1145 92 -440 202 -523 -1258
481 619 -122 1324 1981 -691 612 977 -347
757 200 -636 1295 1213 -330 148 117 -1229
173 95 381 291 201 -386 -151 -150 -615
-899 -426 -858 -854 -1251 -1049 -829 -1248 -613
-491 -182 -105 -212 -456 -997 -1419 -1570 -4
-986 -1501 -958 -1507 -2430 -320 -299 -917 -215
-851 482 0 -189 155 304 -479 431 680
-1187 -235 -823 -687 -313 -1392 -540 -1337 -1700
-574 -2058 -620 427 -163 331 -919 -847 -672
874 -110 1062 -370 -560 85 857 -435 -248
214 -368 -1190 1372 823 -480 641 -108 -1648
-676 -1297 -1866 549 -1381 -1542 -744 -1380 -1142
-21 -324 -305 -291 -540 -260 335 1078 -21
-255 -1416 -1140 153 -973 -524 -218 -903 -265
206 535 -1707 -380 107 -2184 390 391 -1043
179 974 -51 130 1247 648 -644 -991 -493
-386 -219 189 -21 -637 869 -500 -21 -415
-617 -393 9 64 -709 -175 -300 47 750
1255 822 -1192 1922 1589 -515 -107 -70 -1207
175 -477 -640 1205 145 -402 1988 14 -185
-259 670 961 -765 257 276 670 52 480
-907 -2252 -2809 216 -510 -1813 -260 275 -631
-135 -117 -587 -462 277 494 412 152 -430
835 309 331 1103 1856 207 374 454 128
1893 1458 164 1868 1575 690 242 -543 -903
-360 -286 -19 -920 -729 -651 -733 -611 -761
358 576 453 -202 -239 690 -1 273 116
-724 -719 -712 -234 -164 34 95 96 350
1070 574 -26 20 -738 -645 516 -432 -43
118 601 708 -147 527 385 -310 -170 214
-965 -1959 -669 -228 -1288 -120 240 -697 138
-702 -1510 -264 -298 -1549 -511 332 -549 550
1578 1134 691 302 -319 -67 -108 143 -402
12 -70 -155 463 104 -27 -12 -40 5
442 370 165 679 330 186 -134 -753 -1013
-1415 -870 -1149 -901 -497 -741 53 -229 55
581 231 -295 275 434 143 446 1002 544
-50 -451 -142 575 448 143 549 714 294
-416 -795 -856 -216 -315 -150 -188 -183 197
1128 400 742 120 -874 -674 724 150 105
-404 -517 -501 -655 -24 -527 -821 73 -720
905 519 875 258 -58 -146 -906 -356 -444
683 828 78 530 245 -494 725 149 -592
573 122 -766 425 256 -334 497 431 -338
2 -519 -987 -518 -800 -1131 152 -486 -600
677 738 1369 -166 -197 393 -147 -367 21
-866 -1178 108 -2032 -2042 -1032 -1009 -791 301
572 224 -581 185 -69 -711 -337 -452 -908
928 1247 980 168 -40 452 -244 -44 544
866 798 1013 -144 650 205 -531 -492 -315
487 221 461 223 -297 -77 521 -161 172
-125 -205 446 627 -310 105 596 68 -482
-432 -533 423 -167 -177 228 -814 -923 -967
192 219 506 525 24 -61 326 502 -185
815 842 74 437 -65 -408 883 -275 -544
-448 -1063 -953 18 -25 -234 -416 -203 363
-911 -284 -326 -246 184 67 -385 -204 -222
-979 -362 338 352 314 53 -76 -387 -949
392 1 -965 1123 6 -958 626 712 352
-661 95 -796 -782 -231 -644 164 563 226
474 264 -627 1022 656 -252 -319 -52 178
594 -271 -297 1651 398 339 945 675 199
-345 150 -444 -508 -970 -974 46 -665 -105
12 -588 -430 -57 -727 -244 -490 -1185 -574
-501 -1605 -1966 485 -790 -334 -483 -124 322
-1634 -1459 -635 -373 -318 -54 212 595 1430
-1527 -1867 -1346 75 688 1014 1461 2573 2646
682 174 -308 -407 -462 -1180 -1166 -849 -900
120 -154 -420 83 -725 -1324 201 -625 -949
-142 383 -92 -412 -711 -875 74 -217 -893
-482 -124 598 -651 -19 248 -1625 -1072 -403
-1518 -715 -397 -86 -110 44 -241 -626 -1118
1835 954 1002 1661 410 -152 891 375 -427
-1789 -2203 -1437 -931 -569 194 -78 -153 826
610 1758 2247 -347 470 831 -1664 -1875 -1482
85 -569 -383 -209 -56 261 993 860 744
-436 99 115 -85 -147 587 -1049 -819 -463
-1543 -1121 -1615 -545 -552 -1465 1053 1360 502
1394 1338 514 352 612 -87 490 -86 -812
-103 305 -514 949 441 -251 -365 251 366
-725 -23 -279 499 -298 -750 90 -85 -519
-332 -451 -53 1189 -69 -283 327 -264 -119
-1619 -1780 -1651 1025 906 1472 1130 1006 1009
-206 314 907 171 261 876 -170 -414 -388
-1007 -358 334 -279 120 137 732 613 763
1640 946 517 374 -250 -217 106 249 -102
551 778 434 -213 1239 247 257 -66 -198
656 -343 -722 1129 -321 420 75 -319 568
314 1104 923 -1087 -639 -770 -1644 -1418 -1445
126 685 627 742 215 -613 532 -70 -786
-28 -127 -369 -571 -443 -112 -954 -1353 409
-501 -461 -784 -276 -313 -387 -746 -1410 -524
947 475 219 -1380 -941 839 -58 -542 1608
-87 292 302 -395 -110 231 -1608 -1046 -30
840 518 619 31 -474 652 20 -825 221
-1272 -488 -440 254 498 -49 67 87 -708
1284 2839 1581 1060 1533 1346 -1222 -1311 -904
-1430 14 713 -1278 573 129 243 311 -800
1422 439 895 402 -1476 -372 -328 -2511 -2348
-679 -1824 -1512 -746 307 977 531 2056 1887
31 301 -1007 -786 335 204 -260 429 581
-356 -185 -945 -106 225 -861 535 489 233
483 -2888 -2130 -1233 -565 728 -116 2981 2333
1192 -331 993 525 -902 323 531 -477 -16
221 1076 1051 253 -121 710 1209 43 404
-39 624 101 515 434 -113 671 -352 -225
-2103 -2117 -775 643 620 -677 1513 1985 -937
-502 -660 -156 -848 -461 -104 -187 -740 79
-733 293 270 -91 624 669 408 1193 295
-173 808 1019 -688 67 -129 -2255 -2055 -1987
689 770 419 -234 260 797 -531 -341 450
237 -260 345 -169 47 -411 58 799 -595
980 1215 997 -75 159 318 -1254 -1153 751
1527 1423 617 -510 -288 45 -904 -1160 -104
671 340 642 780 526 503 -883 -684 -162
178 435 1226 450 -104 -248 595 37 -177
1038 763 361 -14 1758 850 -2432 578 1137
-630 275 1618 -896 -1755 -696 -409 -37 -527
-638 -185 388 779 -837 -1424 1143 -128 -1103
-1000 -50 1080 746 -12 834 2201 489 -1455
-1544 -1811 -1327 546 1265 -329 998 3253 1426
-447 -1656 -757 1355 375 -75 1897 -534 97
-202 95 -1921 1359 55 -2386 -362 1405 159
-1310 -1729 -2203 -671 -988 -1655 230 -158 -346
412 -77 167 2321 4390 -210 686 3483 -1586
-423 -286 -2105 -502 -297 -1492 -585 331 175
1242 1120 895 -1743 -575 -29 -1024 653 -371
-3657 -523 1498 -3116 -649 1565 -1036 -401 62
-373 -776 -372 -161 886 517 570 620 1844
-1165 -1949 390 -764 1458 3964 -850 2163 77
-1113 -1362 -189 300 367 379 931 -1176 -199
-557 -345 -1568 -430 -115 -10 966 1926 1039
829 2 -1186 2795 1703 -2513 1100 1605 -2154
1444 1522 -1193 2282 2768 -2209 1581 465 -1099
2344 -2342 -1255 -244 -2485 1093 -2837 -2204 2780
1200 1039 1523 -1730 -20 -767 -786 -3137 209
134 128 -1241 -576 213 -1992 -944 -1958 -859
-105 -1106 -2412 -555 293 -578 1607 -833 1366
20 1481 1529 -1273 -1146 1174 -346 -1081 1764
-346 -3442 1037 691 -1605 1564 2318 25 923
-1946 -1772 -1131 -2743 -112 -1238 912 -307 -1768
139 2237 -427 1681 461 248 551 2017 211
2541 1428 -1129 2663 2102 -3467 2226 2185 -881
2383 1789 -1874 661 400 -1888 -671 -966 -112
1325 2137 166 745 3074 -449 -1966 900 834
-291 1681 6 -36 2599 -51 -910 1438 914
-2320 -4174 8 598 -395 -975 -119 1439 -42
652 1988 1420 1835 2173 100 3296 1324 -278
-814 -295 477 961 -1269 -650 -914 -3922 -1186
1333 1366 -652 -971 -2420 -334 -1110 -1386 -923
-848 450 1774 -1440 285 434 1211 -1281 -1466
-1682 -46 1475 -2925 -1904 3347 -3539 -2450 1469
-709 -924 -2227 431 -1113 -683 -919 -854 -503
550 42 -460 225 268 260 -308 -376 95
49 913 1064 -292 -550 -620 392 -1287 -856
-964 -817 -568 -568 -962 -361 -569 -1116 -696
-140 -97 404 -169 -1038 -978 773 -718 -1081
33 549 670 -615 -1570 -997 442 -953 -1101
299 647 277 1493 807 514 1806 431 -537
-812 -1119 386 -457 -494 429 -567 -2159 -797
227 1598 437 683 1039 687 286 311 -592
-438 -1439 245 544 -633 1061 1216 -459 -393
-2652 -1603 -1987 -1662 1014 495 -1648 1728 395
874 -831 -906 2152 -271 -84 2522 -69 -173
805 1240 355 -82 -1052 463 791 -2005 283
984 56 -323 -509 -2010 -871 403 -1004 584
-190 -1115 -1123 691 1443 -58 797 827 -1588
-1542 -249 -1020 -800 1132 651 -172 1933 1484
32 382 -157 -124 -618 -2 917 -1249 -868
-1216 -221 130 -252 -167 127 -918 -640 -1068
389 -315 -344 724 1151 3 -186 804 263
-206 -873 -306 176 585 1264 -515 656 258
-90 398 -130 -774 -609 -1108 637 -18 -540
-283 698 -243 825 -53 349 1278 1315 718
687 -380 112 706 623 312 731 151 407
-51 -279 1288 -289 -780 955 20 -650 5
-766 1168 1058 -887 -151 -1542 255 103 -606
-566 560 582 -681 -834 -1146 -28 -631 -983
368 -17 -1028 766 1363 -863 439 396 -861
-158 625 135 -718 -240 -854 -729 -675 -1173
2228 1807 -46 1405 1434 -533 57 184 -1163
-1499 -1375 -33 -881 -1007 -142 -267 1101 1418
-421 400 1131 -891 -797 -513 -101 -1004 515
-930 -538 1132 134 370 1671 -1100 -232 1243
1844 -591 -391 854 -1141 -949 -1283 -1515 -1359
-404 -27 714 -105 241 953 -220 -40 522
-1843 -2071 -2219 -982 -346 -345 -522 -539 478
-296 915 180 -1199 309 -239 -1857 -649 -1243
-1656 -1319 -1822 -32 316 385 -26 -373 83
-1149 -942 -1223 -421 -330 14 -717 -407 260
-1669 -1126 -809 -390 572 923 -638 17 329
1278 1387 1430 793 432 41 -411 -1163 -1478
36 -420 487 823 870 837 426 491 504
83 685 -290 2 953 81 -595 243 -790
-2089 -2369 -2517 225 -332 -602 902 94 -86
481 412 560 428 259 423 -84 -596 -143
-415 -1162 -401 274 176 51 577 126 64
36 -573 -645 1296 107 -136 1352 -117 -363
-696 273 -1883 379 550 -467 285 993 133
-280 535 467 797 784 868 1021 493 582
704 -68 208 -82 -311 -50 -346 90 -351
88 411 748 467 758 1101 465 1131 763
-836 -528 -1318 676 262 -192 801 79 -707
-420 559 -157 48 235 -90 514 366 -137
-645 -869 -550 -86 93 -110 381 151 -468
-153 160 -576 30 655 426 -152 692 344
-815 287 279 127 1175 53 1597 2064 645
1877 2035 2730 486 891 838 -932 -654 -774
80 -80 -1287 448 434 -206 -190 332 -249
-201 -275 -750 352 -55 -309 -580 -306 10
-1023 408 -1234 1239 1124 -206 1058 732 -1153
-626 -933 -934 859 -69 -582 674 -262 -1073
-507 127 -503 -25 495 366 95 650 -54
209 -436 -267 -180 16 598 -336 -270 120
-1352 -2365 -1371 -137 -526 -866 531 -950 -1444
-1024 -1303 -1175 173 56 -393 632 21 -10
781 566 373 293 477 -40 -600 -139 -1151
895 -5 -604 -567 -773 -1017 -507 -433 -365
359 1187 745 826 1111 271 982 1128 725
-817 -1612 -265 -406 -1156 -1 -49 -701 28
406 941 947 -26 1386 60 177 796 -956
1195 1647 146 1274 1123 71 1257 334 578
-545 -691 -742 -1420 -1739 -2403 -571 -960 -2017
-636 -119 -17 372 613 493 1544 1702 991
-8 -81 -487 -31 -393 -1358 123 -1389 -1560
2385 1580 -287 1759 981 -533 872 900 -807
93 39 -371 662 98 166 274 -922 -471
41 -340 -1494 515 -68 -140 660 183 -222
280 154 -29 654 1100 -246 334 300 387
-309 345 -549 667 1047 751 -61 1036 479
-877 -696 -552 720 -42 -862 738 -534 -1226
-981 -139 -650 -1069 4 -1124 -2089 -770 -1108
-945 -432 -341 -802 175 -886 -474 -42 -731
429 488 1467 -274 -825 1016 -444 -779 1334
-262 831 -181 351 970 -85 -236 831 -669
641 1226 -90 -97 -501 -1018 -1343 -914 -1547
-297 321 -951 1 -479 -613 -951 -770 -314
-1018 -474 -1424 -557 13 -697 -96 276 311
-350 -418 235 259 -528 -731 -206 -964 -330
205 500 400 869 811 413 786 69 -937
-285 426 -447 380 88 -622 339 -409 -764
838 301 -409 1357 373 -819 927 -563 -359
-181 1000 578 -131 -291 -505 -881 126 -166
-1097 445 651 -685 1244 1308 -378 836 1577
121 426 76 -953 921 481 -1922 -268 507
-369 79 -1280 -782 -216 -144 -513 -956 -468
-293 849 110 -343 1462 965 -713 536 1182
-786 -200 -661 393 687 -190 1144 249 -862
-94 -84 -369 -294 443 859 47 434 923
-38 -22 -197 512 -279 -312 795 -397 -431
-954 -786 -589 -1088 -681 -513 -541 -257 -137
127 194 841 -371 -427 202 -264 -355 -57
-524 -140 -1284 -566 -276 -1466 -412 -259 -538
-936 -788 -247 -1424 -910 -236 -1215 -630 -193
-64 -530 -967 -8 -471 -1070 -47 316 -761
414 -134 143 534 -12 772 931 764 1043
-1661 -1156 71 -1049 -786 -424 -106 -200 -388
-188 -274 -312 142 116 -246 711 421 -518
-209 329 362 234 721 454 417 1057 726
-383 -4 685 -333 -225 113 284 300 -47
-476 -369 -395 -516 -604 -1045 -232 -554 -864
315 -187 -171 701 61 -459 690 221 186
-653 -268 -675 -732 -679 -815 -823 -651 -968
576 116 284 10 -443 -224 369 -348 -138
-130 -487 -451 987 295 -440 228 -370 -537
-477 -105 185 -442 -223 -400 175 -475 -5
924 203 -64 661 255 715 186 89 662
-407 -15 442 75 28 434 -678 -183 -4
203 -381 -178 344 81 -253 2 -257 -304
-270 -272 217 -226 116 242 160 365 30
527 763 34 50 763 70 -13 -46 -324
-275 221 352 -648 360 618 -1214 -564 -221
-904 -807 -1020 -1624 -1373 -1447 -1456 -1581 -1450
-1446 -845 -336 -1574 -1278 -907 -1310 -942 -230
802 184 143 584 482 392 -243 357 590
1439 686 648 1887 936 701 1444 920 920
839 383 57 493 701 730 -606 254 770
510 580 47 401 235 -233 -5 -396 -631
581 598 -34 1250 676 1377 842 280 1393
-236 -464 -518 -748 -188 -433 -365 -153 -259
612 168 272 -78 -418 609 -662 -858 -365
-4076 1978 -2415 1478 9163 5667 2392 -1958 3238 7003 -1361 1497 5023 849 1284 -90 -1240 3541 -809 -1698 2031 1216 2132 2956 2828 3084 -661 -387 2081 2726 291 3515
-888
1191
67
-744
1702
1988
-210
198
447
506
105
-1488
-226
391
296
-259
2156
-195
3045
1264
1200
1223
-552
-217
-475
934
-724
2984
-151
2155
-1297
-493
-986
2807
-2728
1817
429
2263
-1451
-662
1038
-1292
-1396
2082
-701
1341
3042
412
-3192
-789
2360
-674
-701
2070
-5446
-2376
-1247
-214
1768
-2562
1221
-1970
189
3955
-76
102
-242
-481
277
-511
318
-27
-420
142
-417
-524
193
-160
-233
6
-912
277
-332
-2152
-865
43
759
-518
-865
495
78
-2514
-1089
1729
-848
650
2012
2614
1968
2508
13
161
1197
348
2996
1201
-1263
-659
5314
-4489
1967
-340
-90
-90
-43
-307
-26
194
-17
-53
-215
-332
167
-33
269
-92
-240
15
-2810
-1570
-691
-1240
1348
-1702
591
-2632
-2334
2623
62
-3177
1712
994
538
-2094
-1500
-599
562
572
-3800
-1180
811
-968
362
643
289
-3788
361
1498
-140
-2503
1524
3031
1311
-1264
1748
405
-1664
-191
-4024
3617
-3078
1548
5085
-1551
2865
695
602
-1281
1308
-762
385
473
-475
405
850
438
579
-565
-112
-1526
901
-103
-2716
531
2927
3164
-1280
1934
-1572
-2085
-689
854
511
-604
526
-885
2027
643
-14919
-4136
-3698
-2324
1601
-4207
1260
1858
-5700
3436
-1448
-6569
-5218
2411
-2308
-4356
-1767
-2218
34
204
-366
614
122
180
-1168
1390
40
-2104
1658
-981
-1729
-462
-5425
-1599
-10510
448
-6155
9246
8054
-850
-10926
2515
80
370
-8116
-5957
939
-2687
186
325
-93
-384
-111
742
-48
384
49
-737
-761
739
1453
-99
-242
-75
-1989
-356
-2773
-258
617
2558
3747
-1558
-2594
-2086
951
1179
-6401
478
-3239
1386
-2619
459
-158
-3409
-6482
-2565
-4186
735
2784
2646
-1844
244
137
-1406
718
-2190
751
1194
1971
814
3380
-181
-1039
-1311
-8773
-2319
-2273
1006
1200
482
494
3817
-6040
-342
-9535
-3232
-8744
-323
-24798
-1581
-5205
3279
-6145
-10515
-668
-2082
2439
-2791
-1663
-1823
1323
431
-907
181
-268
-1267
-1007
-548
1143
-185
-262
579
-713
1293
723
1423
2183
-770
-1224
-3358
-1810
318
330
626
-1370
-2204
-1952
-624
-238
1430
-1705
-619
2101
-1059
3904
5597
15396
-909
-10409
-477
2684
10542
2243
-1612
1079
-3123
-1109
-1177
-2004
-2362
304
-441
-3918
1692
-4390
-971
-1162
4056
3335
-154
-371
-2678
-1331
-592
430
157
669
656
2379
578
1486
-750
1342
-1203
-1757
325
472
1035
3229
-224
352
3030
3465
36
-2254
406
2820
-2565
112
2673
1298
1445
-1634
-2595
503
307
-326
877
-85
-324
486
-49
413
-55
529
-105
-770
91
-434
-540
3557
562
-4657
-2106
-6060
-4477
-227
-661
-4047
648
-2064
-338
-4692
3526
-873
-4721
-313
-183
-366
326
-750
524
-347
-1091
-41
467
-803
385
178
202
372
935
-4954
-3330
-3057
2483
3495
2503
-6544
475
-1191
28
-6368
-3221
1241
-3331
2217
498
1908
-1955
865
1171
1663
1393
267
640
272
-713
-351
-497
-988
303
252
2443
-2453 -3070 -3116 -4334 1071 2007 -10298 -2802 1922 3516 -7486 -3253 -3937 7959 4502 8319 -1884 -417 3678 -6027 32767 -916 4389 -18769 7308 -1954 -5263 -10525 7209 1498 9095 -2442
-2093 -1330 238 -2416 -820 478 -2831 -972 96
-219 -938 -997 -709 -1152 -1490 -2386 -1958 -1773
-685 250 613 418 1473 920 49 1223 552
-720 54 -105 95 -509 669 922 48 914
-2237 -1462 -1543 -1024 -1721 -1505 -1054 -1225 -191
1187 449 -108 2766 1616 1391 2377 1443 -377
-300 -338 228 -130 -172 582 320 -206 554
-323 -1300 -1225 -819 -304 -992 290 348 210
-308 -649 -933 517 154 -189 603 732 813
-857 251 62 -41 681 452 -1701 -814 -473
-1037 -344 -743 76 -514 -192 704 -75 85
917 24 -1299 205 41 -1217 -366 -1208 -1701
535 573 1154 593 901 1209 282 6 151
-695 -600 -1187 -594 -843 -723 -298 -650 -448
-881 -829 -1240 -812 -1066 -854 333 262 -115
-669 -122 -740 167 409 -382 295 -43 -463
436 113 783 182 157 1178 771 1627 2310
-128 -909 -409 -203 336 1285 -553 142 481
-340 -587 -393 -208 -973 -722 287 -1530 -775
-1476 -1568 -975 -547 -1029 -1142 -53 -711 -549
493 1846 1650 -507 165 103 -973 -1591 -1515
-619 -154 -731 1200 -534 1053 891 418 1077
1014 -269 -600 -380 -483 -220 -365 -106 112
-889 -1964 -1406 -963 -1551 -1040 -33 -344 -137
1664 2211 2231 -101 -163 242 -125 -367 0
317 -387 68 401 -519 -822 802 256 -636
-457 -648 -178 -165 -283 113 -1711 -2058 -1251
-915 -2453 -2109 -1207 -2137 -1282 553 180 147
-1126 -2237 -978 -617 -1318 -507 -741 -982 -529
1571 1830 2104 259 526 724 -627 -482 -240
-1171 -207 -579 -931 -1142 -1009 -629 -1188 -889
-413 -1958 -3257 1918 -318 -2723 1716 838 -1503
510 -1244 -1325 1232 -772 -1210 653 -1610 -1661
206 701 1275 147 -174 338 -2476 -2169 -1815
587 -115 705 -1202 -687 -1097 -2200 -2647 -3548
-1288 -675 223 -590 -271 -469 -67 388 -302
576 666 1029 607 754 742 877 1016 1016
881 2330 2557 -250 372 1245 -1860 -2283 -1267
589 493 92 903 1006 739 1226 1585 220
-1502 -1517 20 -795 -254 479 509 -574 -492
-403 -817 -1067 -848 -975 -856 360 410 -959
192 -238 925 -934 -1395 -274 -1267 -2239 -1961
2084 1718 965 903 719 741 -898 -1008 -1977
-112 1789 3112 15 742 1186 -199 -372 -835
-520 -1159 -1335 -280 -723 -1441 833 619 559
-698 -1479 -352 -808 -2077 -1185 -1648 -1499 -1241
802 807 -71 2 504 160 -1008 -649 -79
653 -747 -1471 435 -242 -1082 590 928 -17
-85 -655 -1582 -340 -1234 -981 913 235 -686
2099 2792 2060 1178 702 772 323 -107 306
-95 -661 -641 109 -438 567 -679 596 1052
-959 -243 160 -615 -23 438 -32 154 529
567 852 367 315 1875 1902 355 734 745
256 -2758 -2671 -789 -2531 -2669 -48 -1855 -1950
213 -120 -286 521 -1252 -536 866 -761 -1643
-311 -1330 -692 -1339 -1649 -1273 -60 -592 -840
961 1311 1311 759 1511 1503 817 1628 1153
1058 -911 -1562 -170 -1910 -1979 -1095 -1692 -1085
1375 365 489 361 -632 280 -800 -668 146
416 -1015 139 1209 -67 -219 187 -438 -236
1272 1603 923 2494 1841 1563 2196 2452 1621
-1522 -2050 -1054 -9 -865 -228 443 -393 -113
-657 -104 -1464 -654 -29 -388 -1678 376 -8
-1197 -1678 -85 -574 -605 767 -748 -2019 -1269
-1952 -592 -1213 -175 -925 -2030 665 -1007 -1766
-635 192 -633 -299 977 -607 -275 528 -1490
700 508 -1354 1771 -39 -1743 2058 -788 -2065
-1404 -1578 -636 -1213 -520 -152 -700 180 88
-1793 -15 1810 -1780 1255 1513 610 1825 1768
-102 -1491 -921 990 -1043 228 1960 -522 -799
-369 -671 16 -297 -365 -998 467 390 -745
-1220 654 970 387 1018 1278 1942 2400 409
802 -701 -905 766 -247 426 -878 1008 1762
-421 -685 -225 187 -266 1119 530 35 1351
833 -245 -226 626 -179 -310 1501 290 138
-41 -402 1044 -11 -127 867 973 1269 1398
-289 323 -239 -954 -512 216 -455 -505 695
130 -100 27 978 -459 -859 772 -460 -782
-159 -677 -1955 -1255 -442 -641 -1738 9 815
-1054 -358 -551 -194 -128 1 1415 -36 -1583
88 430 -1855 397 875 -1182 -757 -873 -920
997 -1660 -1922 39 -1708 -1301 -897 -1694 -1187
574 638 -986 693 13 -1577 1164 -769 -1363
-50 -348 -410 340 487 2 675 233 98
935 223 -1615 515 -423 -1788 931 -614 -1046
-182 -376 -866 366 -1887 -1046 601 -1420 -179
-1190 306 440 -2029 -95 -977 -1959 -1551 -1777
701 -238 -1394 61 -869 -2516 295 -1626 -2305
1249 734 -1384 1505 -453 -2277 1492 -980 -2181
78 -1284 -1162 1231 -710 233 1354 108 -480
-1999 280 1119 -3004 -577 678 -1984 795 1026
-1207 -731 -1170 292 905 377 1176 2101 507
-362 14 -953 -84 454 -298 595 1778 -24
-968 42 -99 -392 210 237 46 1011 420
-2696 -157 1252 -1862 491 1705 -917 937 2100
1097 -860 -960 381 -642 -892 -709 -987 -1103
-962 651 132 995 2030 -528 2039 1721 -2241
116 -650 -637 578 -90 773 785 112 382
188 346 679 -461 275 -228 -136 1307 664
-1230 -1436 -1470 -316 -921 -817 768 288 463
68 538 -104 -771 -451 154 -1259 -918 1005
-939 778 -1023 -841 611 -87 -516 364 665
738 -279 -109 -1030 -622 -965 -907 680 -38
-213 394 610 -473 629 1517 -1195 1259 2038
1546 2895 2537 746 1927 1441 216 323 275
37 371 277 -691 72 445 -1068 -110 819
-1123 -856 -1191 -511 -872 -1154 -1606 -537 -1380
1955 2032 794 947 2068 2118 -253 1962 2658
195 950 698 256 1177 205 134 593 798
-388 -614 234 -373 126 -780 -146 85 21
-108 1146 1508 621 955 680 1463 288 -361
-298 -244 -377 176 -536 -706 373 -327 -575
1200 1519 1924 246 1942 712 15 1601 -279
442 779 -416 1486 1078 397 1145 85 59
1025 807 380 232 649 -119 -771 -65 -53
-584 -451 44 523 1022 637 343 1102 45
1276 -435 -487 278 -1034 -488 -53 208 -357
269 434 881 683 1012 1601 2160 2334 1458
-1297 -1450 -447 -967 -40 -129 -381 385 -626
-107 -379 -517 -266 72 757 -597 -161 1023
813 -465 -801 -29 -909 -704 -865 -784 -722
-2826 -1259 -1813 -1654 -599 -679 -834 -180 520
-987 -1118 -1541 -969 -1528 -1943 -1162 -946 -1630
-904 411 108 227 140 89 -26 183 457
796 1836 2085 745 2131 1403 1921 1886 1375
-1162 -178 -1601 -356 373 -816 694 1251 756
-55 -653 781 98 -861 1361 1008 746 1764
388 -489 -1724 31 1721 1261 -1602 1980 2709
-1363 -249 1066 -1329 -383 639 -1292 553 837
-865 -641 -751 836 822 527 1781 1748 1445
1284 1234 1101 1286 905 1689 237 1500 1584
191 804 1077 -477 -248 -13 -734 -19 249
-363 -83 -412 126 188 -371 632 1112 693
1038 670 414 -80 223 -303 -376 157 -241
-475 -542 -277 -265 -1080 -430 1041 -204 -444
1179 294 283 858 88 584 -552 -1159 -241
1374 598 301 3 260 292 603 268 752
-512 149 17 -351 -279 -160 -1088 -852 -174
-841 -119 17 688 680 494 875 913 1035
796 607 -204 -377 -242 -477 -290 -77 164
47 -153 -429 -429 -824 -904 -323 -712 -162
38 340 670 190 102 447 604 293 27
-547 205 -194 -649 50 363 -138 -265 149
1107 2215 1095 1536 1826 1756 910 1145 566
523 863 1185 995 932 1340 -68 290 652
161 396 780 -482 10 565 -142 598 906
756 158 -114 736 124 -716 -629 -1010 -807
-228 -318 -265 -193 -351 38 -594 106 -89
-636 -1291 -380 -1551 -1762 -1552 -1914 -2959 -2137
656 71 506 298 133 164 136 118 332
-1207 -1385 -346 -969 -1111 -536 53 -226 368
-133 -651 -774 -731 -840 -899 -727 -1525 -1335
320 10 821 -572 -466 87 -452 -154 -10
1336 741 137 1034 840 74 573 -639 -1006
91 10 1000 405 737 940 313 -219 230
854 -213 80 533 176 960 427 216 303
-381 27 391 179 -642 195 89 -263 -314
-752 -834 -1938 -248 -330 -521 -81 83 -328
-88 485 208 -592 264 -360 -994 -918 -371
1250 -565 -1917 1084 -487 -1736 1199 763 -550
-979 -1958 -2265 -292 -2460 -1251 -956 -2359 -1966
-60 -756 -586 -844 -2176 -1760 180 -1629 -699
221 -652 -514 -300 230 464 -590 770 -148
5 821 1028 362 201 759 54 -647 22
-1392 -1444 625 -1312 118 410 368 636 -521
3111 3847 3348 -615 -600 359 -3702 -5422 -3397
726 67 1189 1171 -205 460 331 1734 1155
-726 -384 483 -83 -660 -788 226 -183 261
672 1483 1752 1979 1328 1494 1163 454 1010
-1940 -1255 -2084 -502 182 -533 412 1336 475
-1069 -2426 -1979 -462 -951 -1123 -623 -31 -360
-726 296 1153 -1057 -1005 -396 36 -1379 -860
-117 -589 -847 -817 -2100 -567 -337 -903 157
-1111 -1645 -540 -672 -1321 115 -281 -698 270
-103 -2007 -1893 -972 -2705 -2340 -223 -304 -101
-617 -867 -686 -657 -664 -513 1307 48 96
3 -1233 -465 -339 -1073 -415 32 -324 -391
2011 825 -850 -212 -1566 -1481 -523 -1895 -1184
865 1655 271 1118 1778 1019 -857 -123 -155
-7 -1574 -574 -309 -560 -1288 -854 -426 472
1430 1952 444 1408 1699 884 94 -727 360
-469 -1123 -2141 -1258 -2168 -1878 -679 -1093 -1858
1206 502 512 975 788 934 2057 1306 490
-224 -107 115 -1157 -907 -1194 -997 -1214 -1112
-133 -500 59 -242 -1385 -643 -534 -1073 -1115
-527 -133 -374 -119 -919 -526 595 -939 457
-671 -1316 -1778 380 594 421 -472 251 624
310 183 -564 526 -331 -535 1110 -612 -389
1712 1566 1399 590 1525 255 1003 1511 -1129
-232 -861 -287 -1752 -1494 -1235 662 -371 -257
-298 -1344 -1105 -809 -1181 -1903 -1856 -1510 -2434
-677 643 967 -1819 -802 -861 -2167 -1422 -838
2487 622 -540 488 -870 -654 -807 -308 132
142 -157 -4 -482 -691 -621 -1285 -1505 -1942
-53 -7 73 -633 -98 246 -1496 -930 -258
1216 677 322 400 101 -719 252 -926 -527
1376 1127 376 1198 548 -354 367 -202 -1418
646 -46 570 -570 -839 294 -651 -422 610
58 290 -379 -147 -377 133 -614 362 162
-1472 -402 -526 -348 -216 -515 280 107 297
707 763 -526 218 855 -385 -362 382 219
38 323 64 327 383 -328 -754 -756 -1526
211 -454 757 -60 99 537 -877 256 471
-160 94 578 -314 365 109 396 623 430
-501 -484 -73 -778 -1086 219 -611 -1500 133
450 355 1362 574 -26 -360 401 -162 -992
-968 -1234 -1086 -876 -1494 -2048 -1456 -1950 -1817
90 86 698 -60 -254 501 -513 -723 310
1419 432 -1523 1973 848 -14 1742 1313 873
1061 594 182 -600 -1220 -800 -703 -1471 -389
142 488 871 -212 -121 -405 762 213 -137
-1087 -1862 -1193 -1315 -2114 -1798 -972 -1508 -959
852 57 -392 1716 198 -160 1354 619 -318
635 -553 -1279 4 -608 -1060 -898 -903 -802
-1053 -661 -1361 -255 -509 -609 848 597 348
-1896 -1420 -1362 -660 -705 -837 -161 255 179
-1070 -267 281 486 507 528 1025 102 -210
1454 1806 1181 1060 1126 1260 369 306 282
-1458 -1663 -865 1436 821 982 1289 958 447
-182 -455 47 589 75 618 1518 902 87
-705 -1751 -1677 -465 -939 -1063 320 -31 -269
210 -25 -695 -1352 -1091 -1956 -771 -781 -1198
-119 39 281 -504 -336 -71 -1102 -853 -341
-1524 -880 357 -2243 -1813 -107 -367 -513 136
1781 -53 115 941 -752 -371 -422 -1339 -2559
-803 -185 -503 -188 322 -436 -764 455 89
-1848 -455 -468 -1735 -1462 -951 -597 -752 -482
2024 1666 -648 337 1846 1240 555 863 837
-397 934 820 -1664 117 209 -251 195 561
-2891 -1387 961 -1661 -1423 370 -1562 -2774 -2261
-1004 -1076 -1224 -1323 -928 -612 -282 -2 141
-1808 -1051 -1176 139 -637 185 768 -753 -325
-1419 -2106 -708 1170 -13 1602 1677 3023 2074
-1505 1201 828 -1926 820 1507 -2844 10 2562
-578 -832 -942 -1010 -835 -672 -239 137 -364
-1400 -1322 -933 1201 966 1082 1233 2344 2405
-109 637 -31 -575 -313 -260 139 -268 467
-91 780 811 -79 980 1717 -502 263 1892
174 527 110 823 1956 -66 217 3315 2031
1145 -359 -82 4 -1116 -766 502 287 -928
606 298 -720 1214 1041 862 432 -471 550
199 1588 1330 1247 1665 2815 -1142 -792 1014
-2390 -147 -893 -1080 273 -220 340 682 1386
1973 676 475 -310 482 -1152 -361 1648 130
1435 -234 -943 709 -646 -1697 790 -900 -481
224 1688 -239 -365 627 -160 -218 1483 1283
-683 2438 382 -1096 1798 350 -2092 592 1105
-684 71 628 -1356 -1053 -686 -515 -1786 -1669
142 257 1122 534 247 1258 899 917 1525
732 -1914 -2332 477 -1723 -1320 852 -299 -615
2642 2417 481 1008 2102 681 -453 1585 1626
-1185 -850 -39 -628 -160 411 -301 -486 1395
203 1470 875 -355 -107 -441 827 1511 235
-1389 -194 -1393 -83 713 491 -787 181 -103
-1804 -1125 -1487 872 1236 155 1836 2074 1841
-1465 -1558 -1554 -320 -789 -1161 -599 -240 -971
1201 2542 2433 1162 2135 1447 973 1442 -477
-376 -192 -487 -767 -850 -582 -1238 -949 -333
1044 547 454 297 120 568 640 899 1525
-1269 -1441 -2328 186 92 6 916 1303 512
-303 532 -479 -663 -421 -579 -893 -565 -224
-403 -776 -1264 1964 1297 101 2755 1562 838
418 -538 -367 -60 -213 237 498 1759 693
-617 -321 908 1296 414 -42 96 301 442
-1945 -2668 -2684 -568 -1430 -1991 -302 -863 -1432
-375 -793 -41 -89 -196 276 796 859 1208
-367 -279 -260 67 -209 -391 -328 -474 -625
613 -1159 -982 723 -595 -881 832 -319 -1109
-592 -424 -185 -1172 -690 -248 -198 563 768
-453 -1481 -1042 -224 -679 -225 -55 -721 -196
-763 -747 -681 -186 -340 -159 -447 -985 -805
260 1017 630 26 214 342 -270 91 -52
1088 1078 2049 262 333 1285 -547 -221 -120
-729 -1210 -841 402 -52 -551 299 250 -858
-286 -691 136 -330 -653 52 -270 -491 -299
-359 -390 -330 45 -23 721 48 -278 731
163 81 -49 152 540 956 21 70 703
2284 2033 416 2276 1531 1136 2627 1870 1237
-318 -360 -1219 -657 -181 -776 615 629 -393
1850 986 1112 427 437 254 -1100 -1373 -1372
411 766 -106 -33 136 -400 -503 -289 -840
229 -539 -786 752 -385 -253 218 154 666
1637 1263 961 -649 -546 -293 -627 -928 -623
-58 -151 -463 -156 -184 -225 372 848 483
214 -581 -440 -554 -991 -489 -437 -1332 -628
-26 -772 -1039 -324 -941 -684 -1464 -1190 -1615
-370 206 22 500 777 810 38 123 806
2097 836 32 1659 1903 1266 510 1978 2703
-1515 -618 17 13 1764 1709 -607 1473 515
-92 -279 946 243 -263 959 -188 -292 849
-215 11 -560 -776 -104 -1162 -1670 -1357 -1338
-63 -656 -414 -308 -890 -1430 517 160 -269
1253 6 -592 -579 -928 -1412 -133 -835 -148
-1724 -2022 -326 -588 -713 1507 721 1146 3347
-235 -728 -2206 -1127 -1568 -2894 -614 -1901 -1748
31 -182 -567 559 98 39 1600 -501 -738
-1822 -1742 -896 -1441 -686 -1263 -530 -357 -315
-2303 -2221 -360 -2688 -2515 -266 -1010 -447 2051
1282 1708 1745 1382 1690 1010 -1794 -1143 -2244
-1822 -2016 -1164 2894 2674 61 4553 5525 2794
726 -534 13 -976 -1486 -2669 994 -103 -1056
436 416 -201 2361 1568 936 833 1407 787
-1056 -1030 -1554 -1767 -2000 -2027 -1323 -1422 -754
1359 2426 1826 436 809 -16 -655 -546 -1692
-2381 -2057 -1621 -266 317 203 -358 1037 1708
281 -316 -1389 1224 1981 1526 3189 3610 2233
504 752 190 150 390 -922 239 613 471
823 744 1158 772 889 1794 67 1285 1003
147 -624 -1060 -343 -554 -907 -787 -1172 -692
-531 529 1430 605 1223 1674 -248 866 2070
1498 295 256 273 8 771 972 1303 1576
1541 1169 900 587 433 68 139 -231 -1098
-2142 -1057 -258 -1754 -1635 -819 -1052 -1359 -1070
-677 -561 682 -997 -472 153 -208 -255 -444
2490 2102 976 1283 683 1 -602 -1521 -744
1905 1182 387 1412 418 -842 1643 714 388
-623 -332 -205 -717 -1422 53 -462 193 1590
-2204 -2861 -2959 -34 -1177 -902 -860 -1672 -429
79 -13 197 -1277 -1123 -1149 254 -15 -384
-1038 -415 -916 816 -139 -541 1030 -369 -1769
-204 -463 -947 -102 -238 386 -450 34 270
-1256 -2595 -1467 -378 -1829 -873 -572 -1419 -369
-769 -1237 -1297 -592 -1074 -911 -555 -1629 -589
-1525 -934 -421 -1004 -1174 -1011 -1272 -701 -958
690 1730 2051 -1232 -799 -451 -1486 -1721 -1277
-1198 -2124 -118 -952 -889 290 943 1367 2794
-396 227 462 403 -6 498 158 292 -37
-907 -818 -306 -179 -829 -527 264 -830 -156
1474 380 -596 1257 207 493 91 179 1171
-307 529 394 361 865 1440 1190 1268 1196
280 431 332 -107 143 -221 -800 -282 -737
-389 -415 600 89 20 -249 232 90 248
880 760 1735 -262 121 728 539 16 834
488 876 -117 618 58 159 907 1052 416
-666 -1072 -1002 -640 -436 -357 -465 -257 130
1299 3230 1656 759 666 545 -2005 -1587 -1365
-660 -1105 -1059 -646 -401 -93 -1365 -1014 -783
-461 -821 -904 -83 -337 124 725 1157 314
811 1387 981 314 1293 1238 24 242 483
-243 -272 686 311 1342 1289 270 2131 2482
185 285 -676 20 -516 -1109 204 112 -699
-1229 -1644 -635 -744 -1528 -1551 -537 -1211 -1118
939 1085 -196 1483 1423 309 926 551 -971
96 -1540 -1252 397 471 -19 593 1154 1070
-687 -372 77 -1216 -1068 -1295 -1171 -1167 -1100
199 -47 395 -391 -795 -324 -1418 -1261 -898
323 1204 694 79 894 871 174 497 1009
-1211 474 606 -348 673 665 966 1655 1360
-320 880 584 688 1013 1577 1324 849 972
-368 -724 -1202 -608 -878 -746 -1207 -1381 -799
492 321 -53 -85 110 526 572 411 835
-610 -666 298 -466 -600 -659 266 -673 -1015
-156 -2004 -3631 1302 -1228 -3399 1375 -505 -2614
443 -514 816 93 -772 495 232 -1154 -1114
-379 -1343 -943 51 -117 -1120 12 -570 -963
-668 -783 -822 -477 -274 -53 1692 1131 833
-177 -600 -1680 -739 -1204 -804 -708 -1204 -132
-1905 284 1242 -2811 -247 1534 -2701 -1296 1188
1938 323 -997 1430 1229 -677 1704 753 125
-446 -1075 -2642 773 -773 -387 1337 656 2074
-338 -623 -226 33 416 -850 -465 -23 -136
1318 1492 -653 1251 293 -1355 161 -417 -1978
335 966 -176 471 1004 -1082 361 711 -431
1407 1120 2459 226 -333 637 -72 147 -277
-302 -1629 -2273 -458 -1341 -2228 224 -972 -1031
-352 -303 -368 -39 -1065 -883 -390 -353 -1269
-180 515 482 -102 -389 -905 -391 -444 -1679
42 163 118 604 574 -351 1860 1025 -2
1364 -782 -2305 -504 -1375 -2019 189 1041 1285
20 -339 -741 -719 -833 313 -1272 -932 472
1343 896 -551 1047 724 -1257 -148 -277 53
-2157 -1104 1673 -1158 -1549 1425 -766 -1744 -1151
-160 -414 -503 118 640 1443 -692 165 1461
1568 762 1265 1347 1479 1672 699 1793 1259
1793 -163 -240 923 -907 -991 1688 -67 -1017
-158 -621 617 -425 -741 -112 17 -1111 -553
-527 -486 -240 -391 117 1500 -983 -790 387
-931 458 1717 19 935 1398 -43 285 524
2446 1258 -386 540 902 -1142 -475 18 -1385
2815 2748 810 1802 1684 1317 688 1258 374
632 574 171 -76 455 778 -160 -774 97
906 194 -565 2029 223 -813 832 -198 -1518
-1106 -846 -169 -913 -521 -835 -168 -470 -559
-3142 -3144 582 -3584 -2792 434 -1627 -589 2435
-1656 -128 1982 -1124 1083 2426 -707 984 2114
-530 -658 -1150 -488 -1028 -1299 777 46 -71
153 -705 -475 397 311 242 -176 253 75
-1061 -17 -353 -1020 -798 -969 -637 -869 -907
291 -114 -1834 986 -361 -905 325 -267 101
-939 -1611 -1272 -704 -1370 -1116 -344 -301 -210
411 -350 -684 28 -494 -410 108 -40 -28
1386 935 -800 561 346 -1108 -302 -863 -1740
455 -551 -356 -620 -204 -897 -950 -750 -811
1044 426 -474 1122 283 -992 411 232 -537
47 -431 -376 -1204 -972 -762 -1063 -655 -511
1046 -275 -2452 782 834 -262 1775 2049 1536
1453 665 420 2412 2046 1717 2236 2161 2641
-9 -865 -482 -929 -1141 -555 -761 -669 -925
-7 8 -463 -217 38 -278 -728 -310 -782
-507 -578 83 269 -7 597 375 213 609
-573 -1337 279 -540 -1865 -184 -507 -1499 -270
-197 -229 711 -184 481 317 440 926 555
670 137 942 -254 -83 729 -1098 -1291 -313
906 287 -367 695 156 -41 352 -4 60
-613 109 533 209 690 274 80 678 851
317 206 -36 -664 -536 -633 249 -539 -161
832 285 180 -214 258 119 -1188 -715 -283
-709 -779 -539 -385 -751 -718 -567 -575 -67
22 -237 142 -282 -631 -246 88 286 242
-619 407 263 -1154 -537 -776 -512 -681 48
1497 131 2165 628 -233 694 -903 -1618 -460
189 -1146 -914 -840 -1786 -1521 -451 -1678 -840
-43 -627 397 -66 -431 -317 501 -636 234
-1165 -1418 -1757 -52 -157 -680 -194 -20 -413
-801 179 -107 -1864 -701 -862 -1587 -343 -515
2853 650 -842 2216 160 -1169 2483 1032 -559
1319 -418 -351 -233 -334 -1258 -257 -806 -1125
614 902 1657 -821 -515 7 -2507 -2700 -2323
551 -60 426 68 -415 -116 149 -946 -143
2671 1362 387 2177 1791 1423 716 1268 541
-1326 -1627 -1417 -1134 -990 -1393 310 -199 -51
-309 -142 335 51 576 1001 -1616 -436 -1004
-937 -1150 -136 -434 -360 -454 -91 -638 321
1843 598 -1207 1639 1013 -362 281 353 525
-670 -432 -346 522 539 152 -544 -236 -1415
-140 94 44 -110 207 108 310 487 -388
125 96 -321 -211 -757 -1026 -689 -1094 -449
925 782 407 316 184 260 -1009 -456 229
171 206 200 70 -173 300 671 612 935
-507 -1409 -1444 -1417 -1666 -824 -437 -544 -103
-1105 -823 -81 -757 -801 -373 284 -86 164
637 1664 1321 398 782 506 -227 508 -148
-882 -239 -46 191 344 887 907 1437 1339
679 1039 1125 1079 367 37 189 -423 -1527
657 -220 -545 555 -395 35 737 75 281
322 -651 -565 -251 -1437 -1070 -641 -1769 -1332
223 833 1313 511 293 1029 206 -17 102
-723 552 1468 165 766 632 -53 347 -711
-33 -675 -825 84 -184 -1078 1529 203 -181
-958 -1344 -1170 297 -90 351 494 454 104
696 2131 1719 119 393 814 -790 -411 12
-778 -707 -887 -2329 -2651 -2451 -3326 -2911 -3009
-673 -169 325 -642 -1024 -663 292 312 749
218 -21 20 -421 -1066 -264 274 -98 555
1484 1074 1141 760 1186 11 25 -748 -1219
-2059 -2074 -1201 -1457 -1381 -910 -1287 -1031 -396
786 1108 1144 -2 166 191 881 851 592
-729 -220 155 -292 9 -463 71 163 -975
1616 124 -1461 1590 -755 -1793 2148 276 -1241
-650 -27 -243 -1618 -1079 -1434 -536 -1198 -1379
91 1745 2168 54 -507 266 -1194 -2408 -1840
-160 -21 171 -525 -931 -631 -574 -1392 -1348
125 -447 -255 828 735 127 1462 1496 -385
836 -657 215 -1093 -1788 -839 -1922 -2888 -2027
-67 -421 479 -480 196 346 244 1493 428
-744 320 970 -17 -84 939 201 290 448
391 115 57 326 -200 -327 -630 151 -237
-402 187 101 948 1648 448 812 258 -590
269 692 377 -165 -64 247 -593 622 -228
-1282 -891 658 -469 -965 68 -439 -613 -467
97 -1030 206 -434 -2142 -725 -543 -2001 -122
103 -59 201 385 138 685 234 -521 367
-699 -1486 -1884 -902 -1101 -1755 -897 -359 145
620 94 -240 820 1015 241 461 939 -190
783 354 169 735 -826 -615 398 -1033 -405
740 1153 1242 -868 -328 -16 -1807 -1147 -656
1696 1318 1224 1552 1370 1562 73 363 800
-2481 -1699 -1662 -1436 -1675 -1494 -490 -1277 -803
622 15 -109 1749 1312 742 2687 2131 1860
-939 232 -224 467 488 861 747 786 1542
-419 128 631 -121 381 864 58 596 713
-1453 -420 -971 -1445 -949 -1059 -627 -246 -861
-926 -1129 -1169 -1102 -1376 -1039 -446 -538 288
-132 -612 -355 728 439 727 164 388 897
215 1214 1592 299 868 1088 -854 -82 685
748 -782 -659 493 -1033 -1460 1084 -743 -402
-755 -2568 -2803 -584 -1720 -2348 -1175 -2268 -1295
1145 123 -303 1330 369 174 876 128 -282
-1101 -813 -1371 -438 1039 246 101 472 -51
219 1798 1619 -2550 38 1848 -2412 59 2275
-2812 -2502 -1302 -2750 -2412 -2559 16 -1994 -3322
-221 -141 -577 -1351 -21 -337 -1925 -357 -1427
597 -739 1020 -641 -1958 1737 -1322 -2259 59
-505 -1126 -1700 -1292 -1726 -1377 -1675 -1366 -797
-42 12 -1193 -860 -294 228 -912 -619 1625
-2689 -2560 -2595 -405 -1004 -1595 1884 155 -1842
632 821 536 -142 158 588 -170 -464 334
992 392 731 1635 1416 3323 -330 1186 2555
388 565 443 492 656 682 278 1270 904
706 -203 -2121 217 -50 -1757 975 -400 -1415
632 882 251 -837 -1424 -41 -697 -988 300
796 -1383 228 -233 -1911 -868 -1293 -714 448
1647 1380 1089 431 405 516 39 108 -454
819 -49 180 -538 -281 -726 -1032 -1317 -1519
-1685 -1753 -962 -1545 -2570 -2655 184 -155 79
941 715 515 264 -46 -407 649 -512 -703
2261 486 413 2260 968 698 596 -375 -1092
-94 1620 1162 1093 1743 91 1380 1642 15
965 638 1700 1675 1580 2218 1065 633 590
-1081 -364 -464 -802 -748 -1004 -1189 101 -254
930 1635 1875 2086 2140 2214 444 131 187
150 925 -859 2608 2645 1681 3835 2909 2096
529 135 114 320 -375 -297 798 11 144
927 1051 1528 1443 500 2576 2194 2039 2059
1018 428 -189 -920 57 -1687 -2917 -1986 -2510
709 777 981 -175 -381 -1995 372 -254 -947
647 234 600 774 396 534 839 1078 819
-733 374 -122 -210 -479 -274 -171 -1197 611
1369 -931 -535 1198 1070 -135 1521 1316 -220
826 1115 622 -370 -261 -892 -1289 -543 -1227
-574 488 -484 -106 -345 739 -721 -324 -213
1318 -1795 -4129 -1977 -1796 -3377 -3646 240 1056
-157 -456 -72 -720 -439 272 -467 387 664
-1453 -1297 -1848 -958 -1257 -1442 -421 -1102 -1498
-807 -771 -979 -286 -763 -677 -243 -692 -435
-552 -911 -558 -714 -506 597 -149 769 1313
519 811 423 963 872 598 1564 1958 1940
-695 -196 533 1572 1748 2100 62 -338 -50
397 88 -395 -433 -386 -469 483 245 137
-1704 -749 245 -1850 -1556 -303 -770 -1029 -235
-998 -1090 -1087 31 -205 372 -15 119 398
-1361 -1378 -931 568 280 34 -415 -859 -1077
-824 -1172 -1095 -1201 -1811 -1190 -729 -168 463
-1741 -1087 -427 -473 -212 -878 96 310 -678
1048 439 600 1210 811 1268 -103 -944 -1122
-598 -395 -89 319 -101 296 244 -650 -179
-743 -1217 -1607 92 -114 -280 -364 -79 -379
785 41 -578 287 -300 -700 -72 -678 -434
-187 -555 -830 12 -86 -278 1824 965 1234
-2033 -1843 -998 -884 -1172 -320 -85 -334 44
-486 -912 -635 1206 783 832 548 485 657
96 -235 -683 1110 1050 816 1171 1280 1624
1255 486 38 198 406 -89 285 116 522
-1227 -1457 -992 -1603 -1669 -353 -710 -1134 46
-520 -430 471 -701 -855 -347 -315 -833 -565
89 -644 -435 20 -468 85 840 -118 234
123 -395 -840 613 -216 -752 533 -86 -417
-261 -1383 -1760 -365 -348 -104 94 563 642
415 503 223 -507 -263 -284 -97 -781 -398
-671 -952 -648 -1028 -1236 -1195 -248 -408 -487
1797 2141 925 2121 2200 828 1961 1519 824
2194 1590 2850 1024 191 1072 -363 -494 58
99 729 57 1268 1027 925 -257 -87 -615
415 -137 -1265 1052 -163 -1233 2010 457 -1259
-332 232 -756 942 1016 733 258 787 277
-777 -935 -975 -916 -470 -1483 -1795 -1723 -2103
1555 1637 495 -127 280 -17 -1368 -1089 -1700
612 -76 545 -297 -364 -906 91 99 -75
1299 98 -2174 1329 -153 -1587 1205 19 -1939
-2503 -2474 -2586 -1163 -1933 -2475 149 -1190 -1476
162 591 372 842 521 372 514 -320 423
731 1235 -980 80 -1436 -1787 660 -1350 -941
-2079 109 -34 -1194 221 -1163 -273 688 -61
1317 2075 664 50 910 -422 -525 -85 -597
445 1036 1352 1107 364 1209 392 541 -81
0 1403 1225 80 1090 635 2050 959 -615
-883 -1915 -1119 -2353 -2946 -1964 -2143 -3143 -2142
-114 99 409 -676 -3 1469 -387 394 142
-537 -204 600 -1094 -38 249 -2104 -661 231
-181 -875 -164 -783 -892 176 99 -541 97
960 889 293 341 349 472 1043 -432 1478
-324 -129 -1167 280 819 938 169 543 2842
-905 430 -21 -1432 -870 -727 -360 -820 -392
-401 -1471 -608 -1940 -3162 -2660 -2085 -2197 -2888
816 158 347 1240 25 477 1579 793 153
-176 173 1074 -1144 -356 -357 -507 101 -286
-2289 -3598 -2251 -2677 -2567 -672 -968 -260 1450
-769 -1576 -1608 -859 -1517 -1426 -1214 -1288 -886
370 199 318 -1180 -1018 -202 -1944 -1332 -642
1470 1230 1852 341 -469 44 1519 -533 -974
1718 2557 313 1231 2556 1425 -414 574 655
-72 550 407 -643 -817 78 -604 -1860 -627
-1291 -289 714 -1087 -186 406 470 747 852
-380 -719 -1580 814 56 -302 767 -354 -464
737 -49 -449 -215 -924 -1622 -839 -1239 -2570
264 773 498 1621 1139 -40 540 219 -1643
1399 1297 -617 1034 -200 -1440 18 -877 -1097
1511 -152 -644 -348 -1925 -1730 -1479 -2813 -2085
-77 -189 -23 -1503 -1136 -530 368 -450 -12
266 1077 413 678 746 -245 -171 -738 -1296
-1346 -1545 -789 -771 -956 -459 -379 -685 -515
633 -196 -736 -111 -3 245 -2894 -2912 -116
-354 -361 -674 -160 -661 -930 -322 -138 -296
-727 -1377 -1585 237 -330 -381 -205 -527 -864
984 1213 666 1203 606 -31 825 305 479
-119 -859 -195 261 71 759 -11 -689 -302
-1254 -1081 -829 -1987 -1577 -1397 -808 163 -262
-1607 -1589 -1378 -386 -496 138 908 1209 1167
-338 -534 -705 -293 -217 -297 1174 -405 -690
378 -224 -397 122 342 41 463 1201 -160
-221 -1362 -1781 -508 -883 -669 -707 -537 -572
9 -34 27 14 -432 -325 -91 -570 -194
-598 -415 -276 525 550 633 271 1558 1451
778 97 -1024 891 -299 -1264 1298 -9 -159
-1310 -820 -838 -1254 -448 -259 -443 -286 -980
1315 1555 189 -154 -335 -696 -1355 -1638 -537
-990 -263 9 -563 -17 310 462 1997 1778
-491 377 -29 920 1454 685 996 1846 1197
-971 -1 -240 71 749 998 721 1628 673
842 690 -267 16 -320 -727 -1028 -1284 -761
312 -85 -356 -633 -399 -395 -156 795 222
-590 356 321 -599 61 -104 -1229 -423 234
-805 -795 -786 117 293 315 890 667 126
-1042 139 -61 368 399 -95 -597 -502 -1047
-123 -796 -507 886 784 409 734 191 369
-367 -347 -409 557 470 244 1303 676 234
-602 -1401 -1809 -2292 -2459 -1835 -438 -492 -207
-627 -638 459 -331 -633 347 -368 -1100 244
-845 -1841 -1835 -450 78 1088 -360 1982 4511
-2015 -747 -1452 -1329 -770 -1670 -414 -220 -1585
841 -872 190 174 -452 -597 1270 283 452
1089 -300 398 131 -725 -884 -592 -1103 -1535
1172 555 -869 2761 1219 -547 2481 1488 -806
499 -391 -2306 405 20 -941 234 101 -493
650 1295 -561 1082 808 106 546 355 280
-468 -919 -498 454 -153 -722 1909 73 -1077
-1205 -1106 -1649 -1491 -1146 -2195 -715 -605 -1227
1703 -129 -909 383 -567 -1992 76 -457 -2566
701 880 1183 636 498 800 -767 -1071 -711
-1261 -1369 -353 -1277 -1174 -1059 -132 -772 -1645
-1339 -1559 -1143 -1883 -2468 -1432 608 -593 -262
-15 -59 505 540 158 -282 1178 835 -439
-858 -188 -615 -1118 -618 -105 -397 446 358
-365 -1648 -66 -271 -1117 -156 -112 -867 160
-177 765 -302 491 538 1499 1071 1169 2659
-1397 -1553 -1492 -711 -1248 -1574 -619 -263 -578
-571 211 274 394 1011 1312 632 1733 1096
438 30 262 281 -904 -494 30 -709 -768
68 188 -26 -583 53 343 -303 -77 -201
-239 -278 470 -703 -500 -108 -1088 -1049 -714
245 877 68 350 250 -211 3 -487 -864
-498 -953 -630 -1221 -851 -1158 -21 88 -501
2640 2852 1757 2328 1269 1224 1163 1109 465
746 -99 373 -175 239 424 -810 -999 -339
1164 1256 1723 1688 1833 2735 1439 1842 2316
1090 2209 1380 344 -93 -272 -383 -401 0
323 -140 -473 -294 346 -537 505 -212 -531
-1316 -1118 -1207 -461 -564 -1295 260 -9 -727
815 250 -243 -268 -203 -212 -1036 -292 -486
-3410 -2302 -104 1109 -68 -63 5775 1793 -948
-223 -335 831 -28 -976 -585 380 -734 364
-509 -323 -151 -1665 -863 -946 -2548 -2484 -2507
441 631 2037 812 -191 1052 -614 -225 -92
-1987 -2638 -2512 351 -355 -410 886 1336 363
561 -219 894 120 375 -521 -1417 -1349 -1594
-931 -1007 -1591 773 -20 -621 1740 1458 660
-227 -77 79 -355 -1027 -830 -1028 -2061 -1968
-617 904 2481 -1356 -1539 -401 -846 -2066 -1300
407 836 -49 -96 658 -48 -5 1036 1174
521 290 -49 269 411 -668 290 -678 -1484
-398 -1263 -793 1340 -136 1059 368 -357 218
-589 -432 289 -566 -621 346 1147 1354 1051
2517 1943 2603 1455 1465 755 -1074 -1193 -614
827 1455 1737 -228 222 -35 819 179 -348
61 -1357 -1380 -1118 -1906 -677 -76 -1091 253
-418 87 -600 -513 534 702 423 1219 1304
3369 1590 1228 -245 -514 -102 -1105 -1572 -660
-716 677 -251 438 1435 919 2220 3349 1882
561 326 343 -1901 -1514 -1004 -1280 -1524 -511
541 1720 1009 744 40 -214 147 -411 -374
-324 -1235 -1277 1031 68 -498 1037 509 1256
911 1279 1630 1321 1139 101 -237 -741 -1928
1478 476 -73 -381 -1005 -1259 259 -386 -229
936 936 -161 629 75 -463 -513 -1137 -1716
972 1673 1269 355 1266 337 407 -18 -492
-671 -2154 -2488 595 -1001 -1796 2177 996 770
-679 537 350 -216 -148 534 -315 -862 -242
1762 2216 2233 793 2412 1514 609 1364 1108
1414 1621 820 1255 335 133 1303 -70 -1103
-1041 -1274 -1083 208 -693 -977 113 -468 -417
-1740 -1459 -633 -1245 -1814 -590 615 -1193 435
427 -1481 -2446 226 -858 -1187 1526 647 538
1655 891 1203 557 160 665 -553 -983 -385
177 68 227 -256 -389 -353 -1820 -1953 -1838
-286 -512 340 -996 -1262 -443 -315 -1366 -242
-674 -740 -1535 -427 -590 -973 575 555 152
2026 1166 926 706 493 -250 -594 -1004 -1234
743 178 -1379 1003 203 -1404 1711 1100 -162
482 869 621 547 1310 1034 240 787 475
645 197 923 -288 -1099 -263 -581 -420 131
308 643 227 -198 -394 -353 -253 -562 -333
487 13 -449 342 126 -405 81 -132 -848
489 -615 -468 -1114 -1818 -1081 -723 -1558 -963
154 840 1222 -1031 -353 618 -149 -658 -563
-879 -1456 -1710 -340 -1238 -1177 -1136 -900 -904
-773 -1003 111 -458 -987 -861 353 -174 -274
904 1833 1271 -324 46 24 -1846 -1838 -1615
482 154 309 69 -519 -191 -389 -792 -506
430 174 488 502 90 665 190 121 708
532 182 388 1017 691 375 406 722 258
-780 -1340 -391 -1079 -1182 105 -368 378 489
-1153 -1688 -1629 -713 -1711 -1484 22 -1105 -961
1512 1471 833 1112 272 386 24 405 -320
412 -212 -575 74 -791 -331 305 -431 -29
-577 -959 -345 -790 -1141 -731 130 -336 -328
-775 -225 20 -666 -173 75 -1157 -644 -292
173 -300 -42 -815 -764 -667 112 151 -395
1018 530 156 1321 214 -442 508 -121 -679
-496 -841 -392 -1227 -809 -321 -634 -330 676
121 -356 -436 529 376 261 749 1074 454
582 1524 610 258 1414 527 -421 -166 188
-1872 -2293 -3149 -856 -582 -1027 -738 -325 -631
-708 -617 -1211 -473 -396 -1078 699 659 -73
1106 860 869 368 154 -83 530 -305 -830
291 91 -1835 -461 -103 -511 -1390 -1664 -265
-634 -465 1248 -1322 -257 -28 -1194 -945 107
-1294 -1640 -2629 -775 -1238 -1601 -1360 -2794 -2456
2840 2353 1362 1972 754 -194 2083 1362 1213
371 224 -129 -1654 -1651 -2176 -629 -270 -625
-3039 -2641 -53 -1217 -488 1473 515 -388 1365
1399 1529 1060 1670 2797 2877 1724 2124 1793
526 120 -2582 484 232 -2122 -180 -930 42
988 762 263 548 -36 -370 155 -1838 -940
-269 -59 368 -171 1475 1181 -1040 818 1483
277 2391 565 454 947 85 43 -15 -379
2003 1769 -1 985 1146 531 1950 1728 1007
1092 626 338 1231 -508 -508 137 -726 -1017
1016 310 -208 -977 -1197 -715 -747 -1157 -1442
345 795 112 56 -496 -79 -736 -324 -553
307 -42 -79 -767 43 -335 -783 -355 -838
-2658 -1762 -254 -400 -660 -171 2607 1061 232
-1234 -1322 -237 854 494 2266 2107 1311 3106
-1312 -1100 -1075 -261 -988 -187 954 545 1256
2371 764 1067 1207 2183 1190 -590 1058 947
414 2061 729 1274 2176 1417 -580 333 1152
-3301 -2553 -661 -2910 -3003 -2591 -566 -2116 -1153
1 -4 571 -383 676 -731 86 591 -759
-268 -273 -327 593 208 653 347 -49 140
-477 -1164 -486 -550 -1363 -425 -2353 -1907 -1784
656 3034 3936 -609 1165 2088 298 190 425
-540 -1764 -511 -1027 -1493 -2309 -1172 -701 -1548
-1027 -333 -155 -1672 -2081 -1048 -1348 -1139 -659
-560 105 1495 757 570 1008 724 -444 952
-961 -1406 -2240 -1044 -861 -907 -897 -1104 -1277
686 1265 667 -1043 -827 -429 -3129 -2204 -2128
-1945 -1243 842 -1039 -2232 -1135 236 -2965 -2248
-2149 -1096 -1058 -1898 -129 -954 -1809 -1276 -1275
-617 508 914 -1482 -320 848 -1957 -1266 590
710 401 -1247 -78 -173 -1369 326 -428 692
-1533 -356 1123 -1276 911 588 -31 -169 -293
-473 -1739 -1965 350 -1554 -2126 1467 -1320 -1622
-2115 -360 2329 -1399 1223 2629 -2962 590 1322
1431 524 -913 -519 -556 -486 284 -670 -652
-1663 -943 1060 -513 -822 585 -9 652 480
-211 -311 -2301 110 618 -187 455 581 784
-54 -1638 -1382 79 -1412 -1674 555 -1740 -602
-255 -240 -401 -2238 -1397 -1082 -1225 -1571 -1925
-764 -2463 -462 -349 -1147 704 -1184 -801 1911
673 -1448 -1577 491 -924 -425 1872 712 1534
1174 862 -305 2810 864 -1070 2848 1206 -764
-1908 -1076 194 -1403 -184 662 113 392 43
1580 762 -156 165 86 -105 148 -131 193
1693 -126 243 338 1112 1430 1095 1155 1056
524 183 -334 -125 -267 -678 -453 -793 -668
829 520 -38 2073 1266 -368 636 -106 -624
-860 1378 250 -2293 349 1348 -2923 -1217 2482
230 1669 675 1010 1430 1009 1470 415 -231
645 -32 216 -610 -1227 -371 -1878 -823 -678
-551 -4344 -3992 -1342 -3939 -2992 -709 -3032 -2162
-74 -712 -386 -270 -815 -26 -1146 -1870 -330
2628 2009 -1576 2213 1183 -497 3037 728 -1067
1208 -341 -1994 1795 -314 -2513 839 118 -2168
2014 1706 -390 711 934 -17 1483 309 766
-30 447 1431 -90 376 2112 1632 513 1307
-853 5 1399 -704 757 1930 -1822 481 1869
-194 -1779 -729 -625 -1429 3 -1009 -2096 -687
-1203 -1462 -1493 27 -867 -2052 355 -291 -1320
-2703 -941 1010 -1490 -759 -393 -1398 -2836 -1872
-781 -1221 -1181 442 -298 -493 289 -278 -920
-576 -1172 182 -1201 -1441 25 -426 -1752 -55
-878 -1317 -1155 -862 -1016 -742 -386 -566 346
-748 -1623 -210 -1278 -45 -386 -297 -473 -1026
-767 -394 2083 -1301 -1397 1146 -748 -1173 924
386 -254 -643 207 152 1062 -1356 -1282 449
-1655 -1835 -1638 -1440 -1906 -2604 -538 -1597 -1754
1151 933 -542 1313 1544 1196 588 1094 1989
-2 1930 2617 894 1123 1909 1276 1410 1421
-2094 -1203 909 -1803 -1227 514 -1516 -1141 -427
-260 273 -490 -510 -1116 -1473 465 -18 -498
1187 1299 -196 -589 652 959 -1845 -292 915
-595 -811 -653 -623 -906 -859 -269 -479 -116
569 599 555 553 646 505 -119 63 491
634 371 -661 315 -340 -1192 577 -692 -1586
-585 -1271 -1155 -897 -890 -1407 716 133 -478
517 -442 -734 590 -394 -469 366 732 701
93 776 1106 1362 420 320 489 -459 -641
-1018 -1360 -862 -963 -1995 -1793 273 -392 -1614
-1031 -828 -949 -1278 -1250 -993 -1468 -2238 -1675
-1539 -2354 -2223 -616 -1766 -2331 2808 1513 -94
-94 -899 -297 373 -35 -221 -332 -399 -900
-1607 -1380 -343 -434 83 556 594 1027 652
-508 -334 -726 1690 975 1352 -214 -1555 -235
-1092 -655 -463 -1076 -1321 -166 -546 -738 -43
1255 2124 1427 416 1834 1393 -818 697 1816
-937 -1142 -1516 -244 -960 -654 543 -931 -417
-284 -258 -988 126 -54 -501 -165 -31 -986
-1424 -1501 -345 -649 -610 -175 -361 -622 -680
68 -436 1320 -378 -219 603 -129 -382 703
1373 132 238 806 -572 -943 219 -697 -1840
767 -232 -577 -928 -557 -257 -1379 -1228 -31
-4201 -1761 2782 -1634 -371 883 1928 -422 -2009
1791 787 -286 343 1110 1213 -1718 426 1400
-1576 208 1743 -840 286 3142 1233 1785 1559
735 176 -1954 621 -2123 -2552 -127 -883 -973
-1112 -1741 -2006 -1126 -1495 -2344 -274 -407 -859
1033 -9 -180 -529 -3139 -2963 748 -770 -1482
576 2650 2742 1518 3498 3391 1060 1366 275
788 410 1410 254 -1769 -2431 242 -1096 -1260
2333 1207 852 612 448 813 -510 538 543
-178 447 1743 -739 320 305 -145 -1421 -1216
-1904 -917 98 -1118 539 278 -1105 -1492 381
1819 2749 3182 779 -9 -15 -2176 -2168 -3595
-1120 69 829 -1168 -718 -925 -1296 -2853 -3733
593 1029 488 -494 197 1016 -1037 453 288
-434 25 -31 -710 -1111 -1309 -1224 -2793 -2210
265 730 -430 15 -632 -848 474 -1060 -1714
-1553 812 600 -1226 261 1279 -3018 -1073 -1240
1297 -155 -1178 535 762 -508 674 1361 2034
-647 1078 2002 -909 39 556 25 -476 -652
1064 -387 -1982 -574 -932 426 -1465 -575 1277
-159 -1367 -357 -193 -2110 -1911 -141 -1516 -553
1280 1486 1330 2789 1329 2056 2414 1048 1513
1433 609 -1668 2020 1102 -978 1033 -333 -2183
-1040 -727 -48 38 -141 483 1233 1017 660
-925 -1640 -3968 704 992 -1665 298 1837 1461
856 196 792 1842 2948 1871 2047 2400 1125
-1759 -1697 -1382 -1397 721 353 -1353 -1095 -35
-211 -854 99 -579 -183 754 -896 -887 -585
514 -336 188 720 -175 -632 981 -40 -1599
-1601 -662 1206 -575 -553 -21 642 -823 -1465
-513 -1410 -1386 -913 -385 -488 -213 -73 1181
1988 1263 604 -767 -1338 -2043 -3732 -3969 -2744
-994 -935 -250 -754 -856 73 -772 -382 972
-803 -650 -109 -539 -790 3 181 -172 413
420 -574 161 -337 -739 -515 -95 -831 -210
-1234 -1119 -1559 -1490 -902 -946 -1654 -1215 -1365
-423 936 2403 -264 484 1573 40 1546 1930
-1281 -1154 293 -1155 -1202 -139 -675 -451 291
-887 153 426 -700 -653 -143 -920 -1087 -274
-603 -1459 -1143 -417 -959 -347 -406 -315 -851
332 -475 86 110 -572 1294 748 321 622
-1174 195 2020 -198 869 1958 -421 156 1195
-1020 -252 152 -1695 -1891 -1581 -1359 -1903 -1799
1100 854 84 381 656 -648 -618 -322 -1653
-1093 -1140 -824 -1668 -1465 -1459 -645 -916 -1109
247 -387 -500 -135 -841 -1076 -176 -869 -712
861 1523 433 1912 1782 1578 811 1344 1910
245 709 239 -305 -913 -1254 -560 -1141 -1324
-615 -840 -205 -413 -573 303 -944 -57 364
-678 -1508 -955 -173 -489 -534 35 -217 -385
-402 -597 -519 -638 -828 -1186 -362 -718 -1756
-1074 -180 -35 -996 -411 360 -796 -693 -723
-321 -98 -500 -70 114 -144 -127 -331 -1183
-1015 -275 -55 -1233 -246 -1422 -1182 -900 -1063
355 538 60 347 459 339 -511 88 -104
1216 423 -28 671 -171 -676 -78 -940 -928
8 -362 1416 772 -370 1647 783 -247 806
-728 -110 -121 -716 428 145 67 717 453
486 449 551 285 926 683 -89 10 630
-490 -430 -850 99 -389 -1117 -173 -671 -543
-303 212 1266 -633 -346 927 -6 -162 145
810 497 288 -429 -299 -99 -1097 -564 -480
855 874 380 858 943 385 1351 1305 -364
-876 -1151 -1548 -251 -1248 -1359 844 -859 -1109
-2154 -1099 81 -2576 -778 -1278 -2551 -2494 -2746
-115 -336 -303 -371 -506 -29 520 -1206 467
-2609 743 -937 170 1165 -14 -444 294 -278
743 -1665 -1080 -1512 -1800 -1255 -1690 -2550 -1165
-892 -783 -1431 -583 -891 -123 -1879 -1360 -618
-2018 -1181 -766 -2390 -987 95 -1512 -1543 151
258 1637 -93 3272 3417 1071 1855 2016 1456
-568 -1098 179 -328 -1171 1308 -455 -535 618
-342 1671 276 744 1868 956 1298 1555 1700
-991 449 55 -245 587 789 193 565 545
21 336 -634 1 -1562 -1870 -70 -401 -807
-1739 -145 -2405 410 484 -310 237 202 -78
328 -1095 -946 529 -61 203 -563 -817 146
671 -212 277 330 -664 196 -1282 -761 -1577
-1586 -1002 -815 -269 -282 274 653 380 713
-1190 -1369 -1836 -1139 -866 -1196 1067 483 609
-424 1274 1002 549 2122 2261 -1235 286 670
-841 -2189 -2607 885 -237 -484 569 357 650
-1475 -734 -556 -998 184 125 -1477 -529 -251
188 -312 60 1678 651 -56 1310 -139 -725
353 108 1734 206 2084 2855 1965 2854 2876
-97 1140 579 1106 1524 635 -1193 -972 -1004
2579 -178 -147 3508 1181 158 1038 561 -273
-669 -40 -1311 -1024 -1089 -1888 27 -84 383
-2375 -2547 -2162 -353 955 1517 281 2061 2123
-81 1279 1455 168 1655 885 -450 1592 936
-1347 -1897 -1096 143 36 -408 -913 84 -106
484 -1764 -1496 -747 -2498 -1867 -1649 -2602 -1271
1169 -1656 -1333 2965 1630 1191 464 215 -254
925 518 239 216 1131 1839 819 1648 2915
-2581 -973 -1030 -3768 -2615 -3020 -1256 -843 -1760
99 -372 -2741 1067 -738 -3414 -624 -2205 -4040
288 881 -18 -52 44 627 -798 -6 170
-297 -1053 2 -1527 -1537 -80 1854 1466 2669
298 888 -825 104 -1119 -283 486 80 -989
492 628 136 -468 -1290 -139 -748 -1250 -638
-1038 -1121 -1468 16 212 -42 1881 2207 1999
337 907 875 -1030 -950 -200 -1430 -1127 -965
-663 -977 -195 -846 340 -438 -124 271 -87
2285 1271 -30 2494 698 -571 -1551 -1149 -1030
-1102 -1563 -444 -33 -172 -273 22 -896 -1309
1892 1343 883 539 1445 1426 602 840 810
-222 -21 -372 -853 -2055 -1736 -831 -1992 -2774
702 1809 1152 -1145 -544 -631 -2480 -2092 -2426
169 36 1029 -1156 -1220 -1313 -559 -358 -2004
-2699 -2712 -1607 -3231 -3690 -2623 -1788 -1534 -2116
1741 -120 -381 134 -1273 -476 -925 -1406 -1491
918 575 -51 -651 -610 -634 -2456 -2666 -2565
-903 -1198 -1228 352 -8 -760 240 1164 -1066
18 -491 -1457 -2062 -2479 -2707 -589 -1312 -1411
-1474 -717 -1209 -763 -645 40 409 674 68
-1298 -1398 -1029 -1170 -1254 -1084 -907 -918 -1141
1009 540 1432 617 1019 1821 -2261 -630 -36
609 1757 2456 -893 -396 1167 -1157 -1742 -1027
1983 1468 81 1449 -311 -1876 -804 -2273 -2550
-927 -76 -46 -729 297 646 211 1359 975
-691 -835 365 -66 -193 970 30 714 853
-2046 -727 63 -1878 715 456 -1588 150 337
187 -729 -916 2010 2056 796 2600 2248 346
1926 1704 291 2610 2828 1427 2187 2642 1612
1597 1311 1748 -256 -141 -91 -1093 -1971 -1214
-934 -910 -999 -1431 -1316 -1413 25 -97 -423
-1056 -2429 -1329 -1046 -2588 -1612 -274 -1256 -576
386 340 1415 660 458 751 1641 690 -418
774 -769 -2586 730 -700 -1610 1149 147 -1593
-1328 -1135 297 -1047 -1265 155 1038 1084 1929
-2828 -2313 -755 -1872 -2041 -1180 -1619 -1236 594
782 328 703 1328 1524 294 1783 863 -125
154 55 93 -191 412 672 1039 1189 1565
174 -1503 -1778 492 233 914 516 1225 2077
521 -434 -214 1063 -8 -446 -758 -174 -844
628 -1072 -716 -477 -475 -323 -836 -195 887
-1420 -879 -674 -396 -516 -425 -213 -954 265
8 -536 -935 788 -136 -594 483 14 709
-601 -1050 -807 -1342 -789 -1738 -2091 -1423 -1398
-443 -917 -770 -208 729 1067 -1233 2052 2669
6 -432 382 178 -693 -86 860 465 701
443 786 576 1996 2281 960 1724 2401 -58
-1804 -1299 112 -496 -1323 -1133 914 34 -1011
214 -86 -33 -1062 -1875 -1554 -2207 -1971 -1953
-42 233 668 1394 1192 1336 1682 617 1023
1008 -401 -1793 347 -268 -859 778 -534 -316
209 646 1585 308 948 902 868 621 -447
646 95 1308 -1219 -156 1092 313 652 934
1040 1173 433 496 679 601 412 251 635
1331 1669 2178 2246 2317 2231 2023 1841 189
-309 -767 -854 107 -579 -1093 988 51 -1521
338 -283 -684 -335 -654 -1652 -416 -77 -570
1314 1249 1232 -128 -474 323 -1029 -863 -265
-1518 -118 -532 -1606 264 610 -1457 738 995
-210 -937 2080 -247 -352 1456 1073 1356 1606
-367 -1213 -904 223 -1294 -1203 503 593 258
-396 -806 37 -2065 -1640 -503 -1719 -1656 264
-709 -1006 -1216 -401 -1064 -1805 -88 -754 -1807
-2266 -2101 -829 -582 -977 616 1424 2578 1938
-2809 -1809 30 -1972 -506 972 -1795 434 2549
-956 -1480 -1211 -1109 -1498 -723 -1828 -1232 -126
-1705 -1704 -1149 -197 -397 -213 1931 1189 1210
-262 -141 -350 -384 -121 -29 -180 -89 266
338 804 671 -972 -175 -573 -973 -742 -359
114 78 58 -336 211 418 564 1100 1491
-1416 -1058 594 -152 278 1394 -60 292 953
-1439 -1042 -738 -1066 -1717 -752 736 -373 305
203 -608 -887 555 -736 -1192 1000 69 -1509
-161 400 482 808 1003 1160 1224 1835 1933
-1610 -721 1803 -1938 -962 1067 -1790 -1207 718
-148 504 64 693 891 51 496 739 162
-54 988 800 30 1197 807 -666 730 130
563 -785 -76 -425 -1136 -774 654 -265 497
-601 -1148 -973 -326 -436 -451 617 -71 228
-175 -1004 -151 525 466 723 119 669 298
77 -69 21 -971 -924 -733 -1121 -1482 -931
-318 -920 -72 -1199 -1724 -830 -563 -1112 -349
-1142 -375 479 -300 813 2111 -817 388 2454
-1750 -636 -1728 -1047 -517 -1533 -438 -192 -365
-599 -1064 -1182 -821 -1166 -860 -901 -560 -907
233 224 391 -70 36 39 -412 -220 -504
-1427 -1369 -1211 -1955 -1657 -1140 -1625 -1492 -1094
152 -786 -421 412 462 435 -903 140 744
-1660 -2164 -1747 -2708 -3411 -3136 -2373 -3256 -3251
81 197 -495 542 566 309 817 785 1130
-252 4 18 -163 -241 -1004 -224 -274 -1141
-615 -47 -561 -1391 -385 -777 -465 -352 -517
-80 -1151 -154 -327 -333 -362 -100 -508 173
-1006 67 302 20 1030 1114 644 1450 1041
568 237 1006 -185 -90 1452 -271 123 1055
-621 -603 -997 -541 172 -723 2 543 -33
-1246 -1617 -464 354 -1094 -380 694 -1317 -721
-1187 -723 184 -2849 -1662 -609 -1826 -1982 -200
-1969 -1247 -1942 -2305 -1800 -485 -3165 -2683 -1129
-1010 -967 -127 -37 193 -90 -352 -725 -270
-729 -1152 -157 -250 -992 -884 -298 -643 -208
173 432 -38 -1023 -1786 -1879 -1378 -2599 -1498
404 4 1749 280 -473 1162 -186 -123 -470
-216 2279 2027 450 1357 1883 474 114 1184
284 2805 3278 2241 4264 2675 2464 3784 1896
-543 -766 -842 -386 -740 -324 39 503 -228
-818 -349 -302 -917 -2071 -466 -310 -2020 -99
-1344 -896 -353 -1948 -2131 -1285 -1387 -1854 -2026
223 -1738 -1249 647 -1381 -1940 58 297 -55
-902 -1799 -730 210 -377 44 1030 715 873
899 1182 411 -149 -341 269 -1054 -1256 -505
-1483 -24 -611 -975 -43 -676 -1113 -1105 -1214
-615 -45 -555 -709 41 -837 314 307 65
1505 1859 1658 786 795 1976 1623 1211 481
-1715 -1834 92 -1235 -55 -566 996 740 -73
-1583 -1639 491 -671 -1119 -438 -340 -775 -1769
-2523 -2138 -1623 -2193 -2145 -1231 -274 -976 150
520 14 -103 2182 417 315 1429 1558 996
1241 1157 -454 2110 1409 872 -225 -64 382
1972 1764 413 901 1660 1390 2825 1454 1796
-514 -596 -786 1775 1223 917 1152 1495 599
316 -161 129 1697 1288 399 1273 1113 654
-717 -340 1652 -1897 -1796 -512 -1509 -1087 -1269
718 1600 1031 838 1478 85 640 963 -227
-768 -2048 -1530 128 -2003 -1372 1488 506 878
400 1100 506 593 1928 1905 609 1622 2328
-940 -1581 -1331 -1836 -1506 -540 -161 -253 195
-391 -954 -272 -60 -671 7 -777 -1992 -1494
2383 1961 1995 1174 -371 -1628 -654 -1994 -3854
-1056 -27 378 -25 1156 1087 -1098 -201 447
-538 -1521 -1269 21 -978 -1112 567 286 -395
-1325 -1688 -1296 -1908 -2216 -2208 -1348 -2014 -2161
597 779 1526 -591 243 210 -597 -309 -866
-1947 -2370 -2028 1259 1189 1234 2873 3503 2968
260 26 915 347 -109 -383 561 36 -1045
-407 -1540 -1079 -1980 -454 -396 -1769 -1060 -283
1321 1806 1537 -437 1357 1038 -1264 -530 94
1385 320 410 250 -25 245 784 477 385
1255 609 -236 311 -69 119 2417 2420 1618
-849 -394 -704 52 387 -307 -436 -56 -1046
-1035 -597 1074 -1167 -2018 -808 -2336 -2562 -1091
-394 -667 246 -647 -897 178 -396 -580 559
-1767 -396 -522 -628 -1086 -1363 1327 378 219
228 586 -136 -1075 -670 -938 -2281 -1571 -2306
-2053 -1640 -1596 -1733 -1033 -995 -619 -623 158
-177 1489 -759 836 2030 817 685 979 2193
-319 0 1588 -1603 -2472 -1367 -1624 -2949 -3023
1286 2376 3288 1715 3197 2332 -465 965 600
-358 1430 445 728 389 337 112 372 -297
-1341 -1263 -539 -49 -291 -306 269 783 -212
778 646 1160 224 536 1469 134 226 385
118 588 -346 1567 -296 -395 442 -338 -235
2964 2440 2723 1603 1009 1242 -2566 -2472 -3031
-1147 315 -1058 -41 176 -729 1342 1452 1354
-1269 -1170 -349 -270 -853 -179 -938 -81 -280
-104 508 381 -20 -180 246 1064 714 306
875 -874 -211 -1549 -3146 -2570 -1795 -3626 -2337
2640 2825 1004 2164 3467 1196 130 -70 444
-2874 -1735 -648 -2649 -2018 -1562 -1766 -1256 -1754
-1398 -1333 -1522 -1250 -1023 -867 784 9 78
1171 -39 -463 746 1102 575 -873 17 -568
-1003 201 767 -175 334 745 -837 42 729
500 367 279 -1083 -851 -1041 -1393 -883 -1218
125 1033 610 1229 1016 1221 -534 -1546 -808
-9 407 -90 -1662 -924 -806 -2555 -1628 -1567
305 -307 -791 27 -303 -415 312 711 301
1711 1396 933 -209 -1056 -569 -2466 -2711 -2328
82 172 148 395 633 577 368 29 928
1060 1304 854 833 514 762 63 419 297
425 431 -469 -506 -514 -418 -830 -238 36
146 346 -79 289 197 -719 179 31 -600
-876 -630 -341 252 965 594 -220 169 462
1714 1456 349 161 615 506 437 -95 -452
-1243 -828 -508 553 878 1577 189 96 1153
53 76 -157 18 -170 -456 -775 -1041 64
-176 647 549 -808 -133 -94 -724 -1443 -793
-497 -405 34 371 246 -155 -445 -520 -640
117 518 1552 1157 32 1362 2121 1808 1622
948 1749 3132 347 637 1393 -1082 -1106 -754
-1077 -990 -586 589 15 171 1944 386 461
-348 106 -202 -789 -216 60 -889 -830 -1601
-143 -733 -380 671 78 274 2321 1618 919
208 969 1061 -421 -85 233 -335 322 -191
-600 320 923 -951 76 902 -1139 87 -148
-369 94 237 -34 24 229 -250 -704 -375
261 -1112 -1171 -6 -285 -634 1261 196 -358
141 333 100 289 34 -545 -39 -1083 -1387
-608 -1408 -97 250 -158 1174 578 898 571
-790 -789 -1065 409 -418 -172 -228 -218 -466
325 -344 -281 -295 -785 -332 -1705 -1752 -1083
-2053 -2603 -2374 -759 -923 -976 -665 -424 -443
-1000 -1127 -1452 -563 -1232 -1432 299 -414 -630
680 662 -681 684 -525 -1128 849 -273 -971
497 633 641 -615 -147 45 -90 11 -605
-1501 -2408 -1291 -99 -709 -336 -976 -1184 -1079
-1484 -1366 -1426 -1902 -1061 -1446 -1250 -1234 -1966
1521 1898 1138 778 1181 1186 -1472 -444 -517
-1071 -2710 -2785 -233 -1415 -1349 594 459 110
-79 1718 1028 -1463 72 -421 -1387 -465 -690
-286 -1719 -990 -833 768 182 -1641 -740 -573
637 464 -313 392 406 -719 -987 -1215 -1975
-740 -1830 -1480 -1124 -1359 -705 -870 -751 194
-1045 -385 346 648 800 1285 800 878 311
96 -163 -43 716 66 565 135 1558 1046
1978 1608 616 2059 516 92 -185 -280 217
-1199 -1872 -2168 -1438 -2263 -2578 -1220 -2193 -2245
291 194 167 177 176 -40 594 235 -100
640 149 1624 1052 858 1848 522 1697 1222
-1632 -2340 -2483 -687 -670 -1656 1352 22 -235
1469 1748 1317 -596 1080 97 -1359 -1217 -1350
1244 1864 1294 1247 2214 1002 -727 674 -877
1450 1715 986 3110 3452 1921 1581 3970 1774
-2180 -374 -619 900 924 870 1095 335 704
-311 595 1893 -597 421 111 -296 -261 -149
827 502 720 455 665 1005 -539 671 348
-144 -850 -561 -1134 -864 -1286 -1329 -1149 -1539
147 -120 500 421 -42 -216 -110 -956 -1004
-277 156 455 199 -106 1611 1527 1002 1930
759 -569 478 80 -920 226 878 987 1298
-511 48 -146 852 878 1059 -547 -176 -8
357 -18 -298 -820 -1106 -800 -2737 -2910 -1965
-1565 -1395 -581 1512 1171 380 865 994 830
-2399 -1975 -2356 -131 -136 -1157 720 808 -674
-1715 -910 -233 -1424 -1049 -587 -264 143 280
217 -581 -601 -741 -772 -677 -1371 -944 -393
894 -649 -2188 641 -46 -1078 718 820 1117
-1171 -1601 -1285 -356 -967 169 1728 467 535
-1015 -1176 -1117 -487 -824 -569 694 950 1750
-28 1504 1447 -418 1377 1265 -812 -536 -46
-157 -267 -1268 -1176 -941 -2065 -1422 -1560 -1443
776 -1060 55 -175 -1714 -479 624 -482 -72
-757 439 1404 -933 -235 837 -1341 -1101 -631
777 -1014 -348 788 -616 -633 828 564 367
-310 -1366 -1912 -911 -2117 -2434 -721 -1576 -2075
652 254 -649 237 142 -471 680 34 440
-257 1070 926 34 1392 423 -573 -151 -382
378 -1087 -1845 325 -1540 -1871 -571 128 67
-996 -457 -20 -501 9 538 -852 7 435
-785 -452 -193 -678 -600 -916 -1327 -1200 -1390
-332 -39 1141 -233 -111 331 -157 -1028 -1229
-979 372 1731 192 1529 1841 219 1578 2176
-482 -1804 -2229 -507 -745 -633 -4 682 -512
588 583 261 1809 2002 661 1814 2957 1284
-810 1049 528 -126 1365 1723 183 1328 1766
-310 213 662 -1246 -156 799 -419 633 385
-13 500 1934 -237 583 749 496 737 361
867 -388 445 723 -976 -74 361 -589 -204
-180 -1103 -1605 333 -403 -1427 381 516 -1076
126 367 501 -520 -107 232 -321 783 880
766 1056 -258 910 983 388 516 -313 -831
-1122 42 1738 -2120 -596 944 -977 263 541
-436 -387 178 895 752 -246 1098 -654 -731
-2360 -1078 765 -1862 -431 941 -1333 97 1750
-589 -289 -470 255 -388 137 661 1327 322
221 -121 -1989 1025 581 -479 883 1268 222
1083 1280 1089 737 1220 442 -311 -476 -841
-2486 -1468 950 -196 70 1442 1674 1030 1245
1138 -475 -35 442 -1151 552 -1885 -1859 -1091
-926 -599 447 -1769 -1534 -1116 -822 -1495 -1522
-992 169 705 -375 -514 -55 -276 -474 -697
2437 1109 -611 1013 -175 -12 618 531 668
-903 897 1207 -1142 462 1543 -811 910 2099
1561 93 -1076 1169 310 -1676 468 227 -1468
-857 -40 397 -391 -27 215 -19 173 -259
2428 1425 2829 1287 965 1471 1454 206 646
90 -1266 610 -1002 -914 0 -98 -9 -643
915 1473 1822 -217 536 1121 -1055 63 739
-371 -750 -386 -1192 -891 -874 -1016 -1112 -700
-1076 912 1837 889 990 1959 2046 1347 1047
-1458 -368 1966 -1112 -845 980 -768 -858 -6
784 526 -465 134 -155 149 -340 97 225
-39 -912 -1373 -622 -797 -516 -1976 -1767 -74
260 -362 142 -253 -686 -727 -1204 -1521 -636
-3737 -1152 405 -2402 240 787 -763 -47 115
-873 -563 -430 -1539 -932 -1703 -663 -1111 -2204
-180 -822 172 -1287 -425 1872 -965 -62 2327
1043 573 -409 125 -936 -337 -704 -1443 505
-517 226 -905 764 564 -712 697 1016 401
-1888 -518 34 -91 -813 -247 -895 -1323 -783
1613 411 -1139 1715 -471 -1011 1736 -308 -488
-133 389 23 532 449 511 -137 -560 -778
1101 -310 -1983 1036 -163 -533 565 475 942
393 173 -489 -574 864 611 -55 470 0
-1181 -260 815 101 -64 421 442 -20 152
763 391 -163 1245 228 546 1419 -616 -1040
-103 -115 648 -292 -582 487 -652 -774 792
1144 102 -148 962 181 -225 881 -446 -48
523 -1136 -786 -828 -804 -1353 -499 -578 210
-3935 -1626 -546 -2119 -473 914 1674 2073 2963
-184 -2923 -3399 -63 -1527 -2568 -814 -1902 -1373
398 -164 -27 -339 -139 -1103 -1610 -1099 -2410
-3085 -2951 -2113 -1207 141 662 -155 -114 1178
3395 3169 2984 2494 3711 3110 1543 1908 1315
-1340 -865 -686 -1423 -993 -1016 -1189 -28 -2139
-2525 -2470 65 27 29 1399 698 -156 322
-959 -964 -651 -1020 -2658 -805 -509 -1288 -774
-316 -2063 -1512 -503 -1444 751 -1358 -919 -1310
-2099 394 -453 -334 588 -1181 399 1835 -260
3700 4449 -679 2422 4501 1274 -244 965 -284
-236 1856 -745 366 2414 483 -383 1097 1040
-420 -1474 -2744 518 -1382 -2022 1223 -2089 -2318
719 711 -388 1601 507 -671 406 116 280
71 -2081 -1498 1752 -659 -844 806 644 -955
-1017 -1412 -439 -789 -1408 -858 -1308 -1393 -668
1207 -1054 -995 1239 -102 -11 2423 1715 1715
-232 -194 -1205 553 -380 -1371 -1576 -306 -735
-878 -1195 282 -683 1427 2564 -739 1822 1378
-57 -1657 -1083 -989 -3287 -712 -366 -2976 -1461
-281 103 -543 -1105 300 -887 -1678 -99 -603
676 -329 1116 555 394 -595 -616 -759 -1181
-3905 -4210 -2823 -532 -1705 -2340 1044 -1326 -1097
721 -131 -627 2197 884 -381 3081 1913 285
-1073 -1401 -1704 -435 -717 -348 -930 -1812 -1525
805 -1088 374 1525 1285 1159 1118 1852 -95
1623 -583 2066 46 -208 -439 -66 -440 -71
28 -1229 -798 -1948 -3261 -1886 -1743 -2595 -715
625 2909 1697 3735 4817 3978 4521 4592 4015
-2850 -2025 -26 -1904 -1507 -1159 -731 -2529 -1072
1773 -124 -1627 -100 -1799 -1883 -1386 -2239 -2517
-1175 -2856 -1437 -1455 -1263 -1111 -1953 -1587 -1437
-2163 -2661 923 -2169 -3044 -1265 -1592 -3519 -1856
1179 -931 -1888 327 956 569 -2695 -823 1110
-321 -452 -829 -282 224 1114 -167 1334 1828
-2349 -2359 -2533 -407 378 -43 -1081 -172 738
2031 898 402 96 84 -821 -768 -1710 689
-441 297 -617 -813 -1292 -1123 -1015 -1055 -1220
441 605 2732 -1237 49 2698 -2627 -1353 681
-2083 -1395 -1090 1418 2340 -540 3130 707 -198
-168 -437 -1820 3681 1698 757 4551 3549 938
2379 1287 2052 1506 1417 221 -1114 -167 -193
-470 -593 -281 -1674 -1114 -140 -1930 -1574 -522
-2637 -1558 -1052 -1519 -726 -1066 -422 989 643
-345 -1072 -895 1629 1809 1822 1556 1292 1926
-71 50 38 1643 1236 1194 982 496 442
1812 2146 930 1195 1661 1784 282 265 1597
-115 -866 -1319 -274 257 156 -351 357 1021
-1816 -2009 -3104 -1109 -705 -1984 -906 -522 -945
-1074 -1291 -1528 2699 1779 2025 2293 3347 4391
-1024 -362 1034 -991 -422 875 769 1117 575
-418 -811 -529 -764 -175 -536 -837 -1825 -2123
220 876 -564 2075 1623 -261 -234 1005 -750
-1053 -792 -368 -850 -594 -652 305 836 871
-4 351 -194 1367 2223 422 418 173 -786
-8 469 -1144 992 1380 -319 1281 1013 -660
-382 -873 -1593 -188 -310 -190 -243 912 37
-3081 -3270 -2880 -1243 -2060 -1715 -610 -1452 -734
1755 1685 1799 518 1924 1592 640 -208 -251
-436 -998 -1247 766 -76 -681 135 323 -231
295 -538 497 865 671 425 659 1516 1009
-580 -479 -669 1709 2434 1011 1453 1613 1410
1016 1372 -233 549 928 -236 366 1327 1903
1085 1205 2477 -159 818 1917 -1342 -1269 -1046
-2273 -1378 -571 1223 183 -559 2290 -688 -3208
1397 449 1017 -425 552 -302 -2113 -630 -1190
-940 -1164 -1457 -843 -1536 -2006 -161 -1234 -1300
-2149 -312 83 -2556 -1095 -568 -401 -1429 -74
-2309 390 805 -2659 -1380 1426 -266 -1368 836
-1758 -512 1681 -1814 -532 716 -2637 -284 735
-1558 -3261 -4225 1180 -260 -1647 698 -487 -2372
-1861 365 801 -20 -133 422 -100 154 -489
1914 229 -1486 1022 -939 -929 80 -1380 -1187
-1893 -2468 149 -1033 -992 -1212 228 574 -136
-49 1550 1897 -208 1167 1647 749 1179 1366
-1986 -20 2006 -1623 -201 1230 -887 -352 1157
-269 1017 -1953 1715 481 -721 2590 874 386
-672 -300 538 -584 -97 580 5 1066 1505
-109 769 -694 270 3184 2121 -1204 2990 3391
-232 318 -899 -321 52 -36 -1473 -327 -610
-2770 -595 116 -1841 -473 -539 -151 -122 -386
-527 -1118 -184 345 -388 -183 -646 -1700 557
1067 297 -1399 930 2040 453 1570 2349 516
812 -396 -1573 -39 -1239 -1614 -2152 -2071 -1018
-469 14 983 -694 -491 677 2080 -581 795
1857 656 268 -292 41 -740 -616 342 418
85 -507 -835 1421 580 488 1511 1249 -153
3535 1963 1322 2599 918 765 1712 1729 2899
538 208 41 477 -644 -504 -2 -1183 -1975
1249 712 162 435 686 1251 -377 1631 1728
-497 928 471 -1400 385 830 -1598 165 1214
251 -233 -1368 -838 -848 -1113 -725 -1364 -831
-1516 2 2687 -1435 1496 1431 -2711 729 975
337 -400 -389 955 -150 -667 1024 98 -668
-1804 -1342 -633 -870 -475 -623 17 -929 -807
-11 -747 -1912 -763 -1613 -2368 -792 -1459 -205
1821 -1305 -3690 1578 -1070 -3128 1229 -1424 -3080
865 2635 3109 -1675 -1508 -383 -2734 -2768 -2462
1390 629 1130 128 -678 -216 -445 -819 -1025
878 1350 -143 4 -589 51 -419 -1217 -638
-1312 -1684 -1426 -1853 -2086 -866 -668 -1308 -559
-437 -851 -1390 -1447 -1620 -1283 -759 -481 -521
-884 -1428 1108 -1542 -2912 -2031 -1037 -2574 -2189
-455 463 -731 -425 -579 217 -1304 -631 -945
1504 414 -632 1077 -1260 -1269 -836 -149 10
-807 387 -431 396 947 217 1286 742 616
1344 617 290 1295 963 291 1376 738 1555
1122 943 608 -320 426 -370 -865 -396 55
1997 1099 -424 910 -98 -602 170 -875 -1543
1762 2010 1934 653 895 740 -1928 -1088 -710
-481 -666 -596 -67 -746 -1229 -830 -27 -452
-1658 -247 42 -2276 -1580 -1192 -189 -830 -310
-562 333 465 -727 -420 509 -466 91 -711
576 1854 761 -654 513 1283 -407 680 -1740
1279 2031 1349 469 325 1043 -1145 -863 460
2179 2078 1548 2666 1934 1669 2134 2378 2090
299 -957 12 631 -435 205 830 -504 1314
-14 350 -130 -132 -400 -476 288 743 91
-539 -868 -344 -354 -1940 -978 -994 -1746 -163
567 -526 -1186 -364 88 423 -647 116 -95
-1081 -1236 -1699 -428 -726 -110 160 370 528
-749 -1277 -972 -436 310 -26 134 706 373
1019 1265 892 1529 1576 750 1430 2912 1529
-557 -2106 -223 35 -272 682 669 1623 219
-223 -293 -27 -1632 116 316 -1196 -388 1084
-1575 -1613 33 161 23 1 480 530 1329
4 53 1026 -78 503 447 -986 -819 -897
218 -69 25 379 -58 896 -371 -596 1243
3127 1243 -66 -40 -1917 -2699 -2595 -2119 -1087
272 666 -88 -1520 -607 -914 -1980 -155 735
-601 -1823 -605 -1119 -1810 -1752 -823 -1438 -1588
-764 -598 -1557 1060 1174 -235 1492 2123 1456
964 959 220 -778 -1222 -1581 23 -761 -794
543 63 -1478 1060 1019 -1079 369 623 -1214
1814 962 680 1451 543 617 -1495 -2219 -1057
-307 472 -5 342 235 579 -155 -693 184
772 -1632 -1552 763 -586 -2436 -970 -1372 -3069
-2976 -1479 -1896 -826 -566 -1350 811 -141 4
2383 1451 287 2354 1376 1047 1725 1187 579
-412 776 860 1296 1400 1416 767 1527 922
347 -283 -2386 534 -1161 -655 180 -1743 -1698
-1261 -584 -987 -1261 -55 -405 -961 -360 -313
441 836 432 1501 1681 1062 -257 -367 -1263
380 2412 1849 -77 1545 1737 -1650 -396 -978
134 623 526 -979 232 -102 -1615 -25 358
-1521 -2596 -1245 -2599 -3087 -740 -2072 -2805 -407
588 -886 269 -1778 -3385 -2000 -2286 -3940 -2371
2037 435 487 -69 -482 -767 -1764 -2255 -1638
836 -413 -203 110 -1457 -1017 -1154 -1640 -631
9 900 1808 407 1482 1507 306 1836 1818
-1335 -766 45 -1627 -2198 -1126 -889 -1488 -285
734 -1797 -1675 1053 -519 -633 194 -1454 -1730
-72 -720 -937 -1424 -1861 -1225 589 566 967
2859 1418 1803 1491 -207 405 265 -1137 -1309
617 2019 1430 -848 -106 364 -1015 -23 365
306 224 967 -107 1119 1166 -214 469 523
-635 -896 -831 -2038 -1362 75 -742 -128 1174
2764 2318 2504 -349 241 -245 -1639 -2686 -1341
110 -296 -1085 -308 10 -1441 -278 308 -1330
-1089 -1700 -1982 -227 -1038 -752 -575 -679 -374
-64 273 2111 385 -407 -626 -128 -1229 -2762
-1192 -1500 -776 272 -346 -689 452 56 -244
520 -110 -277 -1017 -770 -432 -2342 -2151 -1054
-674 105 66 324 59 746 -5 421 1064
-527 -502 -557 -346 -1263 -1045 -102 -1376 -1682
-285 71 -81 -279 -511 -773 -992 -1506 -1511
-121 -54 957 -1143 -1175 -96 -748 -417 1052
184 52 451 -641 -1641 -558 -161 -1767 -1740
-150 1053 481 -52 163 245 182 -95 -879
90 717 552 20 252 220 -11 1118 1011
-1695 -1212 -915 -1222 -1223 -1096 -381 -806 -1060
1825 1480 453 2192 2457 1796 1826 2141 1480
948 1389 12 -124 1011 1380 -920 -1341 -538
76 -706 -501 -289 -447 -105 -289 -753 -668
724 -7 -148 -309 -318 -696 -1011 -1412 -1527
257 120 -785 25 -43 5 -1689 -1278 -1379
-1355 -921 -829 501 1318 246 1097 2026 1310
2110 1683 685 1058 114 329 -953 -1562 -1143
213 165 384 -608 -823 -487 -862 -1627 -452
817 61 -101 397 -94 -553 448 -1236 -1497
696 90 -702 730 70 -946 386 -291 -123
-1138 -1358 -125 -1049 -1370 -1143 -495 -1234 -1362
-650 -1202 -992 136 -131 622 -7 -258 -118
1023 65 -719 1715 1113 282 1764 671 991
1402 903 1490 1594 1330 1768 -1418 -1961 -1792
-1018 -1126 -1818 612 498 -128 713 529 432
-246 447 764 277 799 1120 410 184 835
-278 -443 -172 360 432 108 -1512 -1201 -809
376 953 963 312 249 665 1045 -63 -317
85 78 554 305 -35 -25 234 395 1279
1663 625 1134 1604 457 557 1458 369 211
-746 -757 -1091 271 660 -228 -421 -679 -815
-1807 -1512 -1158 -1352 -499 76 -151 515 770
-2020 1419 3379 -1907 -550 930 -1853 -1595 -1183
-1846 -1728 -1392 -1706 -1701 -2403 642 208 -624
177 20 -884 -1816 -1702 -1912 -482 -32 206
-1506 -1973 -899 -629 -720 135 1010 968 191
1230 -21 -1257 1091 -386 -2570 2999 1279 -1129
-197 -753 -18 -123 684 173 -2658 -3115 -912
707 268 1093 1803 1588 894 1914 1037 988
-71 -643 -786 -878 -1095 -1107 -239 -1731 -1976
794 741 916 -637 249 -197 -829 -1603 -227
-1193 -1369 -660 -700 -1999 -1060 734 769 -392
-657 -1345 -1477 -901 -1723 -1499 -303 -806 -934
231 476 1040 2551 3046 1902 3207 1929 507
1002 331 -555 1397 -583 -272 2732 1213 1877
-1052 -442 1031 -704 -411 1612 1002 952 1853
589 1613 1340 -154 584 777 -765 -179 301
1852 1113 442 -114 -1011 -963 -367 -1600 -1406
1654 665 581 1213 -165 1131 865 -1079 667
-494 617 401 -93 2112 1469 -2086 -119 1649
253 -1567 -2084 -494 -1469 -2012 -764 646 -117
-359 319 138 -259 -584 938 -512 -651 -178
812 1300 809 682 387 339 -40 -1153 -362
-2117 -1637 -486 -879 -1112 -524 -848 -162 -1038
-349 -469 -1265 226 -1050 -467 965 -1040 -647
-1217 -967 -1385 289 758 244 284 203 574
-69 -1068 -562 -610 -1197 -631 528 -1400 -766
1865 -334 -31 383 -2134 -1102 -602 -2683 -1841
-436 537 -329 1676 339 610 2079 718 1187
983 316 663 639 -345 325 1200 438 715
1385 1997 1513 266 1211 1767 -1016 -364 752
-1212 -2094 -1215 -235 -1796 -1768 1459 9 -1555
-2069 -2067 -2186 -941 -1035 -1196 -552 -769 -1109
843 -1411 -3735 563 -1113 -3291 1553 -73 -2687
-897 -2363 -3712 1736 -1344 -4798 3180 664 -1792
-452 -616 -414 -1189 -891 -1109 140 118 -334
-70 1328 -1440 243 470 -1132 606 847 -899
321 16 -671 3135 2451 1147 3544 2806 3126
70 -395 712 -164 -539 -481 867 617 -274
716 -63 1017 -764 -2225 -546 161 -1274 -1279
1270 1594 443 1692 2278 1303 1044 1132 1134
-1028 -604 -299 -654 -922 -636 1666 -308 -555
-1422 -454 -808 -2693 -3640 -2738 -2094 -3112 -2297
804 1070 274 2153 1510 -514 362 -128 -1830
602 -466 398 -138 795 -96 -146 156 996
178 -137 -1680 -500 -3074 -2985 -1529 -3242 -2366
-390 -1219 -882 -314 -411 -1658 381 892 -801
-485 809 391 1285 1929 505 1340 2261 1535
246 -363 -1137 -658 -675 875 -1441 553 1163
362 1118 551 -326 668 -127 -845 -1001 -275
274 24 -1026 -1345 -1893 -1790 -1686 -1315 -1503
-296 -1367 -461 -100 -384 -473 134 588 1741
3 313 713 97 411 819 686 657 753
883 1273 1369 1594 1903 2063 776 386 1736
-1166 -1168 -316 -1507 -1022 -1778 -850 954 342
-1598 -1181 -802 -1257 -1220 -635 -596 -1167 535
-777 -1425 -1284 -247 -2005 -1883 -243 -821 -240
502 399 -719 -233 -54 -4 -246 -835 -1040
-2651 -2737 -1461 -2292 -2218 -920 486 2010 896
-111 340 634 1226 2504 3002 1182 1362 2196
362 27 48 339 -78 19 191 -422 -423
-2172 -2240 -1580 -1578 -1890 -928 -709 -1232 -723
-900 -550 -3 -946 -1597 -566 -1476 -2473 -1078
2248 -98 -1231 2867 -805 -2119 1857 295 -1987
733 290 167 345 135 -916 -820 -539 -1762
-2359 -944 122 -3657 -174 2852 -1903 -97 867
758 -235 -1898 -90 -452 -1419 -1555 -1470 -1482
-603 -1810 -556 -1376 -2537 -2027 -821 -1844 -1981
-552 -1078 -932 -874 -1012 -544 -1431 -1276 -956
1203 108 22 359 204 -625 -186 -1561 -941
104 290 1201 283 66 853 130 443 615
-436 -1332 -409 -203 -1184 -116 65 -779 353
-35 -258 -648 158 -782 -1286 -159 -957 -995
-44 -868 -790 -765 -1660 -1742 -733 -2395 -2013
485 255 -191 494 1338 117 -154 481 519
-579 -1003 -139 -861 -584 -276 446 135 882
-269 -801 -553 83 -280 -561 -270 96 -89
-575 -1992 -1427 495 -706 -1001 416 65 210
-1350 -1415 -1739 -1225 -1394 -1696 245 -802 -608
14 23 -384 -531 -871 -732 -671 -1657 -1134
-184 -1233 -221 -529 -1427 -605 -875 -1058 -1215
325 -806 -582 837 -504 -426 1129 404 213
-63 440 -42 -711 45 -78 -1221 -1089 -538
-740 -1111 -1343 -779 -842 -240 -967 -561 1195
-1975 -1612 -1979 -1224 -532 -1442 -339 -839 -654
-301 -1085 -532 146 -903 -352 258 -305 31
261 -82 -246 463 439 -209 -267 -1077 -1063
-298 -491 221 12 118 -17 -242 -780 -985
13 -123 76 32 241 12 -474 -330 1471
394 -278 -299 -866 -1576 -917 -313 -789 -595
1276 1524 881 1433 1120 878 2058 1176 1171
228 117 710 233 -394 23 -784 -1501 -1212
-133 -1394 -577 -1027 -1610 -1295 -1128 -1167 -536
719 -1203 -1354 -197 -1528 -2046 503 -1359 -1926
-1316 -2647 -2410 -1634 -2517 -1281 -70 -1359 -586
1274 746 685 960 -316 513 604 -669 -348
-32 -1111 -143 -1422 -1614 -1451 -688 -935 -821
-1633 -317 535 -1335 -1379 -111 -1593 -2677 -1529
-2511 -1542 -287 -900 1021 1792 304 1627 834
177 -204 -184 -1664 -2592 -2999 897 160 -351
-1019 -1015 -1057 563 992 173 868 814 -423
1253 1393 -112 -1369 -1112 -1304 -1560 -1033 -530
96 2635 961 -331 768 733 -1802 -2510 -1925
1628 1438 1494 -2092 -2341 -1599 -1964 -1745 -411
-111 176 -12 493 1833 1402 1883 1930 1351
-2135 -512 1265 104 953 146 1063 -128 -1319
93 1342 1247 -1508 94 -156 838 1807 1520
-237 396 -336 1123 2768 2730 1357 2492 3372
376 653 215 -523 -708 -869 -580 -1214 -948
-261 -1535 -1051 352 340 -630 234 1530 2165
-1181 -878 -921 906 585 723 1637 882 1420
23 238 -439 -646 -331 -34 -1342 -274 32
-2024 -1474 -1515 -415 603 290 916 -816 -525
-1519 -465 -1828 -646 827 570 362 863 1108
-1696 549 -11 -346 -242 328 -1696 -1393 -260
-58 231 118 -869 -880 -899 -782 -455 -844
562 1348 1753 1213 663 1152 902 600 642
-620 100 -659 524 69 -297 -648 -236 -495
124 749 836 89 1317 1158 285 758 972
-2079 -1516 -1132 -2153 -1714 -797 -586 -898 -81
-582 -197 -1440 1025 940 -1031 459 32 -1418
-753 -69 -340 -1388 -1203 -1488 -778 -1291 -427
281 984 1289 -1302 -1668 -1508 -1798 -1497 -1857
-1233 -647 -65 -2107 -1782 -71 -7 1177 2356
834 599 1540 1107 845 185 -605 -230 -855
-1087 -2207 -2176 -1373 -1625 -1276 -901 806 1033
229 -160 288 404 567 669 -555 1578 1296
-432 -491 -819 -226 23 -30 -576 -90 -554
455 489 -424 -948 -1434 -830 284 -921 164
664 670 336 1195 655 -355 959 464 -674
3324 2264 458 2129 164 -2287 136 -1377 -2861
553 1286 -267 -544 547 -88 -1232 -1725 -1982
924 -219 1506 -520 -1320 -781 -1479 -2326 -2584
-1121 -315 -1069 148 -128 1184 429 828 1303
640 -671 -771 4 -886 -328 1052 29 882
-836 -1970 -3487 2464 1636 -506 3180 4407 1151
1238 1605 714 578 -607 -1359 -411 -125 -596
-2039 -2811 -915 -1219 -2487 -1664 137 682 -726
63 96 -273 383 783 540 903 1457 1777
1301 143 -1125 657 -1253 -1717 808 -640 470
1595 1396 850 1125 -326 381 -953 -867 -386
996 941 1087 -571 -1642 -513 96 -71 666
786 -420 -892 495 -68 -664 62 -155 -1037
793 829 -306 -544 -1367 -379 -1247 -870 -607
-1779 -1492 -1630 -3226 -3003 -2404 -1265 -1876 -522
652 -197 333 -574 -1185 -990 -1471 -1422 -1438
2131 1032 172 -1502 -1089 -1398 -2367 480 -484
-1312 -712 408 -664 696 1506 1140 2513 1714
-287 159 480 -127 -1072 -549 453 547 461
838 3115 -333 1566 2275 212 409 -381 -957
-1057 -1137 499 -874 -335 -335 -205 1131 868
940 1445 1157 813 956 1100 1510 1050 1489
-99 454 390 -1333 -880 -182 -1349 -1079 -509
-117 -356 -1 -282 38 -793 -1016 -1955 -1396
-985 -1825 -1758 28 -531 88 236 -626 -87
2391 2217 1931 1638 500 727 1035 -907 -1352
-170 -256 -166 -624 -744 -24 -1230 -1263 -599
-1033 -1506 -1305 -1382 -1475 -1090 181 -542 -1222
-1563 -773 -780 -570 32 -896 -164 39 -1053
-47 -437 -2144 -487 -1117 -2604 -1145 -1530 -3211
-1613 -1414 -887 -66 -184 485 1294 2087 2201
-2847 -2444 800 -1400 -152 1758 -485 1604 3503
-712 -1205 -1706 67 -462 -1237 1148 1729 942
-48 782 426 -304 -488 110 -1084 -608 -386
-169 -801 -1174 1626 1065 -890 874 2201 1170
-1151 -1956 -1443 -1145 -1544 -1501 -740 -1625 -2168
-1917 -1702 -638 -932 -156 943 -558 -542 1565
845 1774 2939 -896 711 1608 -2634 -1298 -473
1702 993 579 1638 1263 -427 -85 617 514
-1310 -1184 10 249 -371 -728 1088 -723 -1303
-959 527 1131 -359 -107 1389 980 137 -295
-393 -140 1720 -1097 -174 2902 -342 168 2727
-337 -353 -1357 -1168 -1070 -2151 -800 -1157 -1521
1588 2339 1963 1765 2929 2077 -2211 -878 -35
-1583 -1752 -1910 -159 -306 -1138 -971 -346 -243
-53 530 615 1968 -306 494 554 -34 -1047
-207 -105 362 265 -681 -1130 400 -989 -1773
-805 -407 -1189 -273 -389 -1041 -584 -895 -48
-114 -1145 -1256 -212 -661 -498 -298 -205 -662
-358 934 1404 -998 -51 907 174 -1089 -1443
513 -500 439 -438 80 326 -1117 -659 -1034
-995 -1074 -2227 329 -533 -1458 1080 750 500
579 247 -680 265 55 -408 -977 -419 -386
848 1851 940 893 2009 2061 826 1923 2643
-1780 157 91 -731 1029 716 -929 684 -422
-286 -1538 -1342 -611 -731 -837 847 630 663
-295 826 1143 -477 -527 285 -431 393 2156
-863 -520 -1103 -1577 -1561 -1911 -1146 -440 -953
-1070 -1325 -1253 -1706 -1338 -801 571 974 1661
628 -423 -354 -143 63 -667 -727 580 -186
1132 3023 2066 -473 105 513 -1653 -1990 -32
-154 -345 1242 -654 32 -114 -294 -705 -582
-1056 470 862 2255 1726 1805 3157 1710 2016
-709 -823 -1624 -1269 -124 542 -1695 477 686
-1963 -1280 -992 -1337 -972 -823 -812 -240 197
-169 -892 -1179 208 338 -205 881 1113 1592
178 -468 94 -161 -537 -75 -591 -12 -104
-1620 -1178 -720 -1938 -896 -1256 -1724 -711 -883
-1114 -483 669 -1727 -755 164 -704 320 1910
-709 -961 -1630 -1561 -712 -1672 -1507 -2001 -1879
1771 1249 1213 1171 1367 1299 -529 -850 -235
-1583 -1487 -510 -2039 -1558 -792 -640 -103 922
-986 1038 -400 -220 661 165 581 965 778
444 97 2112 1103 1006 1694 718 1608 2967
-730 -659 -568 842 1672 2021 291 2244 1559
-1389 -1570 -674 -215 -290 175 416 925 1739
-561 -1563 -1290 -947 -1470 -824 -573 -964 -264
796 400 -21 878 679 796 1675 2581 2179
-288 -1013 -1387 -1317 -1196 -1747 -766 -1390 -2377
-947 -2060 -2139 -865 -1316 -393 341 1123 1356
277 -173 383 -1143 -567 -271 -907 -1755 -1617
999 1167 -11 1445 1686 1002 1035 1606 1354
-147 -867 197 -44 -625 -980 -867 -534 -18
127 329 406 -226 -161 -15 -820 -526 -1593
456 1250 68 976 542 -226 861 1179 644
-1127 -1046 -502 -1177 90 -839 175 597 155
-1488 -207 1366 -1541 166 1435 -2089 -280 -468
-40 -352 -79 -798 -1610 -1063 -1345 -1705 -1688
-738 -1626 -755 982 1262 406 1193 1854 964
1546 929 -20 -429 -908 98 -1451 -1891 -1109
-91 -1566 -726 525 -833 487 1917 27 -90
1868 1051 -375 -30 -444 -330 -829 -1295 -1183
-1405 -2233 -2230 -1961 -2160 -1697 -1210 -666 -763
-528 -726 200 -321 -212 254 -1519 -1845 -793
-864 -863 -1284 772 -415 700 1424 1689 1948
-1476 -678 -783 -1445 -1437 -1611 153 -207 -27
-666 -254 224 -459 -549 -325 191 -421 -764
-303 -387 229 -1795 -1460 -1054 -3034 -2948 -2118
-569 167 452 -358 -508 31 609 665 207
-1080 -22 443 -1038 -295 209 -135 46 -509
-785 -707 743 -1180 -363 461 -1020 249 1209
1176 435 351 1298 -172 -439 -209 -1032 -1106
722 120 217 268 -931 -810 1243 433 87
607 1371 1987 -122 1225 1720 -974 880 1181
771 91 754 665 242 584 108 355 -8
44 132 -248 139 61 153 -56 165 552
9 1409 893 456 686 1375 85 1011 999
-341 -864 -802 -1873 -1296 -1118 -1107 -714 -668
342 347 230 -90 -573 -679 -184 -390 -408
-280 -705 -1159 -301 -870 -1202 -855 -1049 -1107
795 -348 -1558 1692 590 -658 871 621 328
98 1484 915 786 1017 952 869 1150 955
-419 620 992 -770 -917 -309 -1253 -1275 -1520
1492 162 -408 1613 519 -124 991 623 343
21 319 -295 -661 -519 -296 -655 -236 -598
-1057 -607 -315 -1174 -1313 -1805 13 -927 -858
567 726 500 -322 -697 -720 -329 -930 -1677
1920 1768 1029 750 1211 730 1219 300 581
-444 -521 -1137 -1389 -615 -922 -963 -873 -974
370 -26 26 516 -553 196 340 -332 -369
96 1170 1761 416 639 771 -734 -399 -210
-358 -1314 -1522 -136 -1081 -1753 -1012 -1175 -724
-495 132 289 -108 852 968 122 810 691
-300 -826 -684 1399 1593 1441 1049 2275 1685
221 -1013 -895 -188 -661 -133 -473 -643 101
-1018 -1856 -1460 -335 -614 -171 -344 -478 18
461 1156 456 -756 -116 -270 -1413 -1055 -964
2415 2273 1366 -656 199 634 -3233 -1419 37
-953 -577 65 -1924 -1198 -735 -1682 -1131 -773
-947 -1444 -1798 -1014 -2128 -2113 68 -620 -814
191 408 -809 1007 940 589 193 -123 -38
-333 80 655 842 271 764 608 332 152
-1735 -552 -333 -2494 -1153 -656 -488 108 1405
-108 -1792 -96 297 -2260 239 2 -1643 1442
-2006 -1914 -342 -2456 -1622 -955 -1018 -512 -408
-418 -101 574 64 48 621 -597 163 1323
-662 -736 -1112 848 985 -290 299 1713 1027
753 -1057 -2045 -369 -1177 -1177 393 362 -225
-367 1680 1074 121 750 -143 -1175 -1427 -425
377 -1687 -1575 -225 -1024 -665 -413 -554 -153
-1157 -856 328 -34 405 1555 782 1272 1604
-84 298 761 -175 511 211 -367 571 -498
-1921 -1030 197 -812 -140 711 302 463 1111
-666 -2312 -2042 -581 -2196 -1930 477 -1014 -1206
681 1041 -267 1739 832 -68 1926 1192 -405
688 114 21 -207 -388 -386 398 -695 -457
-824 1543 123 -241 1133 533 -621 290 -275
-679 -636 -1075 717 1633 15 1067 946 470
-1207 -1966 59 -1993 -1647 -1316 -1424 -1948 -2057
-507 -1001 -2459 -398 -1942 -1805 -1386 -1815 -1813
955 -963 -2904 750 250 -2538 1453 164 -1950
-838 -1022 -1196 -733 103 404 -855 -477 431
1201 2838 713 665 1567 -582 300 332 -678
-2694 -716 92 -2592 -1183 -388 -924 290 308
249 1349 -324 1911 2991 1787 1429 2243 1310
-373 -601 -370 912 83 430 775 1432 1394
-525 -1746 -257 338 -1074 25 926 -1043 259
-497 -700 -255 -329 -170 -295 -788 -920 -1058
-1718 -2060 -1636 -1567 -2121 -875 -752 -1572 1163
584 -66 -677 -429 -1101 -1526 -803 -1958 -2501
568 1700 2951 -467 176 1141 -1427 -1977 -1364
-178 153 41 -453 487 481 -1603 -700 703
-1134 -1836 -298 -771 -890 469 90 -119 294
527 1119 56 984 1527 1206 906 1209 213
633 156 433 88 -500 -1335 -330 -811 -1095
-2489 -2115 -2637 -1445 -1797 -2156 1096 1370 167
2229 2777 2652 2645 3098 1369 1354 -2 -1719
945 934 704 -308 -313 443 -1457 -820 -369
35 437 1444 -541 -71 891 443 1115 1843
-1127 -1148 -1102 -335 -71 -407 205 447 -91
-297 -532 752 63 288 1257 164 636 22
308 -161 161 121 777 1571 -156 -308 -790
-1205 -922 -887 814 346 506 949 -767 -181
-416 341 21 -207 -420 -492 -1241 -2133 -1202
317 220 -954 -1838 -1659 -1409 -3303 -1483 -1231
-1120 -1092 -1226 -17 -242 -117 381 -266 -537
787 1681 1519 955 125 324 -538 -2279 -1036
-820 -2 554 -1057 313 64 -634 920 1450
359 218 -346 -1244 -1005 -799 -1888 -2158 -1355
-406 589 316 -14 1331 1002 20 1595 2337
525 489 558 1088 1454 1876 1836 3150 1350
30 -137 -293 406 282 718 -481 542 -1126
-656 161 898 -241 -338 438 -1263 -1896 -797
-386 54 -627 -754 -32 -156 -302 340 -55
635 -63 -245 848 1046 528 1354 2105 1563
-812 -356 -1395 -408 -675 -1405 474 -1016 -1866
-946 -1389 -358 -526 -1636 -647 -488 -2282 -1129
-332 -2794 -1918 113 -2293 -2447 151 -1312 -1065
-1268 -1606 -1043 1246 1774 871 524 1815 201
-762 -336 -957 -240 -205 -343 -633 -1461 -735
-225 -273 48 -1549 -1172 -1095 -2366 -1917 -1683
2750 1907 732 799 -86 -362 -1325 -1094 -1401
417 894 1279 860 1363 1934 -811 -549 1828
-1684 -1035 -560 -432 221 -578 766 -102 -175
536 108 708 -427 -1249 -433 -45 507 686
2118 1150 2326 2048 1357 1863 687 741 823
-1201 -1160 143 -165 137 1012 784 1206 2151
-1706 -774 -1935 1965 3467 526 3364 3286 1673
586 471 348 184 402 705 858 -10 -739
-1075 -1080 475 -2459 -1696 1033 -2753 -1309 1945
-1124 -24 -707 -1130 -448 -1545 755 157 -151
-708 -357 -1313 -777 -215 -1008 -672 409 -1099
-70 213 -265 -2052 -857 -916 39 602 102
-1120 -1329 -357 -9 2245 2404 71 3527 2177
-440 -903 -1221 -478 -627 -1040 1425 1452 927
1111 3158 1430 1812 4586 3922 3490 4883 1916
-1281 128 228 1464 3064 1906 1452 2924 398
991 -24 -983 711 -335 68 -1278 -1475 -1035
514 787 1168 672 3044 1853 2200 3157 1041
-803 -534 -1739 1359 705 -1597 343 -253 -2032
-485 -938 -268 -44 -378 626 -1116 228 1006
153 774 1233 547 831 337 1864 1098 92
-912 -1189 -325 -1285 -1353 -1534 -706 -1210 -1256
68 649 824 -347 -920 -626 -1945 -2588 -2381
-1291 -1507 -1014 -1564 -683 -202 -417 295 989
836 -166 267 -57 -38 497 -505 -844 254
-190 -1222 -952 1696 1365 980 1201 1460 593
1039 3259 2362 1347 2462 2806 408 1282 839
277 -1165 -62 -950 -1996 -722 -2112 216 -469
709 1167 1255 -211 -716 -300 -1192 541 247
1143 2653 516 1782 2261 1213 656 238 46
-2154 -162 -258 -770 1170 -307 235 280 624
1540 2728 1528 1226 1960 1454 -421 -294 366
120 719 -119 1601 745 81 2524 -463 -2418
-578 -913 -1264 -638 -148 -109 326 1026 1415
-1024 -427 250 -624 -403 -120 187 997 1654
277 -293 341 568 559 1248 1013 1464 1311
-183 356 446 642 1023 981 -188 230 5
-1164 -1428 191 -1371 -1655 286 101 153 2004
613 1092 451 -19 423 -426 95 572 -322
-153 92 -341 -841 -845 -1627 -603 -65 -734
606 488 325 58 345 702 -834 -560 231
955 309 -162 1033 758 595 103 281 432
146 23 752 575 723 1076 155 123 438
167 92 -486 525 505 -326 148 110 -470
672 354 1063 -208 -523 672 -2225 -2259 -1302
1782 2318 2051 1413 979 985 443 -239 -105
1517 2142 1421 1917 1924 1179 -1387 -1842 -1459
-359 -1189 -1781 -391 -1477 -2148 485 4 -1552
-1001 -1092 -663 -662 -423 -710 -549 171 -161
-1014 -1555 -566 -704 -679 -546 -595 -744 -710
-161 1920 829 -788 888 895 -379 454 -867
-637 -410 -800 -1134 -642 -837 -683 -981 -802
32 -226 141 112 542 256 -378 222 -181
-572 886 404 -774 125 181 -164 669 630
231 380 942 632 989 868 -455 -708 -403
1541 1039 726 -144 -572 -382 -406 -437 -762
200 283 311 301 269 392 1572 1676 1359
-554 193 -381 -1415 -714 -677 -474 265 629
-932 -926 -1640 -901 -1300 -1416 101 666 74
1449 566 1050 1238 134 -364 -390 -1262 -1563
391 -55 -26 811 268 -231 -197 -512 -1055
-884 -1538 330 -1571 -2043 -1122 -1982 -2217 -1458
-1084 -1092 -465 -1405 -1615 -491 -1522 -927 278
1510 980 1824 1017 668 2621 823 1657 2518
-452 -635 -515 1683 1048 -47 708 1034 401
13 -2326 -2117 -571 -2133 -1265 -691 -1615 -135
172 -689 -406 298 -1000 -2114 1303 -624 -1575
-100 -931 -1648 71 907 -96 445 885 -66
-467 -632 -997 -778 -526 -1386 -1046 -37 -592
509 -348 -732 426 -314 -938 315 -456 -536
-932 772 2840 -1209 -243 2203 -1808 -1841 40
697 367 622 25 709 790 -937 912 714
1532 154 -399 475 -343 1360 -9 -724 1628
-2539 -1576 411 -1650 -727 88 -855 -630 -240
1820 -73 -1550 1117 -634 -2110 330 -1372 -2016
1526 -159 -1567 1053 366 -1309 769 1133 -243
-1128 -1758 -896 -1731 -2080 -349 -210 455 1015
-937 -569 -531 858 220 -174 460 -274 -1187
203 -343 -381 809 -24 -704 502 556 -230
585 878 22 589 323 194 513 -274 -723
2310 1153 -503 1948 860 -458 1512 940 -449
-748 -1820 -540 -1120 -825 699 -1204 -693 95
-924 -450 -545 551 323 430 -91 -760 144
709 369 -108 22 -406 -452 154 543 285
740 524 -214 154 -462 -774 -962 -594 -7
-986 -89 -226 -99 679 -16 347 443 -2
-994 -621 709 -796 38 1551 -820 165 658
279 -2278 -719 -1213 -2448 -559 -431 -1036 364
464 -228 -1314 -241 -530 -428 117 -153 -96
-2648 -1749 -243 -1502 -1380 -1011 -452 -950 -611
1234 1619 1742 363 985 1488 -352 -493 818
1357 1885 -145 1647 986 397 -12 254 847
503 58 671 1897 1407 1153 2326 1782 653
396 -185 1246 561 -152 870 2108 1191 1016
1917 -146 -689 1584 -341 -1361 1595 606 -1389
721 -659 -387 265 -279 -271 -1653 -703 912
-1179 1949 1892 -2022 359 1412 -2214 -1148 854
2177 -97 401 980 73 1354 -1778 -884 1448
-813 -597 -551 -597 -1133 -92 947 1360 1658
-3315 -2851 -1698 -363 -369 -1143 278 1249 748
1206 924 427 1246 973 330 911 915 1239
1113 196 430 -90 -602 -460 1625 509 198
-768 -2372 627 -62 -1368 1559 -719 -2012 869
-722 -113 839 -1496 -1119 -435 -728 -930 -356
-348 -1471 324 -589 -2446 -699 488 -2458 -1940
-1142 -1218 -532 -602 -1628 -604 -118 -462 -236
795 -91 451 -111 -600 -648 699 -549 -337
-2066 -2206 -1152 -1291 -1717 -1511 -850 -1209 -1766
-586 -1240 12 508 -1200 -791 1548 -779 -1110
-319 434 61 -760 -178 -1097 526 923 351
-71 -537 -1431 240 -95 -247 294 37 932
244 -340 66 -804 -757 501 -1784 -2234 -676
394 2625 1607 -832 996 1100 758 1509 677
-1717 -886 -85 -1165 -1703 -938 77 -797 -381
-394 -359 -531 -289 510 -28 -619 -955 275
-844 -825 180 -1747 -1134 -599 -2325 -2191 -1594
-544 -2011 186 -2441 -4263 -1049 -853 -3036 -1387
-521 1562 1258 -111 1793 1246 -5 2052 1296
-458 474 93 -460 -448 -714 -1079 -1820 -700
1602 1339 93 632 -357 -27 -330 24 1595
36 -343 280 633 331 918 1775 929 798
-12 1705 1112 2474 3462 2075 1522 2695 1147
1834 2747 2978 433 1272 2672 -767 -160 -124
-609 -645 1199 -1443 -1537 1 -18 -406 202
-510 -1880 -1442 -2115 -3573 -2142 -2361 -3467 -1769
-615 -2148 -1204 -1197 -3271 -917 -515 -1855 313
-2904 -3206 -1302 -2095 -1905 -873 -2576 -1384 -545
284 1070 -221 -984 -416 -1512 -2357 -1386 -2050
-1317 -931 1112 212 -769 970 1367 -932 -810
-426 -1543 -635 -1817 -1938 -788 -1927 -824 439
-115 -646 -553 -749 -1486 -642 -92 -315 560
-1171 -2302 -872 764 648 1550 2884 3879 3434
-1804 -1511 -2383 -1275 -2040 -1981 -700 -1652 -561
-814 -804 272 -2263 -2042 -1650 -1078 -1557 -1356
1593 1088 551 -792 -896 110 -2161 -2418 -1334
-1753 -2292 -2029 -2643 -1747 -1353 -1034 112 249
-151 504 1962 442 2392 1005 486 913 -634
-40 -514 -1483 899 735 -98 882 1444 928
1074 457 288 21 -845 -496 1123 294 1007
-916 -1260 -261 -1541 -1122 215 -375 -908 -381
-1481 -2604 -1265 -277 -1222 -1239 638 964 420
-1300 -1746 -866 -1229 -1267 -717 -1597 534 42
91 -78 -894 749 819 -516 349 -101 -94
-816 550 90 -2159 -1673 -1658 -786 -2926 -2113
-2673 -2671 -2346 -1776 -2759 -1180 -491 185 655
-771 43 668 -285 -549 -381 -295 -429 -691
2322 1550 664 459 880 -269 -1359 -1330 -73
721 1383 92 -722 -379 -59 -218 -32 -647
152 901 855 731 608 1236 536 1553 1738
-219 -479 478 -124 226 1460 -885 -692 25
545 -966 1 1492 979 1202 2264 1754 1353
-185 -785 83 -781 119 -356 -2325 -916 -1624
-209 -627 -979 -243 -1274 -367 148 -34 463
911 1084 972 569 706 602 -50 -305 610
910 560 -152 -819 -1513 -1279 -1534 -1767 -1725
1625 1521 1060 1532 1887 694 2306 2358 1903
876 852 122 1599 978 258 1089 1715 733
646 141 -699 -30 -244 -423 -366 -106 -119
-1440 -2187 -2526 -499 -974 -579 -430 -563 297
-628 -840 705 -2001 -2339 -520 -1647 -2391 -1255
896 -538 -526 62 -1706 -1714 1911 -601 -1017
1291 1497 -1133 1169 4 -2349 1443 65 -3448
-359 -604 -580 -448 -164 -1190 -1996 -594 -1624
1042 1002 1220 874 1153 -263 434 172 -848
-1060 1202 536 -1064 88 610 -314 -498 -787
-2918 -1639 71 -2363 -1450 910 -958 -799 1011
1897 -65 -2988 2616 -1047 -4212 1061 -1505 -3797
-1954 -736 960 -2317 -1762 744 -941 -591 -137
-1408 -693 -1818 397 -475 -1958 1899 1073 -857
1584 -1245 -1701 667 -1351 -1328 1831 406 665
1162 546 -356 212 410 497 -1152 -389 -1292
-1596 -780 1100 -1403 392 1946 -816 1298 1530
1135 -700 -852 935 -133 663 217 1580 1276
-2194 -332 -48 -1296 -816 219 -1867 -1702 -130
-132 588 1392 91 542 959 -795 -477 447
-1059 -526 -635 107 37 -520 1077 -115 -524
-1666 -471 -540 -900 -45 -90 -61 781 -1447
-350 291 59 1281 708 -104 1858 -260 -124
1756 1250 473 21 -225 1106 -1187 -1230 615
995 1389 725 535 393 627 -341 -270 -354
1324 614 -1796 -158 -838 -3042 724 -367 -3207
-3413 -216 2620 -2867 -28 3756 -2045 1001 3771
-333 -393 72 1254 -470 -334 2162 -740 -2349
1270 -1066 -260 1445 -61 705 1472 528 554
724 1323 -1735 1814 1248 -2848 1338 1319 -2307
-2255 -807 895 -2466 -776 1920 -2344 -597 1838
-3345 -251 1519 -2282 -833 392 -334 -499 -160
-1666 1 742 -1783 -384 -1239 -250 -519 -3463
1604 1274 22 678 920 91 -567 -259 463
1977 493 -1249 2402 2250 513 922 2898 3020
1854 1325 -1128 1169 770 -1867 -661 319 -1560
-2571 -685 1501 -1533 -441 1739 -1791 -590 198
-1777 -2605 -334 -560 -995 266 1378 1344 1107
-1511 -388 -253 4 217 -75 423 -368 -1044
-159 -2180 -1694 606 -1119 -1108 1539 39 -574
-397 117 1114 273 1421 1071 384 1399 1302
-1122 -206 -293 -722 -209 50 398 -48 -187
-760 -911 436 -1000 -1279 289 -781 -430 847
-3842 -4460 -1786 -797 -1339 680 -155 393 1492
-682 1255 1357 61 582 271 -229 1087 817
473 1384 1877 -1959 -763 -201 -3126 -1662 -1666
741 285 -425 -104 -131 -350 -504 -1897 -428
780 1752 3638 754 2146 4692 -1181 351 2754
-794 -606 -621 -976 -934 -1370 -2230 -1579 -1984
129 1071 671 -452 1478 1135 346 807 528
788 843 847 686 1058 1391 -1202 889 -379
-387 -119 233 -985 -1179 -398 352 -756 510
1424 1730 623 1556 1144 490 115 -552 -663
-117 565 495 -41 205 1376 286 355 283
-84 627 -298 -1341 -1024 -1825 -2068 -1042 -1158
-429 -306 -410 902 428 -46 254 972 871
-821 -867 282 -864 -917 -446 -1025 -1152 -505
-796 -105 -736 -1194 -1625 -1823 -1926 -2302 -2001
815 877 1784 -224 118 368 -465 447 154
276 -334 415 -517 -515 376 -324 1091 1023
380 941 566 -576 -488 -915 -1431 -428 -960
-298 203 -409 -93 -917 -1063 1538 662 552
-672 -304 2 -49 400 880 -432 -173 376
-1961 114 310 271 530 886 -181 1032 832
-449 -1234 -1466 -2694 -2511 -3119 -2064 -1462 -2213
-273 -1350 -1006 -872 -440 -720 -1269 -1364 -1743
506 1039 216 1671 2710 2373 317 1607 1161
-1195 -1819 -451 -536 -1021 635 -755 -839 680
-165 -503 -796 -738 -1104 -1000 -380 -1813 -1283
-163 -804 -887 -1279 -1206 -311 -2377 -1194 16
-250 -1816 -1121 -651 -549 1528 -995 666 3832
676 254 -1306 -36 -348 -2489 -957 -324 -2609
-1357 -2051 -1504 -1705 -635 -96 -2314 79 1671
2033 1516 630 980 -117 -76 -14 80 -1230
-1700 -659 764 -736 -535 817 -988 -224 1020
1470 -763 -2690 899 -370 -3482 141 -1044 -2962
-829 -1584 -1403 135 -1024 -300 1213 539 -256
-988 -524 -648 -523 -360 -365 -155 -587 -296
-1230 -2274 -1445 87 -1849 -2315 650 -1356 -483
964 582 -284 661 -84 -709 -536 -464 -413
-1502 -578 1305 -19 976 1624 590 1069 1230
1379 2777 1997 1918 2379 2021 111 1303 687
-2252 -1894 -432 -1668 -931 493 -1772 -487 720
-1057 -908 164 -1371 -1550 -308 -1375 -1293 -73
536 545 307 1271 1532 -133 387 105 -400
-2850 -1542 1046 -1565 -433 909 -1744 281 924
-1695 -1532 263 -737 -8 706 -739 809 1748
-385 -391 -2123 891 473 -1594 673 1344 -566
-1014 238 1073 -1616 -1253 -918 -1461 -930 -1262
769 839 -340 2005 -385 -1635 1627 200 -1203
-1468 393 751 -418 747 324 -488 -717 -959
-2825 -1888 -82 -2438 -906 -914 -1682 -1525 -314
304 1328 -510 -707 617 87 -547 265 -13
244 -81 481 972 288 -212 715 242 136
-1277 -396 566 -1539 161 789 -449 -223 879
-2328 -603 2252 715 110 1506 -5 -212 306
848 1198 -955 -2018 -317 760 -2213 388 2585
456 -768 -431 428 -983 -1449 -65 -638 -463
1496 1503 -102 2052 2077 -755 502 1554 -1285
569 955 -868 -87 43 -270 -368 -124 -407
-1245 -560 649 -904 64 -724 -681 -199 -155
-139 1052 1058 836 226 -1084 -510 -1478 -3226
986 -1717 -2133 2148 312 223 3173 2207 -651
-308 -744 -543 -660 -857 -409 -714 -1246 595
271 -990 78 1165 495 979 1780 920 1457
-105 549 -1296 -424 -375 -2006 -521 -169 -705
-1166 -1006 -996 -1212 -1031 -949 -276 -715 17
-1370 -847 3070 -654 -553 1836 823 -361 394
-871 -734 -457 139 187 313 1093 1145 894
-206 -472 -282 938 -556 355 158 -437 800
-367 -930 398 -878 -259 -190 -9 61 -231
1297 794 -160 -381 -276 -163 -1613 -825 676
1433 526 -711 676 1196 -658 342 -319 -889
208 373 2023 1098 2039 1138 280 596 890
-602 417 648 175 1067 348 1817 1454 1644
182 -591 34 -1592 -1674 -1393 -1876 -1646 -1144
-174 -739 -78 228 -745 -511 102 -487 73
-1172 -1555 -797 -2555 -1488 -1831 -1740 -1540 -471
-881 -1706 -2245 141 -993 -233 2005 585 90
660 1149 1363 572 1193 730 -505 -1201 -1875
70 235 147 1299 2218 1593 1149 1284 1592
530 1182 1571 486 946 825 -193 -1133 -881
1315 1939 829 3419 2768 1576 3995 3654 1644
-304 -426 -186 -896 -231 463 620 628 842
241 336 -689 612 655 -334 341 576 -1156
-626 89 964 -348 -96 1090 -118 -205 1436
182 1526 1585 -229 -126 472 -767 83 171
-104 244 1939 178 758 1143 -273 260 614
1566 1717 -83 376 -173 -372 -76 -126 -402
814 1542 1249 1532 815 763 -377 -901 -484
-1878 -2618 -1332 -136 -112 292 1697 2035 518
-701 -1153 -950 -1298 -1455 -635 -1546 -766 -226
82 562 708 -1058 -681 -717 -1615 -1044 -1443
61 -378 37 1923 219 -203 296 -441 -1007
-1191 -1523 -252 -771 -892 365 84 -353 324
-1250 -1340 -931 -777 -987 -265 -395 -1033 -326
-28 -513 297 -332 -75 -286 404 171 360
352 499 -178 669 698 -548 -199 -750 -360
-1316 -1112 -752 -136 206 410 -325 228 1172
-2411 -2753 -572 447 182 958 2049 1606 1497
-520 261 749 95 -413 224 260 -286 -68
743 1273 495 817 1042 946 1096 1113 156
-2372 -2851 -2148 -1399 -1832 -1328 -1519 -1209 -1330
1938 1150 -536 720 1147 -656 -159 378 -619
37 -744 -1298 65 -767 -942 150 -1038 -574
-1481 -1723 -1674 -665 265 228 996 2365 2484
658 718 422 356 360 -576 -456 -329 -903
-147 -1216 -821 -475 -1039 -945 -1221 -1874 -1548
-1104 -1050 -1340 -293 -330 -684 1562 1269 463
95 1982 1318 556 575 57 637 405 -701
-1159 -1308 -608 -602 56 129 -551 -593 -380
-1034 -1127 -683 -651 -1007 -1037 289 -891 -1848
1514 1577 1815 1670 1102 641 523 -485 -714
-280 238 119 -618 187 -412 321 193 -78
104 -51 -134 1226 1403 1639 1779 1301 464
316 -396 -344 233 -344 227 -118 225 300
-484 -816 -1355 -135 -252 249 388 299 1255
927 1930 1648 -432 199 176 137 805 -506
372 691 -34 185 709 -808 16 41 -1097
319 752 -23 1398 788 -149 2002 138 -1481
422 268 387 -276 -793 -401 -946 -675 -1219
826 1659 1193 1354 1319 -277 -294 -434 -1636
-1292 690 1071 1691 2838 2718 3437 3710 2512
1695 1477 -61 1168 301 -306 -96 -303 -1129
1841 1038 167 -97 -85 -22 -1022 -651 -203
534 -586 -1455 922 -754 -2252 139 -338 -1251
-191 -286 -361 -493 -901 -1116 -294 -607 -1179
-299 -524 160 -1117 -1351 -1147 -199 -888 -424
-382 377 777 -84 178 629 -264 -966 -608
1332 493 -27 959 453 232 194 -288 -325
-194 -853 -1187 -358 -734 -1371 843 327 197
795 -978 -518 1346 211 557 1923 1093 609
-1112 -456 97 -1773 -1841 -1425 -922 -816 -774
-491 -394 425 77 -938 -109 862 -119 -106
-1274 -1052 -1260 -455 -421 -889 -201 551 -358
344 -763 -1330 785 -52 -1023 1654 1189 306
876 1098 529 888 1017 46 -290 -958 -1446
-69 -520 -671 -637 -1603 -800 -502 -1052 -171
-737 -18 -132 -343 85 12 397 -504 36
-645 -1074 -334 -815 -1392 -994 -381 -1306 -288
-1743 -1295 -437 -1671 -1221 -514 -295 -651 -227
484 400 -188 544 577 256 -56 329 106
611 174 -152 56 -392 -143 -88 -64 17
-53 -322 -463 -217 -752 -1199 523 -366 -1002
362 1241 640 652 967 793 40 475 -229
1819 1274 1504 2276 1104 1724 1072 1041 402
-14 -238 494 -606 -751 -707 -308 -535 -363
114 -249 481 787 594 970 -149 -163 -8
1034 -620 -1315 411 -1033 -1278 672 -372 -442
78 -549 -384 560 774 -31 316 28 -375
1326 930 862 415 359 262 274 -802 -726
58 -386 -761 -791 -1320 -1565 399 -201 -268
-124 -250 275 -537 -214 281 193 -6 689
-353 94 171 515 -155 236 219 649 97
73 13 188 700 235 515 273 204 545
-322 -827 -1821 -404 -1337 -1618 -940 -1098 -2078
-385 -556 -462 -152 20 -336 -391 -526 -327
-1030 -840 -131 -1110 -503 13 -518 595 1345
4873 2212 3461 -16595 -6884 11216 6712 -12272 -10602 -444 2138 1547 1745 3603 1551 -3939 552 9876 8165 -6805 -3876 7907 -6 6749 4363 -1669 -2480 -2087 4463 -2394 5074 -5337 -1889 1304 -2932 -3311 -955 3633 -15587 -3661 -2558 7584 801 3441 5901 17963 -1277 715 -4771 6033 2361 11019 1902 -24672 -5520 1383 4468 5025 532 1773 5064 -10612 -4739 7503
-405 -528 -1130 -554 -37 -492 -209 355 236
1538 -177 -175 1419 -419 -489 508 -855 -1404
932 843 297 1260 1201 596 262 907 255
-386 364 -840 553 1454 -184 1479 1600 1900
486 1100 428 554 272 423 623 17 867
767 1180 2315 781 1504 1953 -762 -700 -562
972 952 1290 310 795 563 597 504 71
-1035 -755 -507 -613 -369 414 -1053 -643 12
-120 1036 274 813 1466 1032 2465 1841 2943
-350 516 689 513 1330 1016 1380 969 1070
1787 1862 2723 240 -60 1102 -547 74 207
-235 -444 -531 -1181 -1283 -2301 -1603 -1279 -1692
1023 384 -270 2077 -206 1088 3481 1394 3498
-2462 -2011 -804 -1319 -923 6 -602 -48 452
704 613 663 -529 -211 491 -633 -1493 -575
-1260 -1321 -1151 -556 -982 -1211 -2499 -1738 -2352
542 -75 435 470 359 718 1133 252 388
-634 -458 -595 129 471 545 -49 575 1193
769 36 -1120 828 559 -1059 -299 -168 -773
3458 2338 3691 2236 1243 2798 3863 3573 4515
459 384 -167 307 -18 445 -7 -577 200
-543 1283 724 -2785 -1479 -2182 -3147 -2986 -2859
465 312 463 1389 1198 1015 432 134 154
-274 39 -369 618 1118 676 296 417 1048
777 2531 2669 976 738 1415 -269 -27 -34
-68 142 -869 725 17 -1038 671 865 -181
19 -565 -79 -1084 -1430 -950 -782 -1066 -348
-247 -940 -558 654 551 795 1135 1545 1370
145 -972 -1217 711 511 97 -110 679 -205
-245 -411 -408 -1019 -1563 -1117 -1463 -1340 -1206
-797 292 130 -919 325 -875 -639 -1143 -1218
217 195 141 -190 -409 -784 -368 67 -44
735 468 757 -55 -321 -95 -646 -525 -832
-443 -47 349 386 626 821 -924 -1485 -1067
-154 55 -363 591 767 -287 180 169 -333
-1055 -773 -637 -2177 -1531 -969 -831 -421 -608
-1508 -1512 -1125 48 -638 -626 165 -545 101
-1186 -1404 -1423 61 -81 -308 1129 1565 1149
-1494 -1593 -1537 756 447 -285 1447 1058 992
770 1004 1211 -215 -128 533 -38 99 162
-1323 -1141 -1359 -1073 -967 -521 -474 369 -106
791 228 601 640 -478 661 1311 956 980
-564 33 21 -1081 480 141 -880 -352 179
-977 -1427 -1787 1102 585 408 486 716 1088
215 -224 -479 284 -185 -53 720 400 44
-1109 -1362 -1341 -1255 -1104 -1008 31 453 383
259 996 673 1744 931 1903 2126 1446 2160
-1390 -1086 -681 -301 794 769 611 1651 783
-212 -989 -1189 633 359 196 1245 1476 1585
1601 1436 1048 350 30 303 -455 -329 -151
1390 841 518 2185 1167 1648 722 460 1141
-1470 -1096 -490 -571 -911 -80 -807 -370 -249
-79 256 -362 68 -394 128 -165 -397 -42
-218 -735 -1278 637 -271 -188 967 342 616
336 214 360 -2736 -2335 -2210 -2535 -2758 -2362
788 699 1641 -764 -864 115 -1348 -1532 -338
120 -49 183 -1077 -186 -5 -485 459 188
906 1008 987 444 56 -7 335 41 57
1053 888 1025 749 201 299 -175 -674 -1012
-1688 -584 -134 337 1415 1803 2400 2545 3177
-837 -392 -463 -1514 -889 -116 -1849 -1414 376
-555 -359 -410 172 161 519 549 587 1456
-264 -287 60 157 -280 -229 -693 -1572 -1591
607 791 658 -163 -380 29 -1489 -885 -575
-2050 -1613 -1625 -1601 78 -821 332 1332 749
-821 -1022 -1442 -827 -854 -415 1 -807 -94
1810 2340 1831 774 -89 -581 -316 -1476 -967
942 -59 -840 218 -1546 -1488 -1876 -2072 -2453
-134 11 917 474 348 78 -1904 -633 -1188
-113 1060 424 -1307 128 -300 -1242 -934 -1049
1311 701 1731 2588 1161 99 3197 1413 -47
-454 -169 -284 343 843 1131 -190 -103 -30
174 1251 695 156 1679 1209 -1127 1451 -409
754 2549 2225 1142 1022 1758 2400 2752 3702
612 797 1399 847 343 1021 1168 487 1033
-3143 -43 723 -2283 49 861 -1265 332 476
-365 -698 -1059 -1128 -1445 -1069 768 -860 358
-759 -584 -1014 6 250 -541 1145 968 238
2630 2344 2840 -1571 -1231 -629 -2744 -2693 -3706
-931 -816 -562 879 -353 62 1265 728 510
-1945 -2471 -3632 -639 -499 -1350 171 -154 -1124
3369 1636 2361 1636 1514 2394 -45 81 734
1696 857 -165 142 -62 -445 253 1127 1082
530 1109 1590 -1130 -1173 -195 -522 -1847 -806
-721 -463 353 147 -283 650 -1393 -1827 -1301
1515 2424 1901 555 1243 1737 -284 818 1933
-452 -1220 -1210 -1466 -1316 -1554 -539 -746 -665
-751 -692 -1658 569 871 299 501 523 902
-567 -1012 -8 -1757 -1260 -867 -1269 -774 -1158
-524 -692 -1902 -877 -1362 -1782 -633 31 -277
-973 -1397 -1442 -164 -509 -229 1140 -621 -82
-563 -455 -443 -1219 -325 -1110 -734 -394 -933
-380 -614 -979 -678 -1534 -1199 -1535 -285 -289
310 446 146 -169 -411 -549 -256 904 317
465 -1352 -1293 44 -598 -1159 -739 -1875 -1156
-2014 -1572 -1915 726 487 1113 1861 2145 3429
-74 387 468 -1160 -1313 -571 -730 -572 589
-4384 -2880 -2991 -1900 -970 -935 2685 3105 2951
136 108 292 -172 -325 -99 -1296 -511 -664
-94 -985 273 -533 -861 -667 488 375 -663
2888 1315 810 2796 1437 2352 3165 1871 693
-1287 -463 -557 -999 -916 -824 -308 -678 -374
-1336 -921 -1762 -706 -514 -1605 720 48 359
-1298 -394 -36 -233 -260 62 1045 574 -32
-2074 -793 -1241 -1097 403 -181 -76 461 -14
1988 1218 1855 1039 708 896 -1141 -930 -968
-1181 -578 401 -598 -90 488 17 329 188
-2136 -2161 -3183 3346 2180 2689 3346 2046 3087
-124 -1523 -897 -1134 -1241 -893 -9 534 -422
-723 -2585 -1217 333 -658 680 1706 139 1740
-1192 -192 -543 -1350 -1075 -1043 745 459 16
-610 374 321 -1504 446 -790 -412 25 -1080
-2002 -1992 -930 344 1988 2651 817 2541 2811
421 823 1155 -427 -487 -1627 -226 -464 -1463
-461 880 623 425 728 73 -682 -1093 -1032
-1786 -1722 -1671 -913 -1276 -1095 1330 1610 1927
463 788 492 -438 135 -205 -1132 -1309 -1463
-1023 -1600 -193 1424 523 2558 1936 1642 3383
863 303 660 -543 500 -769 -217 1346 454
816 1293 1684 36 605 758 -1047 -736 -416
1488 30 1228 -531 -460 -198 -839 -663 -861
71 778 -134 -1019 -581 -963 48 390 -230
550 99 -1229 418 -406 -861 210 -423 -1132
-173 45 -1140 513 436 238 186 813 1246
-2599 -2145 -920 -1967 -979 28 -1068 66 1364
393 2618 1822 -851 -87 -350 -1907 -2008 -1254
-185 -1356 -1611 -674 -1442 -1456 473 844 730
-269 586 -549 -1265 -628 -1025 1300 2237 1872
-964 -2168 -2193 -831 -1839 -1677 -502 -365 -1003
-547 -344 591 -598 -551 273 -1229 -959 -460
1017 852 1137 1568 1688 1914 297 1151 647
-1627 -318 -736 -1376 -740 -452 -1408 -1554 -1284
748 228 -282 811 1202 711 -365 -61 39
-914 -529 292 -933 -973 10 -787 -507 -190
-1465 -528 -119 -2096 -1158 -589 -2061 -690 -479
-1126 -1617 -1800 797 23 324 305 192 -849
799 677 91 194 582 1088 -808 -304 -47
-197 -143 -229 1269 895 668 1271 1070 867
-927 -407 11 91 -207 368 157 132 583
-882 222 -226 382 -171 -388 665 302 57
-21 422 663 1075 1088 1168 1532 506 920
-347 -1543 -429 -111 -1151 -1435 -491 -1406 -2035
-181 87 -1037 -1685 -1349 -2413 -1021 -2192 -1648
-726 -553 -829 238 -201 -332 172 -212 -733
1496 729 926 1437 -27 -72 835 -118 -372
-124 -345 423 -380 -501 319 118 -838 -324
2055 1019 777 790 -40 154 1474 727 68
-812 -933 -1033 -583 -1101 -939 -201 149 -845
-1589 -1443 -1365 -340 93 -465 -157 1128 768
154 -1451 -814 1145 606 713 563 458 779
-890 754 260 -1438 -1215 -606 -1215 -408 111
-870 -551 -593 -361 355 547 -1311 1564 2498
-1426 -1735 -2130 -595 -1091 -591 -1203 -1129 -812
-509 -726 -721 -659 -1335 -633 -377 -861 -40
-224 -515 -851 -1238 -1020 -716 -493 -284 208
1062 910 535 3 -267 157 -1365 -707 -613
-92 -72 -266 -152 -374 116 -1546 -971 -1027
-125 -291 14 -176 -373 656 -231 -399 514
1327 1123 866 282 -744 441 -491 -490 -1218
-1169 -840 -740 -155 431 -441 1127 1727 780
445 120 972 -502 -684 -258 150 -400 -462
-7 1071 287 -214 -43 269 -429 -164 117
323 -872 -554 824 -242 -133 161 419 -270
1259 904 1965 582 -220 1126 20 -1107 131
1966 344 -1081 1891 544 287 769 -771 -938
-111 3338 1280 714 1607 2743 1283 3052 3585
-216 29 76 -530 -801 -610 -1297 -1396 -1491
1116 1974 -1391 2598 3012 1432 3477 3546 2270
-424 -851 -1269 -931 31 -423 -1121 -2 -698
1626 1642 1407 767 749 551 1144 786 665
-496 247 -1528 -475 38 -334 -761 -950 336
-552 -112 65 2604 2781 3347 2188 2523 3583
2998 1840 2344 3239 2223 2270 587 2673 2599
745 -66 137 -269 -778 -502 68 -497 -145
-378 -518 -288 396 -334 -143 -210 -724 -318
-260 -182 -338 -1034 -645 -1125 405 -946 -60
-379 168 -290 2163 1421 689 1785 642 -277
-1308 -1023 -1272 -307 -88 -150 -551 239 -546
-815 168 341 -157 8 542 -573 -971 466
-1113 -672 -831 445 1002 656 899 1857 1643
-1415 -920 -2040 -1836 -1929 -2243 -1110 -1008 -818
581 1036 498 1914 1371 2597 1571 1450 2173
-508 515 -145 -243 639 636 -89 75 253
89 1286 1384 603 1599 1464 596 1890 2150
-282 320 -200 -149 -327 -703 450 -481 -49
-176 -234 -374 -71 1010 691 278 1613 1481
-80 -136 171 -216 48 530 969 784 -585
-1068 -281 -578 -726 -267 -308 318 198 -113
510 747 163 -359 -301 526 -2559 -1838 -380
621 93 684 -51 49 -138 -2006 -899 -829
1540 527 643 1438 508 445 113 -102 65
-1025 -1103 -922 -1439 -1526 -1480 -1438 -968 -1495
-1016 -443 -438 -413 549 147 -908 -371 -664
-474 72 -230 -845 -394 -77 -835 -1010 -515
1298 560 -246 -135 -210 140 -1083 -1055 -661
-909 -975 -1060 -1867 -1621 -1756 -2649 -1739 -1631
902 731 699 795 885 700 377 437 1075
-764 -671 -448 -2 -413 -346 37 -264 29
1007 219 -248 899 289 -423 183 -301 -385
36 45 293 67 -165 503 -92 -366 -513
72 1670 1318 72 1038 214 -225 1590 -22
-169 363 469 -691 -201 -27 -369 53 -21
179 702 314 87 130 137 232 192 70
486 1267 1025 -648 -334 203 -292 -737 -133
-567 -447 -506 195 51 400 -785 -1288 -736
-348 -228 -540 174 -89 -21 469 302 647
-658 -365 -571 -648 -240 -991 -653 -284 -1310
-829 -1177 -1180 -351 -558 -382 -933 -1210 -1030
-1009 -763 -789 161 -301 106 87 -195 141
-191 137 604 185 402 578 -771 -689 -618
-320 169 182 497 542 987 98 224 682
-31 -561 -472 403 -884 -103 -247 -1457 -1052
-151 210 -176 312 429 154 -1230 -1386 -1086
652 1128 1494 -253 614 863 95 450 1531
-748 -1026 -887 255 205 267 371 228 -58
-225 645 1301 338 504 787 664 398 1153
-1447 -1238 -1184 -473 -294 -722 -816 -942 -1490
-1029 -593 -1351 -1755 -1595 -1492 -1468 -1246 -1090
-1174 -1222 -808 -1057 -1679 -1390 -199 -581 -313
-601 54 -200 -255 282 597 -594 -246 -447
-839 -1450 -1238 -292 -475 -1117 239 642 -497
633 587 339 260 221 442 477 1354 860
61 -602 -380 -471 -940 -980 -33 -512 -181
728 941 1196 511 974 967 414 487 774
-611 -1274 -1217 -457 -492 -1461 -503 -253 -741
-264 -251 -154 1559 754 1714 1110 871 1252
132 177 538 -70 375 467 227 465 468
289 586 1058 -176 -106 124 -313 195 -395
2751 820 -671 3206 1362 68 1985 288 -1417
386 -358 88 209 -704 -261 -218 -1176 -786
-398 -561 -1286 -81 -267 -894 37 -659 -417
541 526 635 727 758 1083 923 1225 742
-857 -93 -417 -1579 -397 -1062 -1514 -763 -2197
1501 1343 1733 460 599 23 139 1068 765
-874 -1495 -946 -21 -1054 -359 -279 -405 -932
928 -1 609 3099 2165 3325 3250 3104 3510
776 737 794 1454 1447 1357 709 1427 992
-43 -512 33 763 -113 743 341 -568 437
-188 373 -325 480 -271 -316 -51 -261 -1037
-883 23 -692 -753 -626 -1571 84 -587 -1162
375 1265 1583 887 1829 1770 408 699 1199
-322 666 -594 -181 -223 -184 -603 -346 -773
-1224 -983 -1029 -100 -738 226 -1303 -1454 -323
118 431 480 53 5 932 1052 1355 1687
-943 -762 -1515 -1312 -1493 -914 -1584 -1664 -1454
494 1048 1418 1664 1504 2249 2182 2484 2484
-1215 -372 -361 1759 2941 2616 2019 1708 2958
-165 991 1606 -632 243 872 -527 163 530
-130 109 180 -868 -1373 -804 -93 184 392
-86 132 452 1002 117 818 909 828 1416
861 40 -707 938 -215 -505 821 209 -477
414 1294 138 -683 410 203 -810 -290 -234
-624 246 -205 -363 276 670 -396 -277 358
-68 -274 -456 -424 -1106 -1147 -1323 -1790 -1981
-211 345 271 732 807 1345 626 -192 68
-537 -724 -936 -1557 -1308 -1012 -44 -600 -167
1185 -461 -374 2039 1534 1518 1156 580 1257
-536 -392 27 544 444 -66 1483 49 2
-456 -107 -611 403 1105 -135 -204 15 -82
-1288 -1507 -1693 316 -441 -177 2749 2969 3395
-1126 -817 -1008 -131 -502 -1094 1023 701 722
51 274 407 645 785 986 821 -390 -286
663 679 1783 493 687 1690 564 55 370
-1269 -1403 -1532 -813 -332 103 -216 384 327
-374 891 -45 234 -9 511 394 -1642 -644
-115 233 42 -240 -33 295 -389 144 121
339 1280 664 328 956 1327 -1289 -459 -574
48 277 84 -16 1132 1050 -632 -518 -1153
-80 158 5 -730 45 608 95 421 1221
-400 -981 -1040 -1480 -1345 -1278 -2356 -2609 -2239
1934 2192 1936 45 -438 -242 -1253 -1770 -2082
1031 842 1001 1220 1306 1212 -377 142 -260
2197 1494 1148 1266 725 1600 -741 -1226 -715
1948 1711 371 478 212 -846 -310 -413 -768
-832 -686 -1544 -622 -1549 -1647 -780 -1750 -1981
-413 -702 -87 -680 -993 -373 -341 -535 -470
24 427 479 -1108 947 250 -198 2336 1384
787 -664 -264 28 -725 -1196 1075 -510 -661
-500 -292 -155 -418 -244 -957 -1477 -945 -1166
-507 -783 -286 -391 -838 -1210 211 977 199
81 203 357 -453 -97 123 -137 -892 -789
-449 -773 -1123 700 244 -185 -48 -452 -1459
-416 -152 -737 -287 237 -484 -1087 -541 -511
-1289 -1336 -872 -1536 -1111 -1053 -289 -250 -415
186 -25 398 791 187 -142 1147 792 915
-344 -672 -568 2410 2075 2459 1327 766 1270
-710 -1418 -454 -938 -1485 -1775 871 -654 -145
-1544 -2571 -2206 228 -451 45 551 -65 719
852 983 225 1029 40 888 62 -494 328
844 767 -108 -170 -139 -970 -848 -1125 -1655
-6 -689 132 -921 -1405 -62 -1766 -1228 -1314
1156 327 630 1174 1080 1100 2015 1674 1168
-1698 638 348 -1618 1026 761 -2405 -127 194
-252 396 1303 -1485 -1349 -991 -713 95 238
-678 100 181 -353 665 532 57 649 637
-678 -1047 -199 -1483 -1487 -952 -907 -556 -430
402 335 1034 -1424 -738 -789 -2434 -956 -1249
-1733 -1868 -1928 -357 -994 -1296 440 -702 -600
-1926 -1549 -1710 -841 -848 -956 -1042 -204 -148
-959 -530 -910 -1518 -940 -991 -726 -240 -237
-1114 -584 -446 -294 -271 222 889 922 1711
-719 -1272 -800 484 792 1171 1332 1495 1985
701 365 1006 -162 -180 -60 -122 -631 22
-1292 -1668 -1666 -96 -202 -531 -1031 -246 -319
-955 -1925 -1278 -1592 -2404 -1958 -489 -225 -334
-191 -374 -22 -276 -572 -194 124 337 811
2767 1945 1346 -156 -769 -993 -543 -1046 -1231
537 273 718 253 -180 -442 -167 399 61
-556 148 387 -785 578 31 -1133 73 -49
15 -136 -621 953 60 -400 1046 766 327
749 -373 -342 1231 563 198 1245 1016 1172
-288 2368 2043 -923 5 833 -120 129 931
-778 -521 -559 -1407 -1647 -1304 559 136 1202
664 129 388 -251 -499 -165 -679 157 528
751 1542 1423 333 84 452 122 1485 2238
-1064 -958 -872 -347 -290 40 1169 1082 1360
-683 -478 -24 701 392 383 -656 -488 146
1127 717 952 -140 -10 195 428 635 115
372 2479 1777 259 1383 1848 86 2039 1509
-1035 -737 -640 -569 -444 422 -696 723 719
-345 -9 -22 -39 -367 -90 -421 -629 -334
1198 939 559 1290 811 644 616 229 385
-891 -485 -523 -37 23 -453 73 -68 -83
-441 -333 -559 -16 450 30 -66 347 251
-98 -40 580 -389 -815 -184 -289 -178 245
-978 -756 -108 -386 -377 -308 -281 80 -68
37 124 724 627 344 704 988 479 329
172 172 337 296 -204 98 -155 -482 -39
-648 -781 -213 719 443 137 1256 491 749
373 351 171 -62 -567 -900 -556 -406 -872
891 1469 1169 -798 -591 -1026 -463 -1027 -970
61 -178 184 22 -412 -165 603 695 394
569 -189 -43 277 -465 -268 1227 529 469
-432 -1018 -2 375 40 748 -116 -524 -412
-364 -74 323 -118 -279 -50 43 -239 144
-626 -741 -506 -326 -720 -551 -299 -756 -160
-746 -391 -837 -280 -565 -464 21 -298 -397
294 101 -185 869 819 611 673 269 788
252 29 965 1498 655 1447 1684 1407 1585
1486 1146 1476 1382 1408 1977 1987 1689 1947
310 -469 56 -48 -732 -188 590 -268 -403
-1511 -914 -899 -1514 -971 -1214 -489 -272 -678
720 1818 1331 -379 1099 851 -722 602 600
-118 -979 -221 -14 -916 -173 319 -266 -170
1423 1526 1770 641 795 1745 1488 2150 1979
-869 -486 -749 -18 -4 -135 455 735 445
-866 -984 -786 -582 -1009 -753 -686 -757 -670
-1474 -1496 -1505 -1434 -1560 -1766 -147 -873 -532
738 502 365 -100 -369 -224 -744 -509 20
-162 -642 -819 -26 85 -279 -82 318 194
245 557 597 -605 -557 -557 1747 2583 1499
-194 22 -172 -458 -535 -531 53 23 -380
127 587 524 546 621 682 849 540 804
-221 110 152 -328 -209 234 92 -70 60
486 692 921 396 758 1058 456 897 1148
50 -281 -132 -41 -104 -366 -205 -618 -381
82 818 556 967 773 1069 307 924 1007
879 379 165 -410 -803 -264 409 -897 -173
-138 -854 -855 569 -116 -208 22 -843 -779
368 451 667 -147 -54 -426 98 -320 -782
73 -242 115 202 454 540 1068 619 657
547 786 730 -282 -55 -309 -96 368 88
1525 2356 2379 2096 2094 2787 749 1508 1611
-745 -789 -1197 425 -428 -967 -579 -1435 -1795
-621 -579 -1232 -1583 -884 -1593 -1601 -945 -1499
46 589 534 -58 424 237 527 854 1001
216 96 335 1172 1088 919 997 394 805
-1179 -1309 -1413 -796 -326 -874 240 748 -286
-480 -544 -230 -654 -516 -509 -380 84 -1
567 476 780 1121 1195 960 1214 1296 1074
-218 -255 265 43 -153 283 70 -110 712
688 1068 658 840 600 891 -790 -1099 -722
-117 205 178 -573 -307 -847 -84 -339 -557
-95 124 -243 -396 -132 -530 -794 -386 -550
-207 -582 -789 -264 261 -175 -728 -457 -777
340 -325 -594 -902 -740 -640 -995 -872 -815
-353 -396 -194 288 526 243 273 -53 -248
-382 -412 -322 -626 -735 -410 -433 -396 -186
333 1039 489 620 310 -225 3 140 -54
-847 -444 -620 -737 -198 -319 -390 -212 -126
-302 -551 -492 -431 -1102 -308 -897 -945 -519
-369 -20 183 -298 134 82 -475 -473 -599
-683 -528 -140 -622 -284 -392 -289 -420 -134
548 -451 219 -241 -938 -791 124 315 -10
-236 -165 20 396 -51 315 502 -222 -514
897 176 958 -421 -1075 -48 122 -857 -416
496 1124 1216 -69 778 544 -1117 -499 -748
1313 832 587 334 790 485 -129 -152 -318
619 564 623 92 197 390 59 -182 -3
1372 534 1180 276 -461 -102 276 117 347
35 -559 -1295 -206 -356 -330 1077 886 1050
-625 -1101 -1236 -432 -629 -1207 995 499 791
207 1184 1556 831 1170 1141 -1105 -1829 -1551
905 658 459 399 451 -410 -159 -195 -537
607 -410 -190 -13 -444 -635 -343 -770 -546
-389 -895 -1240 225 138 452 666 1124 602
258 -137 1085 -750 -574 840 -1342 -928 -370
-312 -402 -57 932 944 1497 549 700 1358
-955 -1039 -931 -361 -1036 -786 242 210 -212
-722 -647 -461 -294 235 272 -719 -441 -299
2051 1442 1753 2507 1071 2000 122 -632 163
481 1048 1594 -1677 -1375 -1281 -1233 -1401 -2210
-874 -712 44 -1064 -749 -253 514 -531 -290
968 948 953 -681 134 -611 -243 -788 -269
-807 -684 266 -561 -221 92 -177 433 -63
-747 -1588 -716 -1387 -1803 -1323 -279 -254 -946
252 395 603 230 539 397 -344 -11 -523
403 50 -108 -354 147 110 97 91 -700
352 824 527 1232 3080 1922 2406 2892 3222
1241 961 991 -495 293 1116 -1409 -1023 -359
-66 1026 1184 1604 2135 1759 2022 2989 2492
-1244 -754 -456 -1090 -794 -818 -371 -746 -394
-494 -371 888 -165 771 1365 69 413 457
-519 -572 -54 215 141 486 619 783 1473
-1499 -2230 -1157 -2792 -4473 -3358 -1634 -3302 -1781
404 554 673 1568 1444 1212 495 359 681
194 -709 -628 -145 -1300 -1160 -155 -1155 -853
-811 -189 -827 1471 514 1136 1415 1121 1099
97 275 161 -401 -193 -127 -357 47 -543
-672 -554 -844 47 -110 -315 -26 171 210
882 947 1383 -345 737 1153 -930 -273 367
-233 227 -6 467 374 679 773 310 300
468 145 38 451 -321 183 283 -899 -773
-391 -150 -623 -742 -845 -1015 -543 -936 -435
180 451 545 705 856 1067 653 823 1048
792 64 582 -251 -976 -645 -554 -1854 -981
-533 -601 -1092 -676 -2215 -1377 -431 -536 -1135
-96 -379 41 -1346 -812 -683 486 -414 -234
39 329 -404 -916 -823 -1482 -1830 -1475 -2023
164 -43 371 431 349 917 1100 716 1099
2015 1404 1753 1433 932 1468 1334 729 1407
977 1275 722 268 -16 107 -563 -1001 -703
-1134 -813 -1026 -1770 -1502 -1326 -1349 -1734 -1901
160 4 404 -374 -519 67 1448 1043 1273
1855 1193 1368 -381 -13 -8 -841 -1334 -1076
-44 -23 456 -324 659 56 -1181 -904 -636
-347 -236 -377 -378 20 -90 -578 -957 -114
-1311 -583 -36 -1450 -1389 -829 -467 -931 -487
-1302 -2428 -2068 -1363 -1598 -2108 1029 628 1108
85 362 163 367 -88 244 -5 679 1199
93 537 318 626 714 1296 788 1385 1486
-939 -542 -1072 -1539 -651 -1016 -804 -908 -638
-159 -130 -140 47 161 -382 578 677 280
1661 1880 1708 1811 1769 1710 828 1623 1284
-1425 -2457 -2204 -229 -951 -1719 18 -418 -1028
520 954 1110 778 561 986 -972 77 -29
-634 -186 37 -168 -11 218 -33 106 -24
-1883 -2059 -1976 -1134 -1355 -1116 112 -251 471
1407 1750 2136 735 547 625 95 207 -107
-1467 -1380 -1269 -826 -506 -420 -878 -452 -819
-951 -931 -927 -1181 -1090 -1084 -1298 -1505 -1448
-1261 -626 -667 -495 -139 -573 -812 -899 -734
-608 -726 -1373 -1025 -814 -1541 -1329 -676 -1532
-611 -802 -962 -507 -450 -983 -1067 -535 -1176
591 782 596 423 771 659 719 1269 898
-3 243 -366 -550 -717 -921 -1299 -1363 -1147
68 708 -329 -530 216 -662 -1130 -104 -246
144 -137 -287 -357 -987 -977 9 -643 -563
-211 -337 -223 46 -73 11 25 -395 -57
-825 -940 -762 -241 -126 -103 132 412 930
74 -6 -300 -1091 -658 -1057 -713 -288 -476
78 -78 -536 702 905 140 986 1264 457
-90 -872 -881 130 204 -41 -224 257 128
107 333 49 387 278 161 723 618 415
-837 -741 -560 -834 -648 -720 -443 -316 -540
-693 -123 -171 202 504 289 -251 -462 -911
65 126 21 -135 -111 131 -283 44 351
343 -197 -393 72 130 -152 133 -72 -119
-1124 -600 -619 -462 -353 -547 -325 -635 -456
612 1198 796 799 1149 578 1094 1571 1068
222 -319 -306 -34 -143 318 294 -125 -233
-1134 -246 -350 -650 21 -32 -1340 -454 -192
-1419 -1939 -1195 -511 -932 -629 -324 -430 -214
-298 32 19 148 224 542 839 309 492
-615 -806 -568 -258 -512 -624 -438 -880 -772
-119 627 725 -415 -110 519 -398 -519 -206
-242 519 349 590 1328 1361 104 1510 933
-227 22 -86 382 387 391 639 273 173
-267 -815 -1457 -642 -709 -1447 -148 -396 -787
1252 1129 658 465 50 322 917 872 1589
-619 -464 -154 578 1075 1033 1017 1403 1287
1132 456 619 978 79 294 347 270 -390
-674 -835 -213 -446 -827 -279 67 -428 -270
-372 -448 43 -419 -15 -605 721 1128 440
469 -15 -453 859 440 -24 305 523 -204
936 519 269 -465 -464 -1010 -1473 -1147 -1718
-179 156 388 489 658 610 405 353 333
-1358 -682 -231 -1646 -684 -323 -1337 -1141 -575
338 749 875 1102 728 1370 1185 477 593
-235 32 45 -335 684 230 -730 145 186
-580 -592 -764 -868 -938 -1000 -464 -383 -659
88 377 454 22 -182 124 -334 -662 -602
1485 1236 1115 -143 641 235 -131 74 -258
62 723 493 -283 158 39 -390 272 427
-483 -584 -834 47 27 -130 336 372 293
510 195 -159 -118 -336 -511 -182 -867 -1060
61 803 865 -744 -157 193 -699 -984 -282
-395 -672 -933 152 -5 -440 66 262 -17
620 630 362 3 -127 -19 -361 15 -194
390 486 -1 78 219 318 -333 46 171
-147 -309 114 -455 -1135 -733 -496 -788 -871
-313 146 9 -9 443 206 334 906 608
-245 16 -54 -811 -771 -668 -614 -477 -270
398 -54 -214 242 541 -196 -772 -55 -1070
251 591 699 -64 452 777 -384 342 495
-592 -584 -869 -658 -186 -595 -557 197 -247
393 0 -175 681 655 231 168 323 -424
-409 -471 -384 -553 -107 -203 -890 -492 -131
558 633 4 280 1135 737 -47 507 25
-685 -199 147 116 -344 83 -330 -481 -301
93 -867 -747 669 -59 -276 -18 76 -449
119 -1139 -1093 1112 -144 49 2312 1008 1191
369 304 221 268 396 1256 561 1093 1083
1102 53 -660 779 188 -53 631 -672 -275
1158 456 -366 1470 964 509 692 625 573
1451 464 1678 1304 1423 600 1263 2139 864
-343 292 -225 -232 284 139 -28 107 -183
260 660 1395 617 1045 1195 754 1366 1415
428 865 703 -221 79 -263 173 133 -71
-696 -213 184 616 496 1355 474 137 694
319 -1359 -517 -80 -175 -850 -1083 482 -661
978 1561 2081 164 1053 692 -359 739 201
-471 -191 194 62 -27 -213 651 854 649
456 368 548 32 334 489 -509 -120 268
1592 1073 70 2128 968 535 2047 154 1275
269 384 603 1066 641 1000 1189 709 1324
544 222 521 -756 190 170 -1688 -1093 -1097
-664 -808 -645 -154 -498 -420 -231 -168 -472
-766 -192 -433 725 625 512 1291 630 342
-491 155 -806 3 10 127 -661 -626 67
502 -556 -1817 447 -152 -1344 357 377 -434
2638 2132 2584 2671 1347 2799 2289 2020 3145
-654 -431 -1574 -331 -462 -1267 -1283 -1323 -1343
2186 2866 2652 -360 269 135 -1335 -1203 -784
-740 -1431 -1527 -14 -7 -443 277 409 427
-1603 495 1318 -612 162 489 -712 -357 40
153 840 1300 -297 121 295 -622 -158 -545
11 -86 -703 -163 -443 -540 -636 -840 -780
-458 -548 -375 -1155 -1081 -1013 -1374 -1812 -1023
20 737 563 -286 178 605 -228 -133 132
-80 -1746 -1750 632 -608 -426 821 311 143
875 -30 -344 -851 -968 -1471 -1163 -953 -1073
-652 123 -336 -598 448 -456 -515 -531 -1399
957 788 1169 992 211 1430 1632 1304 1914
396 120 38 621 405 546 1099 706 1098
-1198 -1027 -538 879 916 1124 1406 716 1784
-1073 -881 -1208 -1026 -863 -872 -499 -516 -286
331 498 918 -285 -120 612 -548 -480 15
-144 -1273 -650 316 23 156 603 564 581
-1416 -2006 -1924 127 -236 -366 499 378 395
-840 -1214 -1472 -536 -1030 -1151 1010 95 324
-439 -577 -326 -903 -728 -400 -816 -834 -828
-1559 -731 -1021 -1803 -1489 -1445 -1381 -1300 -1599
305 -672 -189 621 -219 539 1165 827 1035
-1913 -553 259 -1353 -208 -56 -1035 -628 -569
-175 -736 -855 742 367 430 784 370 556
910 -333 -40 625 672 608 531 137 -90
-1221 -533 -923 -272 -222 80 226 -359 463
495 433 118 1111 1097 573 1264 273 490
12 224 420 901 18 250 623 -323 -84
-170 -1193 -416 327 -110 298 126 135 811
682 931 -245 -115 120 -805 -618 -529 -891
132 -271 -276 1335 554 862 1721 1043 1262
103 249 785 801 338 1387 502 378 1161
-999 -681 -1757 -1662 -1807 -2022 -1534 -2005 -2150
-95 -966 -907 38 -714 -625 354 -53 -167
617 244 635 -1150 -819 -666 -1843 -1449 -1775
-513 123 1191 161 47 826 -80 -108 241
1335 1262 1836 -1127 -401 -59 -964 -926 -189
635 1113 547 343 154 582 -721 -514 -919
2044 1531 -236 1617 1081 -93 859 -33 -467
-1095 -193 7 -1076 225 640 298 1485 1283
-20 216 -581 -1250 -548 -1013 -1926 -1155 -784
-530 -719 -600 -75 -631 -567 -423 -89 -137
-1656 -1012 -1368 -1154 -1051 -1091 -347 -1071 -686
371 494 677 188 -52 415 16 -631 -94
39 202 -160 -550 -613 -481 -910 320 223
-2642 -2682 -3107 82 -440 -94 -483 -1341 -421
709 831 814 654 463 510 -457 162 286
-461 -720 -477 -814 -963 -622 -638 -459 -154
1398 817 831 -232 -240 -196 -2020 -1368 -540
-1558 -1463 -1751 443 301 713 2097 1658 2572
1024 1279 1230 246 -89 -873 -287 -324 -875
-503 -799 -836 675 1178 1260 -174 -190 536
-277 -17 -199 279 886 1047 197 566 295
2070 2656 3289 637 647 1582 -1461 -825 -1183
-300 -48 -338 -306 -446 -856 -88 -287 -1098
-645 -283 -151 -525 59 -189 -1287 -1545 -1715
86 -147 862 -447 44 302 1029 300 715
-1556 -929 -1395 -81 374 -14 2401 2316 2061
428 462 454 -466 -212 -1027 -536 -211 -1191
1031 1058 961 584 -271 -50 848 381 639
449 668 510 -142 961 517 1315 1620 1219
1095 488 1365 426 80 563 -1521 -917 -1692
348 1496 279 1324 2213 956 -144 758 373
1387 1052 1330 -126 5 -187 -445 -814 -1628
1928 1237 1934 94 -516 -515 -1050 -861 -728
-2148 -1666 -1840 -607 -109 -323 -114 60 392
-92 -835 -443 -399 -1347 -191 -189 -732 -10
-771 -154 -220 281 571 1909 1845 1615 2329
-276 497 -58 -1687 -689 -1193 -515 -105 -593
343 118 -205 235 -512 -76 -115 -180 350
-721 -539 -195 242 -233 182 -1148 -1844 -1769
2656 3406 3056 2780 2580 2783 717 1082 1348
268 432 226 -172 441 41 74 -82 -219
378 449 308 16 -432 -42 -832 -1409 -675
586 418 -178 1642 1333 1761 42 -1096 64
-1245 -956 -892 -1516 -1621 -1322 -69 -11 -31
-122 42 202 -53 -354 -417 1428 1528 1078
55 281 -5 -1054 -622 -551 184 8 951
-957 -366 -681 -759 -650 -592 -260 -598 -635
-475 -463 405 684 404 303 -1262 -1012 -2043
520 -560 50 1465 -347 -96 386 20 179
110 -208 -635 252 -122 -268 145 -34 -17
1163 1098 1353 -76 54 60 -330 256 254
-429 -493 -393 1509 590 626 57 -501 -735
-639 -236 -341 -369 -19 -251 50 247 -71
1170 1095 833 -514 180 -709 84 -704 -377
-1249 -1382 -811 21 -516 -586 -480 -676 -1605
-2022 -1703 -1943 1386 268 679 1804 1129 2129
-1105 -1110 -1212 -153 -349 -193 -31 139 94
463 1027 303 663 1541 223 -653 -63 165
-1103 -866 -1073 -315 -385 -640 530 -67 -128
51 372 60 -276 74 -78 65 328 -293
-433 221 2 1055 2344 1018 872 1017 1023
-1149 -961 -1167 -155 -721 -1068 -781 -1353 -1390
1337 793 872 -498 -641 -1187 112 -81 -216
-1450 -806 -1200 -100 137 -388 2770 2761 3179
-1014 -1191 -1255 45 -417 309 -406 -429 -674
619 366 236 1400 34 670 401 581 632
265 566 164 -644 1052 10 1818 2698 2241
-94 420 492 -1130 -503 -272 -388 -342 -299
-680 -97 31 -259 424 631 1115 1773 1749
-128 382 374 -1589 -1414 -1206 893 1202 1621
173 -418 -1030 1278 919 -465 18 463 -50
-681 -517 -529 -382 -80 597 479 188 571
-971 -163 302 1453 934 555 505 189 -711
146 136 624 -822 -903 -50 -591 -242 430
342 -134 597 988 409 686 294 561 367
-507 -29 -69 -1133 -644 -865 -1076 -132 -1104
2020 612 588 877 -385 -97 1037 451 1008
-554 -357 19 -1274 -1143 -1446 -2091 -2733 -2652
557 591 761 268 11 -324 -336 -370 -1045
279 1267 1057 931 1498 1262 -427 -182 -77
8 -405 -1013 -543 -1467 -1567 -1203 -1875 -1726
429 221 778 -1220 -1174 -942 -1350 -1149 -1095
1328 1245 449 746 600 51 1985 1561 1447
382 -278 54 880 -81 -214 327 -484 2
-2359 -1834 -2055 -1554 -1464 -859 -1420 -2180 -1120
441 2 -242 1097 991 660 296 664 -213
-1839 -1696 -1754 -1545 -624 -735 -605 -220 -350
30 -342 -93 591 -242 -172 610 298 -386
984 636 798 831 462 416 1891 1529 741
-54 1709 1117 1932 3126 2825 2051 2958 3052
-1325 -1647 -2032 325 192 595 1813 1846 2328
1158 713 951 1132 533 485 1165 921 317
-1960 -967 -595 -779 -176 -121 -57 401 331
-923 -577 -1092 -724 -321 -1137 -813 -857 -1816
-868 -551 -242 -1193 -142 -405 -1199 217 -576
1229 617 540 508 -70 -231 813 -517 217
628 1104 871 1416 1028 543 952 851 1
-782 -638 -815 -332 326 -537 -146 246 -167
1207 1156 1470 337 -124 207 298 169 -443
1481 2557 2752 -64 2170 2765 -1283 226 1099
-674 -1436 -1132 -417 -665 -215 225 515 209
2121 1892 1844 697 536 733 -1857 -1325 -479
-236 269 543 -148 364 535 -1079 -691 -488
1074 1395 1639 275 922 616 -1146 -791 -773
-1949 -1987 -2452 -1998 -1487 -2102 -692 -1812 -1793
-5 -322 128 -1607 -1882 -1529 -1161 -1012 -858
-667 -644 -1390 -51 577 -562 -883 -50 -1448
1074 643 830 411 460 598 754 636 816
513 1140 950 86 309 93 411 129 -267
-630 -955 -990 -619 -783 -1109 395 -503 883
-840 -1137 -1024 -1286 -1388 -1207 -877 -970 -779
-1338 -1000 -412 -103 -197 178 417 371 1181
-151 441 895 -1090 -343 590 -1402 -766 -350
-343 -855 -1295 -663 -700 -1285 -544 -990 -1652
254 811 1674 -1043 -1224 -789 -986 -1158 -893
-144 -8 -12 -889 -683 -800 -2139 -1659 -1801
730 1200 1116 401 692 1003 -359 65 -299
168 -237 -261 -106 -407 -568 484 850 1048
299 -496 -459 1 -368 560 142 456 1407
-36 -583 -89 -177 -29 91 -129 -524 -188
2160 2066 1675 2731 2749 1635 1049 562 162
-1841 -1325 -1856 -988 69 -416 -654 434 -130
867 161 -100 658 89 -416 403 169 -50
1613 946 1512 1973 733 720 1560 1019 -191
1226 978 1558 810 1620 1296 479 1223 1402
-353 -632 -818 -1299 -733 -866 -1071 -536 -1076
-1803 -2393 -2776 -726 -981 -1047 1987 1016 1558
872 751 1004 1018 1233 1172 2106 2152 2873
-515 -172 -475 -552 -708 -798 -1220 -923 -1251
-359 -254 -79 72 -104 -60 1042 596 1052
870 639 1013 -525 20 -166 -628 -673 -552
339 -36 71 -347 -679 -376 -446 -1400 -492
1247 2534 2280 1737 2068 2739 753 1569 2178
1491 1295 1669 1111 934 1557 695 236 639
2113 2632 678 1389 2358 1233 1093 1507 544
176 667 942 391 591 995 -1092 409 882
816 1532 13 611 1109 -1095 503 449 -1151
49 947 1214 -20 133 317 92 -120 199
-337 -10 363 94 -171 -703 -921 -767 -1442
-214 -429 -750 -54 -1337 -1193 776 -628 -778
-264 96 80 -1138 -882 -696 -1532 -1904 -1968
-1643 -1595 -1318 -531 40 -29 812 407 361
-1098 -390 1071 -609 367 483 -722 88 -278
-741 -491 -1238 -1404 -1307 -1837 -1870 -1279 -1730
-163 -364 -32 -986 -797 -932 -380 -29 110
611 450 862 -725 -1115 -654 -215 -1626 -684
-641 -1480 -969 -533 -530 -1 473 1134 1724
170 -266 81 -27 456 693 -442 71 -44
-772 -389 -601 -1020 -811 -211 -395 77 244
454 245 180 502 920 320 -136 528 368
248 -717 -386 -7 -1645 -1254 3 -1283 -858
-845 -545 -288 -1123 -1066 -1319 -1151 -438 -626
1209 931 1539 620 1254 1386 920 1343 1474
-309 317 243 -893 -250 -436 -1223 69 -606
-353 -279 -1256 -503 -395 -1034 -1261 -1427 -1188
-33 693 490 504 1514 1657 2229 1623 1961
1046 559 386 114 -960 -366 -85 -1288 -1254
432 632 1016 -146 520 260 -1165 -1263 -1478
2480 1891 864 3103 2751 1891 1798 1575 706
-745 -574 -809 -495 6 -206 -850 -669 -954
-1321 -1495 -1144 -288 -135 -453 -139 459 223
-816 -676 -943 584 -154 -19 455 492 600
4308 4044 3888 992 115 307 -284 -1079 28
-1271 -1095 -845 -839 -1353 -1008 -1486 -1749 -1463
1211 2254 2371 1204 1237 1292 1489 2091 901
-597 -415 -420 -807 -771 -1009 -1274 -620 -302
-1861 -674 -1185 -513 -565 -822 -565 -745 -1290
-1011 -1099 -1244 -61 125 205 -725 -1181 -793
-53 -8 275 89 -25 66 497 205 293
124 -297 273 -950 -743 -525 -1122 -831 -749
-954 -587 -340 -1270 -812 -741 1229 1027 794
-1481 -1296 -1599 1448 2472 2111 4572 3939 4183
3018 3078 3436 2200 1685 2863 1332 1392 2695
-1141 -1302 -754 489 -19 959 808 724 966
2166 1509 2167 3041 2075 3070 2555 2269 2143
-621 -167 -25 -579 -62 -529 -600 -337 -948
387 -25 441 -1363 -930 -293 -824 2 94
466 301 -77 -649 7 -575 -1476 -1254 -1181
959 1167 1476 1226 1676 1451 1093 1913 1968
-81 -529 -658 -763 -1375 -1087 -1011 -1773 -1710
724 584 894 1645 445 829 -370 -604 -798
391 1111 577 1185 1162 1871 2233 1464 2491
939 568 656 1557 666 1458 828 1234 929
1317 867 936 1022 547 444 -648 -676 -675
-507 -534 -1014 269 243 227 -304 -698 77
891 617 235 325 -621 780 -1308 -1949 -630
-599 -1104 -826 -1459 -968 -502 -1149 -982 -715
-1145 -671 -1000 -1219 -407 -650 -1935 -1197 -1192
-749 -620 375 -1446 -985 -503 -747 397 242
-166 -622 -753 144 -442 -811 255 264 501
69 181 220 715 769 951 1349 862 1867
378 -334 36 -263 -807 140 -752 -863 -471
-1860 -1848 -2148 -1939 -1743 -1323 -763 -1286 -224
1435 192 1048 84 -805 324 1065 827 1163
199 -714 -332 600 78 -316 96 -1012 -1219
-235 -1242 -252 -1298 -2544 -1774 -1648 -1576 -726
-2077 -1763 -1846 -1064 -1096 -1763 -504 -602 -1172
112 -94 -270 -584 -1132 -1391 -897 -1261 -1209
591 -851 -1305 -1397 -1868 -1445 -1296 -1512 -1527
208 305 248 1065 1617 804 347 827 576
-256 -1204 -1030 26 -1288 -1357 -901 -899 -1018
1004 1232 2022 -9 -440 -574 -2116 -2060 -2029
-379 -562 -243 117 166 -160 646 1299 1662
-806 -619 -433 1280 964 757 1187 2045 1312
-439 -955 -672 -380 -320 -477 251 129 293
-84 -264 344 889 630 915 460 -14 -18
60 402 414 -48 -23 118 -113 441 705
40 466 -167 -933 -640 -1000 852 633 276
109 86 108 -1331 -908 -1660 -747 -964 -1311
881 211 400 1147 721 1179 792 697 688
345 289 570 776 958 1171 -250 48 360
-46 -433 -533 -491 -760 -113 319 564 797
-494 24 -666 -298 517 -456 344 342 296
488 161 145 -13 -193 -295 553 342 130
479 834 635 737 340 1108 512 562 795
-547 -1140 -1440 -302 -979 -926 -546 -911 -836
-160 -508 -283 -168 -650 -17 814 888 402
-715 -1229 -983 315 132 -184 -552 -388 -563
447 610 443 869 218 438 -545 -1200 -1178
267 -110 -130 282 48 208 1188 631 899
360 157 -305 1182 788 780 600 -96 486
554 423 291 755 636 721 -170 -388 -601
-252 -751 -316 -497 -316 -477 -283 -573 -395
38 -133 -566 -466 -701 -379 -426 -926 -639
142 -559 -329 -112 89 86 -186 390 96
612 59 -40 -291 -722 -1073 -775 -1060 -1286
-327 -83 1 -278 115 -143 -685 -687 -782
-905 -951 -192 -414 -764 -379 -77 -577 -617
878 1346 1421 337 1030 963 -410 -150 98
-51 -38 -258 -476 -445 -126 94 193 -464
572 1146 659 358 623 654 899 1421 983
-226 -217 -210 -349 -120 -161 -14 -179 157
-547 -424 -501 513 344 367 815 567 526
-1465 -1944 -1536 -255 -181 236 583 321 437
-978 -1738 -354 -1180 -1400 -1400 -702 -1386 -983
-1224 -1111 -1396 -1323 -962 -1200 -208 -618 -578
-128 526 2 460 63 286 543 14 687
1404 1325 1564 775 607 282 16 356 175
109 -278 49 -224 -850 -412 32 -368 -273
-469 -509 -268 -287 305 -107 784 1345 840
-924 -471 237 -1037 -129 588 -1140 -79 601
997 1132 1117 -584 -145 -386 -276 -619 -427
-567 -239 272 -599 -648 -180 -743 -260 150
-329 -905 -669 -1164 -1194 -1197 -1011 -913 -689
147 530 1044 266 -45 636 431 460 875
-500 -833 -513 -193 -1171 -538 -352 -991 -318
46 -132 44 107 -477 -174 13 -354 193
220 -513 -3 -272 -729 -356 -234 -274 -229
806 1291 1210 -122 -297 298 137 125 633
-1301 -1595 -1084 -183 -262 -116 479 74 635
219 230 279 780 849 1219 543 632 685
856 1383 752 674 635 504 196 100 -155
-205 -1005 -921 -1132 -1572 -1452 -724 -1240 -1249
235 -72 86 328 -69 135 201 -84 246
2371 1946 1669 1004 935 514 -24 -300 -140
48 -325 -347 -329 -636 147 98 14 199
-883 -231 -189 -705 -203 -449 -507 -382 -504
-9 -51 349 -392 -557 -683 -272 -654 -288
-99 -309 -176 631 412 221 332 -391 261
152 412 -101 71 172 481 -838 -1249 -399
1003 651 447 341 341 -382 -564 -656 -564
1156 1032 787 323 182 -27 491 205 450
-212 -582 -364 109 -70 -153 -518 -333 -500
-1335 -1681 -1376 -179 -319 -429 349 -218 -292
-101 25 -348 -14 -121 -439 -187 -461 -670
576 645 701 485 420 235 1045 1226 1139
-1086 -1037 -824 -660 -183 199 -744 47 696
-117 609 473 -389 -33 132 -204 422 660
1070 804 866 2033 1102 1818 2039 1296 1760
-720 -279 -281 288 878 803 1218 1298 1021
-270 10 -160 167 40 -795 -363 -318 -695
760 1051 590 1495 1302 1389 -183 636 335
-1366 -1023 -1027 305 448 461 862 797 1181
-646 -26 -490 -593 -454 -733 -382 -730 -819
634 1140 1012 583 708 736 276 175 157
541 426 76 881 976 714 40 568 55
277 -221 -324 201 -110 55 132 -605 -397
413 255 528 138 498 443 -295 -204 83
-108 156 -125 -366 310 -142 -507 84 -209
-321 -202 -207 -181 487 543 -446 193 409
1484 1461 1417 1692 1495 1641 491 192 399
-290 -687 -401 -582 -962 -958 202 -569 -267
-511 -118 -26 -709 -391 -665 -1074 -1241 -1392
283 44 143 357 290 312 202 280 466
536 528 474 -243 -881 -494 -329 -780 -775
-231 -210 -855 -585 -392 -579 -54 -25 -94
-574 -200 -618 70 -567 -996 -15 -467 -972
149 217 181 -50 517 287 -119 67 -326
-145 -603 -670 -7 -76 109 512 539 902
-428 -460 -1230 -41 -80 -347 -329 -47 -409
-415 624 294 -547 -58 21 -285 -288 -176
121 366 -318 399 703 3 629 1213 306
-470 836 418 -626 -201 387 -983 -489 -789
191 -264 -364 317 -229 -936 516 -405 -567
-551 -728 -914 -783 -901 -1116 -1662 -1754 -1647
104 -433 -595 -369 -1117 -1026 -213 -489 -483
-404 -308 -72 871 1061 1000 392 907 822
17 304 287 650 285 568 131 -61 514
485 171 264 1148 945 1408 1329 1070 1502
-532 -436 -151 -731 -681 -594 -655 -505 -854
-58 34 29 -162 -202 -370 -216 -262 -722
-1805 -1184 -1753 -23 145 -161 869 1058 524
-934 -343 -720 -1105 -449 -739 -725 -473 -492
358 617 457 498 489 228 516 224 -53
-424 75 209 -988 -373 -223 -1547 -434 -380
-935 -1127 -459 -184 -552 -49 -452 70 -251
456 389 216 1031 907 1241 1406 1531 1800
-658 -418 -289 -662 -365 -146 -408 -457 -382
-293 -131 -328 -202 685 14 -292 478 363
471 719 632 367 970 1192 550 565 565
-830 -765 -1072 -628 -194 -410 -651 -659 -895
-1900 -1673 -1807 -703 -167 -194 -158 345 364
-498 510 434 -306 -246 -440 -136 437 -99
1075 1176 1895 1014 654 1420 241 45 686
-550 -568 -534 -661 -399 -522 -870 -1046 -948
1193 645 787 573 831 266 -440 -107 -227
-1597 -1046 -1509 -1526 -886 -1235 -1042 -814 -849
-714 -751 -945 -211 -348 -374 -79 -315 -170
-208 -420 -521 -463 -433 -113 100 -575 -94
-174 -24 177 -367 28 -25 -569 -400 -676
255 -52 -90 191 468 93 -14 139 -355
-243 -261 -538 30 69 -77 75 555 436
-101 183 269 1106 1271 980 1320 1536 1235
-119 268 206 -504 192 607 -376 336 623
-531 -703 -424 450 -122 331 774 15 556
412 335 486 -253 -674 -462 -104 -322 -553
-98 218 275 55 207 91 -20 217 252
-697 -912 -724 248 -123 42 -466 -436 -507
-380 -362 -232 -284 -404 -730 79 147 119
190 266 980 367 500 1255 -358 -168 293
301 48 279 -131 354 430 -139 649 498
-353 -573 -165 -983 -775 -520 -1908 -1061 -1167
-1559 -3357 -1360 -1087 -1558 -1005 -441 -430 -646
-185 -1084 -1042 974 749 1456 474 892 1178
-982 -1100 -2162 126 364 -306 1026 2199 1509
-2058 -2105 -1243 -155 -1107 435 -810 -368 1398
947 1039 1342 85 102 422 -553 -142 38
-960 -634 -444 -690 -189 -37 -89 155 -39
-793 -1331 -1915 -463 -1689 -2316 -563 -1067 -1356
-484 796 1188 1034 1861 1946 1666 2151 2002
957 -1217 -699 -57 -351 -1106 240 114 229
1534 1618 1033 184 249 -125 328 -2065 -1809
304 665 -1046 -216 -109 -1109 -570 -831 -683
3548 1974 2580 2444 1747 2251 355 2300 2218
-496 -124 -39 -1602 -1351 -870 -420 -512 -74
1096 489 1451 1806 -82 401 3430 2876 1705
-56 -1403 -497 101 -737 -332 75 -276 -383
-1118 -1649 -1275 565 -555 -266 1286 1086 1043
-60 -1288 -2398 110 -1170 -1988 154 -1459 -1797
-1170 -1262 -798 259 669 1547 646 25 1629
2682 2353 1441 1849 2032 1207 2368 2125 -395
-878 -86 -371 -1043 -732 -630 89 -159 326
1163 -409 -1011 1337 -544 -686 725 -1097 -1922
-1071 -649 -252 -1339 -137 525 127 1662 862
-1793 -1128 -2770 -1915 -741 -2715 -1554 -2750 -2546
279 -207 43 432 499 448 930 901 419
705 1077 1241 140 1643 1114 -669 671 295
712 190 684 -93 187 1063 -924 -513 694
900 522 1785 868 1471 1645 -759 -603 -723
244 -373 -692 60 -635 -326 1391 1541 1122
720 600 95 710 377 -579 -560 -1509 -2383
99 1781 1470 1139 845 1596 1706 2016 2390
-233 -1212 -430 -1422 -940 -1053 266 667 1266
-832 -904 -1041 -248 -36 -49 57 787 606
-2036 -1559 -1899 -1607 -1312 -1364 509 38 -51
527 1344 1803 -641 -489 -890 -928 -1696 -1590
-1981 78 -1904 -179 408 24 -729 261 313
-342 -40 1129 -530 144 805 1337 1509 2295
-538 1464 1653 1432 1671 1958 347 164 1038
23 -805 -535 -261 -401 131 -133 -154 -134
474 1207 1937 1091 1490 1756 -228 260 475
-792 -583 -559 -267 -353 469 -430 -1095 -387
1449 1055 175 579 -515 -139 68 -1672 -1233
-1119 -391 -1080 -835 297 -1038 26 -679 -507
-839 1651 1143 584 2097 2207 538 1230 1559
1444 1917 1502 620 1779 909 293 137 -449
-2931 -434 -1435 -1355 -536 -776 -312 -1185 108
-1497 -1036 -1201 -2464 -1666 -2396 -1078 -1767 -1576
842 937 728 834 1077 673 801 414 245
2027 2171 3653 391 2634 1998 771 1644 516
-1866 -1278 -1192 -1176 -756 -1108 -1358 -2137 -1628
278 7 473 -583 -1019 -838 111 -907 -323
-26 -897 259 1811 969 1197 1713 2297 1521
636 1118 201 132 16 153 -519 -929 -776
2037 2309 2439 1260 1056 677 -560 -859 -298
-800 -214 -732 -1459 -588 -1448 -1381 -1970 -1390
-1573 -858 -965 -897 -656 -523 -920 -898 -1503
-1830 -1342 -693 -451 -662 212 -533 547 1108
-632 -784 -331 -1458 -1618 -1108 -1130 -2215 -2008
-2130 -1562 -1700 -2632 -2489 -1595 -3104 -3745 -2742
-226 -518 -1316 427 -245 -286 1203 855 146
-1112 -461 -1105 66 246 300 1069 1161 1253
207 -1215 -1243 -88 -477 -564 -1318 -1434 -965
-2049 -1733 -1348 -1009 -191 492 62 591 1256
-664 -661 -36 -949 -666 -661 -812 -433 -417
3809 3215 3772 1748 2170 1725 171 253 600
675 84 518 933 913 1217 -51 89 -120
699 896 1014 -573 -393 -568 -1333 -997 -1061
125 -315 -1052 137 199 -229 639 875 118
-197 -390 -591 -440 -817 -627 158 -703 -317
2618 1423 1541 -535 -1022 -1770 -867 -1049 -1908
-209 -1141 -819 -171 -708 -1089 884 932 684
-213 -359 -320 -72 243 63 57 76 174
-645 -96 -273 994 1064 984 1271 1706 1757
-229 -437 -886 548 -160 -589 1782 1537 957
766 318 200 467 -431 -99 -1792 -2015 -1904
980 1997 845 1298 1406 1535 1215 2108 1860
932 -194 -368 466 86 83 964 817 407
-414 174 -228 -2535 -1838 -2090 -720 179 0
-350 -561 -705 38 -162 -466 147 170 307
46 -213 -559 1125 366 439 1428 1230 853
1619 979 1108 325 460 -32 514 1129 557
-64 -449 -1147 -448 44 -439 -380 -214 -693
923 975 1134 1289 1096 1207 -893 -1301 -999
-270 -687 -212 -980 -963 -672 275 529 597
-359 -547 -683 -106 -487 -733 -720 -1050 -1191
1636 971 1002 1115 366 423 -503 -39 -200
1989 917 1941 1987 617 883 671 -200 -393
-1371 -1150 -631 28 285 474 155 273 -77
-225 -624 -577 -475 -565 -820 -608 -896 -762
-433 -1231 -354 -696 -1364 -933 237 -442 -166
1961 1241 1516 981 420 1085 747 1116 1374
129 656 397 191 874 616 111 38 71
109 348 -15 -402 225 -341 -745 -681 -599
-1196 -227 -108 -1057 -797 -740 467 214 605
-100 -907 -185 789 652 902 912 1072 829
-1028 -1098 -256 -685 273 238 393 1399 2057
154 -385 -109 -949 -266 -538 -697 74 100
-296 25 -56 167 494 -52 -343 -573 -248
2182 1792 2218 -878 -320 -1564 -1492 -1213 -1604
-106 119 217 -675 -1189 -707 -1105 -1613 -1272
-74 -327 -815 280 128 136 232 180 674
-1191 66 1036 -809 65 683 -1181 -231 325
60 -506 -414 -218 -570 -675 -136 -337 -276
-33 998 435 -752 -310 -307 -1570 -1161 -1059
-967 -1302 -1058 -1149 -1417 -1127 -676 -762 -704
1171 1010 1373 858 145 665 567 -163 -68
-660 -465 -926 -267 -65 -469 -183 -595 -405
1062 299 321 528 -473 -589 567 74 -114
1563 1145 1501 -1561 -1435 -1480 -1796 -1748 -1236
-588 148 -20 -889 -423 -134 199 497 766
-1601 -2114 -1921 -1107 -1099 -891 542 414 578
-725 84 34 402 924 907 -481 305 178
1128 510 1382 1315 11 1094 1394 590 1029
336 -315 -157 -561 -1419 -1096 -810 -2104 -1500
-45 -491 -323 388 -375 -203 888 529 1321
486 621 907 109 1042 877 176 753 597
320 -359 198 -96 -379 21 745 449 915
35 -374 -188 11 -446 -594 -174 -214 -7
-637 -586 -959 -530 -1135 -1113 -631 -1192 -1431
-491 -151 -612 -333 -166 160 846 839 522
-211 -135 -674 -81 280 36 -360 -353 -36
-89 -981 -740 351 10 -177 436 -519 -503
460 614 722 1825 1940 1481 1500 1222 1614
-997 -347 388 -636 -215 852 -279 -133 488
-451 -839 -743 -1714 -1668 -1989 -758 -780 -792
1142 1548 1960 627 534 578 666 381 -920
-908 -1247 -1623 -92 -765 -961 705 480 264
-116 74 -49 88 -63 -10 -308 -425 -570
-39 946 67 374 992 605 1321 1747 2071
1616 610 400 1003 -93 -602 690 104 -462
-115 1037 -137 -1257 -786 -113 559 1160 2499
-567 1290 724 699 755 -741 626 453 -295
-335 1970 1749 167 1471 778 -2506 -1758 -658
294 524 -459 2519 2496 2044 1786 2196 1726
1120 1974 723 1089 1386 1403 921 582 316
536 1288 1241 773 1770 1387 602 -204 -1099
369 1100 311 379 1090 1012 608 1476 1801
572 -922 -835 811 563 478 -3713 -3603 -2832
-2135 -1813 -2941 -495 404 167 269 22 71
-158 147 109 -1074 -507 -797 -1275 -555 -1343
972 -449 -1360 146 -545 -665 528 405 783
-632 -682 -1595 -306 1314 -948 -2403 -967 -2728
966 1104 -93 -698 -190 -951 -946 -633 -1649
-1366 -1409 -1767 -138 -1711 -2215 4 -1296 -846
-603 756 -898 -273 244 -1999 -622 -578 -1426
1232 1851 2335 615 1263 1583 -1276 -376 -404
-1884 -2221 -2039 720 -151 332 656 68 853
-9 73 326 969 1720 1319 -50 168 811
-442 2156 -986 -623 2116 -384 -1273 -75 -1348
46 -1895 -2249 1540 619 3 2266 826 1189
150 -473 401 788 -767 394 1200 -422 706
-2267 -677 -533 -2142 -1608 -966 -585 -559 -80
-880 583 690 -1006 286 1318 171 298 548
1509 1556 562 171 -971 -160 -1845 -2970 -2447
1330 1096 479 2864 3256 3299 2368 2329 2145
1097 303 -74 328 -294 -694 134 270 -165
-563 235 -1397 1549 1122 1436 1487 1769 890
-2412 -1013 -1425 379 2815 1742 443 1628 487
-1478 -513 -1449 -1230 -684 -170 -378 323 126
734 516 554 -600 -1726 -1071 -1246 -1389 -1200
-2520 -1884 -1829 -3888 -4079 -3570 -3150 -3080 -4173
-1002 384 -1154 -1141 -1243 -1698 -1450 -1307 -2381
-588 592 -591 824 1158 1734 -139 1512 177
-231 930 83 -1557 -736 -1654 401 786 210
334 321 1374 -332 24 655 -564 -750 -283
-496 250 147 678 886 1118 -1292 501 455
475 519 -550 -467 -1484 -1737 494 188 -529
1374 1600 3153 1694 2195 3567 -581 217 620
1110 230 -849 647 -384 -367 2097 294 606
-431 -335 -583 1541 1662 1137 3391 2046 1693
-1043 -265 -375 -1115 -1175 -1773 -215 -270 -1223
-1969 -2576 -3433 -1223 -1581 -1869 1846 406 360
-1360 -406 -1083 -285 122 -622 708 809 749
-514 -124 154 -2245 -1805 -1386 155 200 -80
-197 223 -151 -2182 -2321 -3135 -1068 -975 -647
133 931 590 159 1903 660 -468 598 -200
-988 -1744 -1520 -154 -103 969 692 372 3238
672 409 -34 577 955 1228 674 354 69
569 661 -535 -205 379 -1076 -433 -899 -1397
-687 744 -313 -2260 -592 -935 -2558 -1702 -2087
3 876 -433 993 2381 -252 1610 1384 -38
-45 -390 -1332 1626 1082 849 2010 1185 1099
-95 -888 176 -618 527 725 -292 -539 -5
-208 -332 -28 -361 26 409 97 755 -34
533 684 527 -174 -65 586 223 771 -259
1703 -153 360 1165 1 416 1267 -665 -69
415 1721 -698 1272 2665 341 357 760 -310
208 -844 -163 -255 -1311 -445 -800 -740 844
-692 -1256 -220 -566 -1493 -884 -392 -1585 -1120
-153 -813 -904 1368 1894 1642 2058 1506 345
-151 192 1429 -356 -1066 315 -739 -1346 -801
-1767 -946 -185 -894 489 1725 30 -35 121
81 -360 -1031 1993 2128 686 919 1475 721
-1202 -1402 -1827 -327 -332 -141 458 1117 1187
-972 -351 -979 -930 -235 -735 -1127 -1037 -588
-486 933 947 -28 768 1298 -19 1115 1318
-252 553 -365 -500 -711 -799 -234 -311 -215
-1842 -1255 -1326 -1283 106 -842 -1762 -970 -1683
-1609 -1688 -1554 -359 -391 -748 -24 -185 23
-623 -421 -310 -1060 -699 -863 -2128 -1460 -1588
254 261 243 113 -75 -106 -351 -710 -351
-725 -1312 -1609 -1328 -1846 -1915 -1802 -1408 -1506
-455 -857 -285 -1065 -964 -612 -889 -394 -925
-337 -106 -192 -1099 -1061 -585 -1201 -1794 -1387
976 -199 161 490 -221 268 -54 -341 -478
-732 -543 -725 -621 -248 -965 -1058 -73 -751
-170 368 574 973 1250 1252 941 890 1441
-328 -463 -596 -496 17 -452 -778 -680 -1046
730 834 949 884 573 1095 1443 1449 1467
80 -827 -198 135 -905 -426 424 -415 173
-406 -890 -861 -385 94 -426 -625 -709 -933
178 246 343 637 1395 1127 1122 1431 947
-281 534 265 -479 -46 -118 -949 -697 -715
1273 1296 881 1058 602 1026 620 297 528
-1323 183 -500 -531 813 297 -185 1039 949
724 -219 33 536 24 9 43 -13 -102
403 239 -310 675 -112 142 439 -146 520
521 791 374 13 573 -8 -117 78 -379
269 783 1017 -16 630 508 -607 -371 -405
1744 881 949 718 309 303 1409 1012 305
-532 -901 -907 -647 -584 -685 -200 -145 89
-128 -394 -774 -160 171 -193 847 1333 1015
-51 -923 -529 710 -300 -318 823 669 675
753 -595 47 -44 -1369 -740 -846 -1719 -1304
-477 -208 -415 76 53 313 449 818 366
-535 -680 -878 418 388 -354 1179 810 298
520 549 792 -9 892 215 164 1236 306
246 -185 393 1490 1054 1145 1341 828 640
247 -227 444 276 379 928 -374 -372 242
457 -245 -138 586 529 433 248 897 1004
2201 1648 1934 1691 957 1639 1857 1454 2153
345 52 313 -601 -734 -653 -903 -729 -569
2089 1519 2125 1159 515 1302 1207 808 984
832 -535 82 371 -577 -622 -200 -327 -513
-866 -1019 -1118 -156 -296 -550 -39 -100 -92
255 -258 40 495 581 265 -634 -459 -523
999 970 843 780 842 343 115 433 -113
452 1063 961 1307 1322 966 167 -382 -320
213 -391 332 -443 -1286 -681 -780 -1775 -989
-91 275 172 -242 276 -236 -1323 -1174 -1069
1643 1192 1761 712 806 1317 487 1393 1203
373 970 1246 -831 606 507 -375 421 948
137 12 196 -192 -638 48 -898 -1203 -845
763 559 268 627 162 269 304 361 632
-757 -484 -263 -555 -379 -190 -143 -75 95
1027 766 1257 1904 1934 2476 1885 2097 2353
-329 -324 -367 -1198 -1018 -1201 -1412 -1338 -1401
-677 -454 -298 -1108 -1266 -881 -400 -650 -646
256 -105 -440 505 317 681 628 232 331
-854 -1035 -826 -1033 -1572 -1624 -1482 -2358 -2124
477 933 750 -574 -186 -125 -796 -461 -608
-692 -800 -1020 435 392 118 1106 575 -137
1058 1029 557 689 681 -212 623 -257 -516
-201 -729 -1089 115 -928 -719 74 -1436 -976
1229 1576 1320 498 1094 798 278 858 867
-1149 -108 -157 -1067 -419 -102 -503 -422 441
1267 1269 674 1586 304 1141 1477 1341 2050
-2086 -3137 -2447 -1406 -576 -147 301 1637 711
-1289 -1011 -799 -2092 -1360 -1141 402 -272 -30
-545 606 1404 -963 41 362 -665 1361 1819
388 -720 293 416 -393 -56 284 1969 253
-236 178 74 -1000 -981 -863 -1414 -2453 -2059
-2419 -1390 -1151 -1917 -545 -1213 -306 -288 -1074
-1105 -735 -720 -1037 360 76 483 640 -103
1505 1484 1329 307 533 194 -1241 -1249 -1784
-1061 -1247 -1734 -101 -32 -964 363 87 302
1168 1071 307 -1146 -949 -1337 -2187 -2297 -1906
592 901 1061 -659 -194 479 -1103 -942 -159
1504 270 369 -62 -915 -511 -644 -1800 -2054
-1093 358 -275 -1128 -886 -801 33 118 175
-1583 -92 137 -627 257 394 70 898 991
-1239 -1329 -1693 -125 -661 -502 603 -182 711
-780 -412 -853 2212 2228 1690 2456 2089 2027
1457 -909 -428 289 -1413 -674 -265 -573 -117
-743 -350 -695 -849 -648 -567 415 279 704
402 -528 -1021 898 -306 -318 1987 967 1783
1704 1999 1140 -539 261 76 -466 -553 -156
-382 211 -429 1180 1214 1136 2561 1077 1383
-117 158 186 -1660 168 415 19 1106 2313
998 303 1528 -761 -610 297 -1682 -237 -1150
95 1139 639 611 132 1012 1372 1679 1961
-687 -869 -1218 -442 -523 124 414 536 912
-694 -1056 234 -706 -863 508 -325 -874 765
1689 2368 1705 1592 2567 959 1531 2697 736
-439 -1133 -1570 -595 -811 -1394 211 -595 -529
-267 -887 -1554 -781 -1925 -2134 -1115 -2333 -1623
-1827 -2650 -1908 -1517 -2078 -622 -596 -829 308
-995 -1209 -957 -918 -1009 -1676 -420 -1401 -2302
-287 341 29 -625 -754 -1177 474 456 -767
252 -329 104 669 -76 8 1346 338 396
1900 2546 841 2232 1820 1068 1364 200 1004
115 -289 259 902 837 460 636 -656 -703
56 -75 -350 -1259 -2579 -851 -2616 -3448 -2054
519 300 204 -180 -961 -285 -803 -40 1571
4475 3446 4769 3735 3540 3854 4304 4533 1127
-1123 -1297 -151 -1194 -1537 -1084 -2117 -1972 -1471
3518 2925 2715 2088 2000 492 3123 1942 -1966
-805 -156 -371 860 1450 793 1294 1949 1708
-693 -863 -466 -976 -1350 -892 -1023 -1609 -640
109 894 17 -758 222 -399 -897 -545 -834
-309 321 -206 -738 17 -722 805 763 746
2777 2475 1470 2611 2238 756 -404 -188 -312
27 71 293 421 1199 191 36 396 -486
-497 -307 212 -728 -148 7 738 509 905
888 401 1194 269 -779 209 -1318 -982 -44
1359 1326 2024 1798 1468 1454 944 927 932
558 457 493 -1326 -1083 -1114 -2238 -1692 -1182
-860 -949 -540 435 -313 358 455 222 843
-192 -334 -656 -903 -758 -393 86 544 887
-1524 -680 -1423 -551 -705 -651 -103 398 290
-406 -609 -376 -440 -789 -1205 -854 -483 -151
835 1121 -91 -1021 -1204 -1729 -1528 -1417 -1571
1053 1185 1355 -152 -317 211 -682 -621 980
-72 642 270 -802 -554 -296 -771 -185 40
1517 1946 2069 1029 1217 1770 -233 935 -202
540 -140 -1381 634 -510 -492 859 954 771
209 1294 1145 395 537 284 1656 1143 339
-842 -1340 -988 -1093 -1535 -1133 298 129 584
-2146 1060 790 21 572 369 572 1793 1907
-1690 293 831 -156 1389 1160 958 2507 2441
802 1354 652 337 867 389 -756 -144 -479
677 869 1373 -580 -1102 255 -449 -553 -991
-664 -1035 -485 -489 -94 336 -422 31 302
-752 -391 -1337 -374 -790 -1614 -661 -1461 -1575
626 -2110 -900 1342 -1217 -180 489 -483 71
-638 -548 -265 -1364 -363 -1319 -873 527 -212
-1143 -749 -785 -1117 -289 -514 -905 -97 -705
1004 750 1470 244 -24 461 1260 449 -529
-99 870 183 -869 -622 -268 -919 -1174 -975
-1053 416 -1464 -2179 -331 -1618 -2618 -735 -1350
1251 1510 1127 1150 856 194 816 384 250
535 511 151 -106 -928 -1103 -250 -1026 -1176
-2286 61 484 -1598 611 659 -1855 743 495
356 -466 -440 -34 -882 -275 293 -688 264
411 56 330 506 -76 318 455 -105 32
1212 1257 1256 64 1243 590 -1450 -807 -1368
73 113 -51 923 33 269 692 491 142
199 -753 -1322 -99 -643 -1050 -218 -268 -923
1756 1611 806 1154 1472 1102 -301 343 737
2540 2058 630 2181 1652 321 1030 1625 1039
279 720 458 863 81 708 1651 188 1028
-1594 -1181 -1255 -1428 -1170 -1256 -1092 -1494 -1164
562 187 347 169 1015 522 -22 850 1084
-701 -1526 -1625 -612 -651 -792 -761 -759 -727
-172 -189 -692 74 -340 -1280 -175 -900 -1223
-1444 -2177 -380 -672 -526 114 75 -361 25
-227 -347 -121 636 -64 129 776 823 124
-992 -1094 -1111 137 -145 -313 184 -1000 -690
113 -123 51 108 -906 -315 -743 -1434 -838
350 960 924 -807 493 754 -600 714 822
-71 736 127 764 941 1149 375 1375 745
379 -661 -594 79 64 -204 -9 -305 -830
320 1386 955 49 15 -52 503 -102 527
-565 589 182 748 1554 1730 1067 1838 2125
-223 364 430 264 1328 742 804 1621 1138
-239 256 399 -1109 -990 -706 -873 -673 -505
-308 -1358 -467 -85 -876 -350 964 1262 565
2886 2295 1241 1982 1574 1205 1582 1918 991
363 597 810 -354 176 -47 -1482 -334 -2015
-562 -632 -532 68 106 466 704 697 946
-1980 -1213 -216 -2105 -1689 -542 -2163 -1820 -1243
461 602 816 106 284 475 -47 631 819
-1405 -1049 -964 -1496 -1471 -1083 -951 -769 -332
-355 276 582 -157 830 423 -492 230 -186
533 511 442 -319 -469 -967 -217 -594 -985
421 339 444 -713 302 -899 -733 -1065 -883
920 -473 1589 958 -396 1488 164 -777 1264
-272 -261 -284 -526 -360 -30 265 187 501
-738 -751 -492 -812 -429 -223 -1071 -319 -514
-798 643 815 -1229 498 1373 -1848 -377 1278
-152 -813 -293 283 261 390 630 846 427
-579 -985 -938 -163 -846 -807 -1267 -937 -1438
57 156 -180 -653 -806 -663 -917 -1284 -615
756 150 246 -297 -108 -124 -499 626 30
-1125 -994 -626 -978 -951 -558 -781 -1392 -764
529 251 71 -291 -541 -716 98 -492 -769
-511 652 66 -1090 575 -107 -652 -189 -398
1058 22 737 -554 -1241 -380 -76 -1237 29
-223 -39 -468 -475 -130 -732 -83 114 -786
1263 1011 -1020 1339 1538 -1139 -208 -106 -1735
-368 -938 -778 -549 -869 -507 -528 -1093 -423
-959 -760 -131 -647 -856 -72 -1130 -910 528
-855 1711 1492 32 1310 2289 -409 1535 1996
-154 -641 -1069 -421 -222 -610 -348 999 317
1185 410 608 1616 294 1213 1570 1427 1927
-1812 -1512 -1134 -914 -298 -509 -302 -304 -74
977 577 1452 1247 861 1804 1595 1800 2064
993 123 -644 -399 -12 -381 -520 -490 -1050
-433 -861 -549 -1816 -2408 -1991 -2392 -2727 -2280
-1609 -1383 -1989 -120 -99 -1154 811 936 -21
-1020 556 19 -468 389 162 118 210 317
-997 -732 -784 -536 -513 -452 -153 29 -60
-1087 -817 -684 105 719 -356 -427 282 380
2453 1914 1999 832 99 1228 924 575 1960
-1857 -1532 -1809 -693 -1189 -1190 -1087 -1646 -1744
389 405 394 740 671 1460 -1326 -808 -808
754 1072 1154 263 -333 276 1091 872 669
-29 -291 -325 -926 -965 -1344 -1890 -1236 -1349
-512 -724 -1036 -830 -263 -1076 -1015 -881 -1201
134 174 -149 -507 -976 -612 -476 -566 -778
-1041 -973 -1159 -596 -253 -354 -1175 -1011 -1086
-1904 -1745 -1946 -956 -1144 -1066 -82 189 689
55 -30 1300 -595 -468 230 -673 -819 -738
271 1270 656 -784 -624 -189 446 1184 1019
-176 -4 -112 339 -232 -584 -21 -304 -1024
-2582 -2253 -2314 183 -41 -94 179 300 421
912 1305 988 513 558 696 2655 2093 2069
1970 1771 1816 1490 1506 1298 -81 387 83
125 905 691 127 740 192 408 382 -785
-283 -321 -475 688 529 302 712 53 -191
56 419 -218 -363 257 76 204 937 1091
-659 -1076 -645 -1308 -1278 -486 -784 -314 -222
-210 -614 -413 421 -324 -157 931 999 1071
356 882 712 -1800 -2036 -1453 -2219 -1504 -1712
-1130 -1158 -1210 274 -156 -162 1316 323 531
255 -1068 -387 -376 -1141 -681 -142 -231 -329
606 1001 780 167 372 63 -1103 -1061 -1242
191 636 236 -414 -787 -939 -1006 -741 -1395
293 799 599 -6 -70 -151 -121 -340 -115
-859 -1306 -839 -461 -204 -359 -999 -206 -1164
-53 69 263 -205 -100 457 170 465 735
893 222 81 871 480 -266 -804 -1116 -993
411 555 556 1130 861 912 524 121 370
-1276 -1520 -2080 -152 -433 -656 582 489 608
-93 -146 -247 1320 1745 2045 1627 2426 2470
475 708 688 658 1390 1044 -983 -560 -763
328 -111 614 122 -371 86 -57 -22 -443
341 454 -890 -520 -953 -1598 -932 -962 -1426
-540 -504 -863 2178 1734 2095 3324 2902 3174
-70 -611 -176 -244 433 244 975 1004 1086
-256 -645 -822 -285 -195 -327 32 90 46
390 584 344 1809 1194 922 673 358 -62
1003 935 1267 -650 -911 -765 -643 -743 -404
326 -329 204 435 775 832 1057 484 619
-2111 -1108 -1417 1296 2354 2052 1662 2197 1850
-382 -87 15 225 638 87 -1011 -928 -1267
461 -45 313 -875 -657 -443 -838 -23 -275
-589 -270 -1124 -318 125 -461 628 715 397
-396 65 118 1491 1639 1517 1523 1079 1011
-1604 -961 -1190 417 1665 1523 2073 2275 2482
507 1136 859 1361 1294 1022 486 970 103
-2095 -2121 -2436 -1320 -1486 -1647 -508 -717 -1041
-111 -316 105 1591 1665 1170 2241 1775 1913
301 38 -95 58 132 -27 -861 -313 6
652 1727 1515 60 1025 678 -822 211 -485
1996 1520 1437 370 439 558 -58 705 1433
-206 -951 -1214 -362 -709 -577 -475 -817 -729
825 576 718 788 507 953 427 582 33
806 -248 -204 419 -337 86 64 709 85
186 -26 -425 -49 225 -315 555 1136 961
2351 711 721 1913 317 73 1845 72 -372
364 164 75 457 430 203 -112 -706 -599
1960 1832 1469 1355 732 775 1075 1826 879
119 553 141 -330 289 -438 230 224 3
2430 2030 2898 2545 2976 3164 2907 3615 2639
49 438 154 -251 173 -838 -636 535 -684
-483 -48 1156 -958 86 811 -2315 -1059 35
-574 -1370 -1029 884 716 1337 525 1528 1217
-564 -544 -183 -1844 -905 -996 -2302 -1600 -2005
-12 309 803 263 772 1585 -1163 -749 -983
236 603 822 -132 -570 -731 -2000 -1854 -1608
-643 -785 -2079 1637 62 -266 1544 -482 752
213 570 589 733 165 609 1805 1232 1965
-325 -457 -715 -734 -466 -594 -1835 -1579 -2091
-865 252 -103 -588 -219 -459 -1152 -832 -1042
-69 -536 -48 1126 1148 693 2047 1321 1094
-1343 -1215 -1562 -684 76 -338 -1248 -458 -405
1371 435 -124 1043 493 -260 971 302 -371
2070 2131 2875 2079 834 2092 1682 1495 2170
683 1372 430 440 424 -313 26 -113 -509
1099 1409 1116 -1292 -238 -1463 -1872 -955 -1477
497 -176 258 -382 -1089 -1183 -369 -550 -570
-67 -303 196 -227 -93 624 370 864 1984
2296 2535 3064 962 1219 1900 -60 205 1876
-628 -623 -547 -70 -249 -156 -549 -564 -778
608 431 1721 -255 -581 673 -256 -567 -118
-745 -1203 -336 -124 -152 872 126 569 920
-699 -2156 -2762 1668 754 552 1935 1878 1652
33 301 -59 -1030 -1053 -174 -1766 -1188 -356
-957 -562 -281 -991 -538 -1585 -1328 -1411 -3172
-1127 -864 -859 -565 -648 -370 199 398 231
909 440 341 1027 112 -171 940 111 -347
744 1648 1168 63 438 1140 40 -423 2
-808 -1175 -786 -475 -804 -1038 -537 -369 -851
-1521 -1266 -642 -2329 -2272 -849 -2396 -2146 -1457
253 -668 -695 780 440 722 685 349 1154
2035 1480 2050 1589 1220 1005 398 503 -703
-794 -1982 -1571 245 -618 -911 1286 773 606
1930 1814 683 915 983 -458 -708 -667 -2087
-2070 -1613 -1594 -1092 -504 -1479 -614 384 -441
780 -567 169 821 -481 250 772 -40 332
-568 658 1422 -366 401 959 -1302 -347 -140
-1029 -1075 -1389 -125 -413 499 1198 1038 1864
-72 -241 -698 -494 28 -770 -521 -643 -451
-1868 -1815 -1535 -1242 -1361 -1358 -771 -1082 -612
34 426 813 1078 1798 2293 2115 2106 2198
215 0 10 462 485 37 -121 9 141
-686 -480 -875 -390 -277 -639 -360 -379 -552
1255 1558 1363 -690 396 -640 -1662 -816 -960
425 848 456 874 1006 1403 160 -592 320
-142 -315 701 673 -346 926 732 492 695
293 691 -402 -90 84 39 726 581 304
-720 -874 -1027 -510 -334 -528 185 -8 -306
387 -56 -162 -2322 -2197 -1925 -3407 -2726 -2659
-716 329 1525 -619 -66 1012 -461 181 1008
-852 -1293 -773 -1342 -1185 -788 -539 -579 -336
944 814 901 666 103 70 -736 -550 -351
1240 -10 -943 583 -145 -928 1786 312 -961
-1526 -459 -1301 591 1777 872 214 1146 1614
-697 -908 -988 -1277 -1372 -829 -1021 -1422 457
-1152 104 297 -649 -418 129 340 1040 1550
-1057 -601 -500 315 -375 -349 -528 -117 -88
2466 2396 2533 433 432 945 29 411 383
-2083 -1286 -1259 -535 -547 -99 2484 2984 3749
-969 -845 -1438 263 -749 -980 -1231 -874 -813
2859 2286 956 692 1154 771 811 1084 1349
-282 -7 -1031 251 67 -573 316 35 -272
-536 -741 -955 -1031 -421 -274 -2671 -2535 -1468
-585 -569 -376 2 278 76 -122 400 -383
-1054 -31 6 697 2065 2310 1160 588 837
92 -2 157 489 196 -272 1133 530 580
-713 -1194 -166 667 2005 1687 362 261 881
-2114 -976 -725 185 160 1100 1679 1390 2097
602 3 375 26 -29 1469 885 1569 1485
-2240 -1782 -2602 -817 -667 -592 -311 196 -118
861 569 471 813 -293 399 881 258 625
-2220 -2775 -4022 -1553 -1927 -2412 2158 1981 2604
1176 777 1405 -1543 -791 -707 -899 -737 -449
2886 1641 2144 2190 1008 1615 -882 -726 -439
-3438 -3990 -3884 -2314 -1867 -2657 -1408 -662 -813
-1277 -1309 -1271 766 -669 219 2512 1374 1696
-646 -797 -1009 -1173 -1480 -1445 -1332 -1208 -1561
-2018 -1786 -2172 -1635 -1443 -1466 -1592 -882 -678
3178 2834 2638 3277 1208 2242 3085 1959 2397
756 803 519 -1024 -646 -1249 880 2285 201
-1370 -910 -1055 546 579 1348 3095 2300 2776
-1945 -2245 -3030 156 244 618 2165 2127 2678
966 846 -59 766 216 336 -470 875 392
-613 -39 375 -1273 -311 -817 -1109 -959 -884
-472 -1144 -1608 -745 -633 -933 739 696 749
572 1287 924 -62 335 26 -537 -337 -77
366 -365 -49 -50 460 225 -732 1078 899
-1556 -303 -835 -321 504 -56 -348 -1451 -1377
-497 -504 96 -607 -12 -513 -1572 -1586 -834
3382 2689 4058 1777 1789 1836 -5032 -3354 -5192
447 440 1341 -683 -653 -303 35 -446 -5
840 639 1013 416 192 144 -722 120 -395
-1453 -1187 -1192 -2803 -1177 -1839 -1323 -1856 -1075
-2004 -2219 -1677 -717 -1589 -545 1433 1820 2940
-1017 -1054 -928 2349 476 646 2766 691 537
-725 22 -364 -279 -1185 -489 608 -192 93
695 662 568 -1300 -1431 -1514 160 88 648
-46 -267 -510 1179 612 522 2143 1727 2007
150 -261 -348 -1510 -620 -1601 -493 -102 9
1737 263 1317 1571 431 1285 795 829 1073
-3043 -1231 -1525 -3419 -2020 -1974 -865 -1263 -884
-2418 -1382 -1861 -955 -551 -86 2770 1750 3023
1759 2153 3066 6 -100 -123 7 207 488
-1042 -1004 -654 -31 145 -189 410 984 994
-343 -603 -664 -326 -313 32 223 12 -571
-1522 -1496 -2070 -709 -1348 -1757 304 497 3
135 388 69 31 1501 976 1152 2102 2357
87 155 1210 -948 -301 -516 -244 151 -257
3322 2633 3678 845 796 1094 1180 835 587
-2426 -2066 -2729 -1532 -1123 -1305 1225 851 1253
54 -44 489 2338 1638 1945 2302 2508 2387
82 454 124 639 1093 1527 1006 417 785
1333 541 -52 -235 -85 -259 -334 224 -18
-125 -731 -617 291 60 451 -89 686 1942
-864 304 -866 -2035 -1129 -1799 -1838 -1738 -919
558 512 19 -329 -453 -235 -1089 -450 -429
-2030 -1676 -1321 332 656 894 3205 1995 1122
908 -369 -440 364 -664 136 1020 548 2316
-1861 -1580 -907 -1720 -767 -398 273 217 166
-2044 -1905 -1856 -278 664 1367 1496 1945 2379
390 586 916 1260 836 922 -2 -642 -151
-83 1743 629 -1493 -1123 -1559 -1753 -1431 -1393
-1276 -935 -389 195 -77 320 1355 1496 1901
-841 -1188 -1250 -1106 -1250 -579 -1208 -783 -394
660 1553 1166 542 497 775 -397 -869 -602
-1670 -1712 -2514 -1407 -810 -973 82 432 -488
-2618 -2099 -1875 -1418 -431 -645 -724 174 14
-804 -978 -1261 -276 -257 -285 821 703 713
1781 1567 2127 831 1138 923 -1412 -1011 -995
-648 -455 -933 -932 -884 -708 -1023 -1019 -528
1149 2026 1978 -1028 440 -452 -2285 -1219 -2569
-665 149 -367 -67 -45 233 953 1115 792
685 171 -689 -444 -742 -900 -45 -445 27
-1072 -856 -472 -183 -342 657 475 369 624
-63 61 -99 -329 -492 -1054 -669 -364 -586
-1237 -1191 -931 1007 910 1453 1039 1149 947
-259 -731 180 -1693 -1335 -1793 -1586 -1257 -2006
1320 488 808 1759 1406 1938 -1464 -1270 -990
-2848 -3045 -2871 -1265 -555 -375 -434 -702 -336
1615 1145 1831 469 -64 464 -916 -489 -486
-281 -281 -1161 -1009 -641 -1219 -1099 -552 -1159
-1674 -1410 -1116 -975 -37 -796 -529 220 -837
-124 -328 -269 915 521 185 1071 543 956
170 269 1130 1304 1020 1255 1303 1613 1248
2422 1886 1604 1556 1029 1263 1971 1982 1776
-1006 -1646 -1972 277 -324 -465 85 74 202
345 1291 565 376 373 205 -329 -346 -562
-924 -877 44 -1112 -712 215 49 567 1085
-134 -396 -1243 40 327 -340 1203 -98 416
661 916 718 725 519 318 701 341 457
416 286 -505 641 1263 668 206 819 893
-170 -652 -298 317 -55 -241 -19 -186 -388
-202 -434 -2 -991 -995 -601 -497 -1075 -558
2478 2487 3067 2934 2897 2782 -2843 -2116 -2662
-868 -909 -421 401 259 139 1683 2126 1883
-2015 -1552 -564 -801 -153 -554 -261 695 -427
-2298 -2497 -1450 584 -414 1024 2910 1868 2889
-1310 -1426 -708 -461 111 743 1815 2198 2567
292 33 -962 1000 177 202 1231 926 471
-158 -421 -561 1431 836 875 775 211 82
419 885 480 -608 -1072 -1498 -97 -284 231
26 85 663 1299 646 545 1231 990 1566
-515 -821 -269 -238 -907 -1300 1394 21 289
-1004 -1153 -1440 613 928 932 2588 2210 2631
-1497 -711 -1302 -2269 -1482 -2133 -1490 -1753 -1858
578 883 754 213 261 440 74 -41 -138
-1040 -1381 -1005 315 338 583 -109 -218 -94
461 -941 221 -725 -1515 -291 767 333 576
-171 -842 -580 -971 -891 -637 -558 -126 -562
-106 -435 -810 -832 -732 -1311 -13 473 40
511 1184 1179 -789 -152 657 -1206 -702 157
-162 -181 214 -800 -553 -386 -148 -437 -345
1000 896 1234 628 382 1600 118 807 299
-1289 -600 -1115 -1413 -665 -509 -1149 -1029 -434
2750 2490 2875 1672 1593 2476 2091 1673 2111
-194 -385 -419 -1284 -970 -1039 -1598 -1748 -1976
772 414 -3 -272 208 -485 619 309 109
-2273 -2647 -1517 -625 -271 163 1694 968 938
-998 -1399 -1129 -742 -740 -1707 -1420 -1173 -1565
-598 -284 -478 -1379 -981 -582 -944 -517 -582
160 -618 -2073 1010 1031 -62 1134 490 -131
1817 1107 1417 947 62 388 1332 475 1272
-741 -1024 -1163 -47 -127 -111 531 -368 -569
1265 1756 1991 310 581 964 191 49 6
-194 139 1035 1454 912 1466 241 316 927
-847 54 -568 60 564 121 1103 746 825
332 -461 204 958 43 484 -103 -326 -499
552 1085 1035 344 855 345 -73 -147 -331
851 1335 985 577 896 820 -242 830 1059
733 829 1099 -479 -1268 -646 -36 -1444 -417
2842 2700 3034 2046 1981 1807 -11 242 -334
820 646 275 216 119 -253 264 221 75
328 397 358 581 588 438 95 529 694
16 648 34 926 1205 296 1163 1574 476
1149 507 800 2085 591 1589 2358 2271 2497
-88 -38 116 -7 -320 586 -371 -741 -550
780 1699 1058 291 1550 653 1167 1916 1261
401 -87 -401 537 449 466 1151 872 664
-244 -169 -321 -289 141 -518 -580 -115 -455
-1122 -1196 -2008 -673 -230 -1317 -588 -274 -989
-563 -360 -238 167 -434 -56 1039 898 839
69 -149 -119 -69 230 -199 -191 -506 -271
-536 -656 -618 -180 -116 -98 -63 111 -104
274 674 855 1202 1302 1770 -493 -165 28
-838 122 422 -545 80 157 366 596 884
-146 44 -171 -550 -438 -420 -306 -283 -470
899 418 980 422 601 835 215 440 660
715 280 1108 760 243 400 570 278 398
-1326 -145 -754 -817 212 -208 -106 386 -29
-1012 -865 -380 -903 -584 -335 -139 -312 -417
243 850 541 -347 -883 -299 -301 -384 -602
673 510 810 461 271 598 715 524 835
348 -27 96 257 -11 -386 -258 -76 -563
-257 188 -254 -12 275 -186 -463 -381 -566
-1867 -1048 -700 -671 618 854 358 765 1207
325 7 453 485 299 863 131 284 894
-1050 -522 21 -897 -506 -301 -58 550 678
-865 -1353 -775 -1018 -693 -536 -659 -259 6
-1034 -509 -879 -789 -761 -962 -544 -415 -781
-125 -210 -40 -397 -502 -874 -1421 -1789 -2187
-684 13 -550 -917 -475 -900 -887 -450 -770
-418 -83 -226 31 24 -154 103 -74 -202
-145 279 54 44 258 -30 -1046 -130 61
-738 -769 -810 -340 -625 -768 284 102 -94
507 670 381 -353 -495 -548 -881 -1105 -1537
-888 -1241 -568 -343 -849 -32 -196 -372 125
-274 380 233 -144 183 -191 226 -95 112
-31 345 -36 179 320 -193 -385 -574 -549
556 105 -120 700 76 89 1140 369 331
932 808 1025 146 -38 389 -350 -606 -90
-225 -72 -184 -632 -158 -385 -167 -181 -85
-1737 -1443 -1609 -811 -537 -806 38 -85 -126
24 839 238 679 1440 869 438 1406 1145
582 545 722 486 211 591 64 -588 -184
353 -119 -321 82 -573 -357 650 -252 -268
141 480 -9 -262 -79 -709 97 200 123
-2 643 409 -138 354 375 -172 432 105
17 -110 -879 -605 -518 -1269 943 746 459
-1376 -1160 -1227 -1428 -1196 -1473 -1108 -1235 -1264
695 908 440 -148 113 -83 -35 5 -190
-478 -642 -131 949 972 957 986 1009 1055
-392 -44 -436 259 439 96 10 -633 -784
-454 -267 -570 27 24 42 69 18 -246
365 526 301 708 1349 797 1593 1538 1742
-1548 -1310 -481 -1078 -928 397 -1323 -880 482
-733 -827 -694 -774 -693 -1285 -1199 -932 -1008
560 460 773 675 892 780 22 199 -190
-985 -590 -970 -746 -795 -1343 -270 -746 -865
165 160 -79 182 265 -27 312 -230 -335
-583 -151 -687 -204 843 202 -17 91 168
363 -429 -836 -81 -792 -57 56 309 692
-454 -364 -350 -573 -440 -410 -1260 -796 -977
544 270 -243 322 -1 -448 261 419 63
-22 -112 790 26 408 190 -69 74 116
-283 -11 -483 -1067 -1010 -1076 -952 -1287 -1259
-299 -280 -429 -762 -725 -601 -259 209 355
707 498 -223 300 100 -656 375 705 753
893 659 1336 1134 884 1172 1468 1008 582
-1220 -1550 -1551 -710 -702 -487 -1121 -902 -929
859 1297 1092 718 1191 978 -639 -84 -271
-2037 -2280 -2497 -948 -600 -1053 752 1070 563
327 865 993 267 539 472 -855 -199 -267
1325 829 484 806 427 -122 703 340 -355
2335 3026 2621 2384 2354 2405 1705 1998 1842
-867 -1346 -1608 501 163 111 756 732 517
773 27 454 790 648 734 1268 1070 831
-1321 -869 -1046 -558 -312 -413 60 160 -28
-648 -264 -770 -252 99 -691 -528 -534 -1400
344 1143 175 -506 323 -266 16 616 -888
238 207 221 221 -499 182 1370 256 1052
-21 252 324 347 372 -375 -285 -67 -1378
-1004 -1213 -983 43 664 -233 -174 1110 681
189 -422 -618 -75 -615 -780 131 401 258
357 2241 2092 -1259 1853 2048 -1584 17 1159
-1214 -1435 -1056 -713 -225 -190 -607 -4 -275
1530 1557 1106 -766 -624 -844 -1994 -2090 -1601
78 304 684 -463 -426 -424 -1329 -1738 -1398
370 1793 1227 14 1377 1456 -751 -23 185
-1469 -1205 -1550 -803 -876 -1243 286 -418 -517
560 495 1036 103 -335 142 32 -674 -512
-843 -356 -843 -923 598 -52 -1255 -488 -1250
111 -364 -490 401 275 123 1644 1306 1375
-111 -61 27 201 -124 1 929 372 758
-1492 -1795 -1293 -497 -833 -557 -40 -392 105
-317 -422 -123 140 -397 583 -1259 -1129 -376
366 752 1246 640 422 1532 1033 1177 1387
-102 -691 514 -342 -516 -152 -763 -736 -824
-529 -1049 -1444 -364 -682 -935 -332 -494 -571
-703 131 579 -1024 -1193 -1443 -595 -943 -1314
-127 -278 -374 -746 -470 -1045 -903 -922 -1328
1709 1163 1250 -827 -658 71 -2289 -1859 -1711
-802 -716 -876 23 335 -201 -2 462 433
779 874 1013 536 176 489 -123 -155 -170
607 -152 375 -169 -76 108 -452 -1017 -757
1117 -706 -857 1938 437 489 901 468 208
-1794 -1638 -1875 -958 -591 -594 -549 -511 -188
462 300 -355 -11 417 -534 -191 -423 -581
2303 1814 2184 1365 230 203 480 -1221 -1234
-282 -152 -70 735 73 435 629 1101 1312
-791 -453 -722 -1000 -590 -872 -252 -559 -621
-1068 -1546 -1072 799 409 471 1981 1396 1712
1079 860 895 883 704 1046 1210 1400 2078
859 1618 207 -286 -741 -1090 -1268 -1341 -1601
-375 -926 -767 -313 -682 -756 943 589 813
-389 211 308 -243 -84 -89 432 228 343
-337 -1043 -545 197 -580 -92 544 -2 -291
1491 1697 1423 390 227 590 -105 385 358
344 203 481 437 399 624 289 -194 -68
1483 1786 -243 1527 2010 174 1420 1589 162
-343 -245 118 -562 585 739 -624 219 632
1191 1432 -81 1124 1403 -668 326 17 -1304
24 376 379 -113 -560 -936 -500 -786 -631
-794 -502 -397 -718 -584 -780 -1289 -1077 -1122
420 397 560 856 -332 86 946 -1434 -1232
2569 1306 366 1255 291 47 1620 241 -1155
1372 415 -38 1640 1574 1550 133 775 1017
-331 16 -629 193 241 -181 -143 125 -223
-258 -2171 -1324 973 -562 -38 98 474 1409
180 -48 9 389 321 602 321 156 -336
51 582 244 -352 333 725 -690 -283 269
-453 -315 -480 86 -703 -1506 1456 252 -214
-665 53 281 -966 -179 303 -26 1243 1246
-155 523 1112 427 324 306 2104 368 -406
-193 -256 -433 342 -652 -462 671 -448 540
499 1424 1476 318 1197 621 -421 1175 954
226 1225 1242 63 580 1371 288 314 644
-691 67 1254 -342 -464 430 104 -702 -320
-217 -1018 -1037 -321 -1893 -1301 -566 -816 -492
-1200 -230 -8 287 -378 -1228 1912 -469 -1600
-684 347 435 -846 -1 24 -1432 -338 -411
164 7 86 -314 -257 -472 -141 91 -201
-356 862 -198 -1121 31 -309 -581 -160 503
1672 85 -56 806 -227 -212 371 87 656
-667 300 758 71 548 601 1061 1020 260
-90 39 409 -1051 -35 935 -631 561 808
782 -895 -1596 2189 -566 -1078 3069 -434 -1640
278 269 -316 -57 399 818 -250 412 888
1717 1377 727 1486 904 1603 507 294 1557
-1366 -2079 -1141 -1058 -1423 -1224 -164 -826 -1686
335 81 -638 288 459 -424 1 1051 776
-34 173 -250 -700 -264 -738 -441 -350 -883
191 -775 -232 -29 446 -212 14 636 546
-552 -583 -1152 -1053 -769 -1082 -1400 -1657 -2178
212 -172 45 205 -718 -647 151 -1397 -1696
191 -125 738 984 242 622 345 587 694
1740 -275 -821 2733 684 30 2107 1669 224
205 866 1068 -533 313 868 -511 -636 -845
-56 102 -807 -326 52 -547 165 -619 -1806
-742 -392 -712 -725 -603 -1108 -785 -371 -1108
-221 476 2290 231 399 2305 710 -85 682
-1477 1801 1466 -1691 950 1369 -1373 372 644
-1572 -779 -1698 -1357 -785 -1327 -1617 -1276 -924
-1811 -1286 -459 -1011 -1067 -242 -111 19 -495
-936 -1089 -873 -1042 -1143 -865 -178 -895 -672
-1604 -585 -702 -1623 -255 -1150 -1605 -506 -323
57 739 235 944 140 -1039 1982 679 -902
-1041 177 -107 -1380 490 396 -1148 9 384
-102 769 -413 -636 417 -311 -1064 114 338
-956 653 364 -1166 -67 1630 1592 1190 -136
1127 -375 -960 1142 -268 -1321 866 326 -685
-217 -291 -392 -78 -563 -803 498 121 -337
-233 -642 -344 -654 -1017 174 44 -1177 -598
963 752 -250 228 879 -232 -517 1155 427
-1049 -1374 -1415 -313 -829 -471 1339 219 107
187 -1850 -1968 607 -1694 -2376 1628 -982 -1590
607 -95 -143 754 548 -35 996 1253 537
-488 -187 295 -305 -91 719 -238 190 1569
-88 -279 5 80 -406 -90 1331 39 -561
1351 101 -26 755 -304 278 613 -652 -700
-1906 1072 1675 -202 946 917 630 -269 479
-280 -388 -59 583 124 672 417 551 1616
-991 -578 -334 -1041 -385 442 -215 -106 582
568 1814 1624 -892 1346 1974 -1473 1014 1755
610 1129 1404 611 913 1497 758 1433 1999
872 -16 423 189 -45 223 -474 -488 -504
-770 -372 128 -256 -556 -111 -868 -671 281
-127 2414 2262 -698 1352 2076 -2107 340 1005
-993 -359 -864 -1360 -444 -488 -1008 -53 -510
-690 1014 292 -722 101 181 268 595 -102
-1525 -194 -879 -2008 -1294 -1641 -496 388 433
-659 210 -73 106 127 -198 1105 350 -608
1599 2772 2124 -333 -82 482 -1313 -1453 -1270
443 215 967 -1758 -1738 -1756 -1935 -1312 -2707
-37 -293 -1086 -78 -1070 -1782 206 149 -849
-235 -1146 -1565 1005 422 85 -686 -218 56
1137 475 332 -101 -767 -625 -1336 -1145 -319
285 -1113 36 -638 -934 -1282 -509 1318 815
353 87 -8 495 -13 229 -43 -944 -989
-827 -219 363 478 1619 1156 704 1684 1009
-2186 -2044 -2189 -1255 -858 -1175 -603 -25 -449
-971 -1169 -1306 -684 -711 -1297 -1104 -1066 -1623
728 289 -340 1513 1142 -424 1218 712 -215
-1013 -1741 -1161 1406 1575 1531 1278 2990 1716
-579 -1540 -901 1161 -321 925 1926 1748 2645
-2160 -1313 -864 -835 -48 -105 509 715 730
-530 915 1232 1172 1614 1708 1290 1316 358
-526 22 132 -597 -121 -121 40 -398 56
-947 -1328 -2152 -789 -1078 -1899 -1399 -1827 -1998
-301 -1079 -199 -124 -941 -530 725 110 -4
980 167 19 958 529 -394 -297 827 -571
295 684 368 -385 8 -348 18 163 -109
310 812 1344 -555 -423 -100 -717 -2018 -1461
887 363 75 931 1472 793 804 2446 1615
398 528 378 562 518 1203 1185 -302 982
620 -470 647 -253 -565 24 -5 -127 604
685 749 -159 523 522 780 -836 -998 -249
444 -27 474 -178 343 254 61 430 564
-1362 -1719 -1371 -187 -68 -171 1752 2344 2068
-657 45 -17 -133 765 -151 215 903 759
743 1373 1171 -1365 -460 -893 -1433 -465 -1122
-1414 -106 -271 588 895 727 1463 1389 2007
3121 2947 3273 2077 1892 1714 2899 2999 1976
-263 -381 -540 430 -547 -16 375 -433 517
-89 -235 1360 -378 -77 144 159 726 -220
-1448 -1468 -751 -692 -848 -717 -461 -165 160
1812 1582 1507 2526 1111 1587 -689 -797 -528
-956 719 14 -951 1050 508 -172 1626 954
-330 -80 -732 -442 234 -229 -936 -504 -706
601 628 1853 2179 696 2694 2494 -82 1933
-655 377 -282 -645 412 -725 -993 -650 -830
748 -49 84 -29 -662 -778 -910 -1187 -1149
-698 -831 -1130 -1049 -1585 -1306 -1088 -1327 -1602
1942 1256 1497 295 -25 -836 -1174 -788 -568
-144 -735 -1386 243 -658 -1338 -266 -1340 -1634
-513 36 -269 319 173 312 157 641 918
134 598 861 -126 -437 -1097 -421 -675 -1105
2001 2311 1853 886 205 251 -1457 -3089 -2428
-163 -245 -435 -74 -339 -464 822 1273 569
-1 -224 -381 1752 1742 1539 820 1688 957
283 -136 -134 -288 174 -269 -363 -445 -1073
-99 -124 465 -644 -842 -416 -234 -716 -325
-254 -662 98 298 44 393 264 1294 640
898 1126 1251 -332 105 -52 -672 387 -137
288 -686 -591 259 -261 -981 -1554 -1694 -1841
1846 1094 1466 1083 1041 393 300 -1092 -1508
1082 323 426 579 -25 17 599 -509 -153
601 271 1607 -853 -199 -431 -1215 -1146 -699
-509 -1175 -1259 -711 -1108 -1155 -1872 -2328 -1777
-939 -549 -284 -277 580 -95 1389 1312 532
-549 -1396 -1057 768 -598 -25 1168 -153 180
-1711 -1128 -725 -265 63 50 -275 -570 -451
168 787 710 -309 24 -141 667 1013 1073
-728 -1022 -1188 -513 -542 -844 379 197 353
-289 91 337 -58 -33 468 -72 -660 -372
577 672 285 734 1006 568 1513 784 -150
-485 -367 -563 -441 -382 -1008 -796 -1135 -1350
-192 -119 242 -499 -466 -340 -545 -127 -6
-244 -387 -99 -674 -1087 -1132 -616 -1629 -783
-191 -233 -133 543 260 113 884 1119 656
19 -367 -719 551 425 196 365 -157 -383
-909 -1613 -1251 -785 -684 -618 -833 -677 -819
-405 -571 -896 -298 -245 -446 -211 -130 238
-368 -772 -376 169 -232 -183 818 471 815
-1252 -681 -964 -1092 -1143 -1068 -1196 -1653 -1741
237 178 -54 -301 81 -534 -48 -123 -499
-964 -453 -939 16 175 -66 1364 1735 1220
-1368 -1248 -2042 -884 -911 -1433 -787 -1265 -1255
1242 1348 1094 504 553 729 1560 1042 1606
1245 1466 1990 268 142 912 -561 -774 -402
-369 -442 -79 834 381 726 897 646 2172
-261 -323 -685 -360 3 -516 -277 171 -533
-251 -55 -398 -586 7 -699 -352 183 -632
-235 -111 -502 -277 -118 -465 -464 -673 -402
-1479 -1411 -1028 -449 -147 -50 1258 1505 1185
-239 -505 -467 -68 -705 -231 -410 -800 165
-400 -792 -336 -413 -858 -508 517 -298 -248
479 1535 771 -309 164 -650 -155 525 -598
389 540 -159 -306 -650 -1123 -1183 -1220 -1352
132 294 315 114 -389 -654 667 259 -122
647 141 -346 637 763 594 -252 -83 -83
-856 -793 -984 304 84 -473 463 129 -680
-732 -872 -896 -19 -62 -423 -256 -421 -391
117 -918 -13 353 -1107 -155 142 -1683 -33
1560 2015 1430 1039 1614 1433 2157 2257 2284
205 488 691 -443 -76 -404 -3 -112 58
1154 876 962 1152 962 1037 1603 805 1029
-1454 -1438 -1272 -932 -910 -579 -342 -983 279
-402 -95 -305 56 402 640 -313 -306 -255
-1083 -371 515 -976 -585 -80 -483 -88 100
562 62 -215 381 276 88 -223 -412 392
1131 2107 2538 890 1219 1463 1527 2166 2030
-303 -660 -522 -534 -660 -215 -600 -769 -559
-261 224 -56 -926 -369 -525 -499 -381 -434
677 24 86 675 170 375 800 -383 73
601 912 1523 -249 417 330 -581 -177 -376
1045 1037 669 493 706 156 -90 -51 -167
131 -198 27 -269 -97 144 -1004 -1210 -821
-471 252 493 -647 -299 261 -857 143 1441
42 158 4 -130 -106 -114 212 72 309
-123 38 -282 -180 -90 401 -1629 -511 -1036
263 1274 637 236 1303 1352 753 1915 2045
161 501 447 278 252 481 565 771 219
141 0 -83 984 1094 1107 1935 1923 1949
-183 -235 493 -810 -552 -356 -654 -45 -60
-1062 -1587 -1351 -254 -575 -354 -202 -648 149
1680 1837 2189 937 1221 1373 523 1231 1272
-97 -132 -706 -87 -2 -465 -164 -361 -666
-1041 -1196 -526 -743 -942 -379 -864 -441 177
-1765 -1220 -1366 -265 105 -178 -999 -301 -169
-85 349 224 -284 137 -28 -503 241 -463
-353 -970 -1152 -561 -150 -731 -417 -98 -432
-525 -909 -768 -204 -472 -897 459 147 -207
212 20 -784 -756 -434 -831 419 811 501
-548 -1054 -482 -429 -478 -375 -479 -594 92
-424 -557 203 -564 -255 318 -48 478 1284
-1983 -1833 -1654 -1431 -493 -642 -723 337 -89
-290 422 168 457 344 982 -781 -1396 -444
-352 -1024 -577 -678 -173 -352 -699 406 121
-1554 -1100 -1049 -78 331 385 1025 1788 1875
-1831 -1988 -1412 -1097 -1743 -820 700 -60 633
-201 240 1076 -866 -486 -35 -635 -1012 -561
14 -115 145 56 1004 896 218 1602 1536
-2007 -971 -405 -2334 -654 162 -1724 -299 383
524 68 1122 3 687 690 110 1675 1054
-1483 -1211 -758 -590 -447 107 -630 -339 -372
991 653 739 670 398 -228 736 -9 -795
388 375 373 488 110 -168 290 229 205
1164 1271 1258 1213 1134 1283 820 1446 612
-5 64 173 -33 325 359 478 1105 843
81 -784 699 -46 -693 1168 538 -262 1041
488 745 580 -112 773 668 -1953 -1123 -793
-1162 -885 -1792 -951 -850 -1177 -1506 -1425 -1644
860 -825 -1156 1133 -759 -1295 106 -1461 -1163
-820 -1188 -974 56 212 -389 1328 1148 228
1913 1205 707 1917 483 -442 1857 -254 -1406
354 1061 640 592 528 630 1320 910 750
-27 -623 -383 88 -589 -266 323 -769 -400
-384 261 -481 407 1343 602 -409 534 770
243 -34 -382 -1359 -1356 -1669 -647 -204 -1248
-610 -559 -665 -662 -1175 -1382 -145 -1239 -1405
1092 906 900 504 431 476 -689 -1045 241
-986 -861 -783 -511 -1183 -1018 598 -589 -1978
-286 269 395 320 1203 486 401 1138 545
-554 -813 -720 -1809 -2189 -1756 -878 -1060 -480
1040 452 282 544 -624 -903 169 -667 -1017
-895 -7 186 -1393 -1227 -872 -1582 -1223 -1263
-485 -1065 -74 -148 -411 592 -251 -34 282
-139 65 135 -341 -813 -349 551 -584 324
29 225 264 351 474 -19 -6 370 -395
567 502 -479 588 348 -1079 -45 -752 -1756
-310 530 303 -756 935 776 -617 924 -1279
1716 1392 1464 1137 1060 1259 1479 1978 714
1461 814 828 1346 794 620 -674 -510 622
617 446 1107 -544 -1050 -478 793 701 -214
-740 -566 54 -800 -587 57 -1115 -676 -96
-1339 -1008 573 -1700 -1332 324 -2180 -667 -185
-1383 -956 -1793 -650 -343 -760 -1009 -603 -779
-540 -1110 242 -870 -918 -157 -696 -814 -555
1332 1393 1220 1410 1533 281 621 1852 215
304 -196 331 211 734 483 -580 333 -478
-768 -907 -276 -479 98 -952 -547 502 -374
411 224 1348 41 -419 207 686 -387 535
-88 37 -111 -25 122 49 99 427 760
-21 337 140 -290 -321 -284 -472 -136 1124
105 -5 -13 245 -63 518 47 631 1255
-45 -106 765 -333 -231 696 -127 -185 727
-550 -1081 -848 -78 -1514 -285 410 -1065 358
15 152 -89 -53 -125 49 576 95 -302
-1082 -1098 -812 -807 -260 -254 244 1138 693
-182 -319 -215 -403 -392 -667 -264 -550 -953
49 130 -272 -157 -663 -450 -880 -1230 -1117
1635 2488 2415 756 1094 1553 376 1185 1569
-491 -161 -345 -1027 -842 -1204 -945 -1814 -1053
63 228 -172 -241 -429 -599 -664 -951 -652
1666 1176 -405 1784 1554 -56 1901 1069 337
-299 -403 -63 457 1109 344 223 1212 555
-723 -211 -1325 -338 -794 -448 -1140 -1902 -301
-1135 62 -334 -151 611 652 -271 -103 -63
233 62 590 1254 1437 1983 1140 2244 2761
1556 1557 1419 369 472 917 202 357 491
-760 -1380 -812 -584 -850 -598 -860 -837 -1400
1423 611 910 2206 837 1383 2694 1487 2135
576 438 -301 584 -84 -209 -636 -748 -710
2376 1664 2233 709 -236 113 -1307 -1172 -1298
-1283 -1127 -641 -811 -19 -419 -162 887 84
1684 1468 2506 1045 1354 1912 2122 2266 2944
737 461 604 1333 572 353 1455 1061 638
-951 -471 -399 -164 577 388 -594 125 26
163 -581 689 805 1198 996 70 1437 1069
-1455 -1125 -1207 -1022 -667 45 -817 462 -16
2469 2502 2488 1312 482 1674 1249 470 2046
-1563 -1504 -1096 -885 -1217 -1215 -552 -808 -602
1286 -146 -426 1793 526 848 1220 7 1007
-1055 -986 -893 711 599 690 26 -5 610
-81 -238 -232 -340 -393 -700 -80 -121 -522
-1479 -992 -1640 -1458 -1038 -1670 -2045 -1875 -2170
-782 -760 -357 -22 -169 -18 395 342 -259
1146 496 122 300 -3 418 545 939 1037
1249 1128 708 1533 1256 1275 1015 1299 401
608 851 760 308 430 625 919 1170 1297
-878 -1084 -1254 35 -205 -351 -85 -52 -134
623 846 686 -234 23 84 554 468 256
596 990 991 132 105 512 119 665 706
-744 149 665 -147 108 441 188 392 168
934 1733 2784 1503 1742 2142 1217 2256 1474
-1366 -629 -673 -1306 -707 -1365 -537 99 -1026
-1560 -2110 -1390 -1364 -2009 -1615 -1343 -2007 -1801
-203 -1173 -673 -158 -768 -223 599 468 760
-312 -412 -694 -1060 -311 -993 -1200 -196 -1004
220 -96 -196 -58 -175 -335 -468 -1129 -506
-958 -2174 -424 -2064 -3037 -1975 -1375 -2055 -1600
-698 -196 -545 -191 411 -245 -560 -368 -1106
-343 -470 -88 -1302 -1424 -1168 -1404 -1551 -1390
89 -104 501 481 166 1012 728 785 760
-414 -666 20 -372 -189 213 -609 154 -197
-1507 -1294 -979 -803 -497 -1128 -1288 -1334 -1797
-267 317 19 -195 -62 -385 -103 -183 -666
-112 -1046 -782 176 -218 217 46 -161 475
-738 -1151 -412 -891 -1270 -1796 -1121 -1047 -1975
-310 -473 -131 58 -106 295 181 275 600
584 667 599 1298 1206 1463 1209 981 1108
1818 1130 1734 1234 362 1017 1148 943 1139
1412 1799 1608 1310 2301 1387 44 1582 -490
166 -909 -707 1147 82 670 1253 258 852
-1022 -1258 -1454 -1704 -2051 -1625 -1705 -2128 -1894
-578 -514 -676 -1372 -1320 -1437 -205 -298 -600
1239 1696 1472 2179 1961 2378 2713 2456 2402
-243 -571 141 -167 -568 409 -294 -490 -29
-1133 -1136 -477 -492 118 -434 -195 -533 -195
2418 2890 1736 1814 1387 974 1423 1741 1567
-627 -682 -799 -84 476 -385 310 243 180
413 326 -340 -413 -702 -653 -788 -1085 -884
-1111 -555 -1666 -1783 -1196 -2189 -1563 -1127 -1525
-678 -512 -205 3 733 314 1083 1422 1008
-836 -2180 -1877 1142 568 148 569 270 333
62 433 447 27 127 93 457 88 -73
-1172 -1285 -1984 -1369 -1501 -1848 -1039 -942 -1375
-1524 -1173 -1150 -1182 -808 -1056 -760 -828 -1168
835 -188 -1628 62 -613 -1052 -150 -213 -754
-754 -268 -863 636 1152 222 1143 1342 599
734 664 329 -209 485 1029 -477 565 1278
-1344 10 -733 -1584 -840 -891 -2599 -2369 -2309
-855 -956 -185 691 139 580 912 721 692
-187 -529 -916 319 -251 -954 792 259 -180
-1606 -1308 -1149 -284 -187 -27 -689 -260 -253
665 605 936 114 -25 253 -1170 -1077 -1283
71 -325 -605 -596 -1036 -725 -1031 -1359 -908
-849 -1312 -1224 -1139 -1065 -1052 -1215 -854 -1057
-1172 -577 -1419 38 848 65 1137 1352 1497
-656 -129 -428 -194 -260 -222 -132 -453 -369
267 121 -159 53 -276 -453 -130 -581 -492
-331 99 -44 -80 182 408 -194 304 -65
-35 639 -91 -933 -767 -1487 -1171 -1007 -1507
-1151 -1041 -1368 -382 -463 -658 758 758 784
-1029 -835 -1474 -1044 -1091 -874 -207 -277 -156
1286 915 868 398 -144 -226 325 281 59
-1398 -1063 -1420 -1125 -486 -584 -607 -330 -193
310 -281 -169 234 -123 85 -399 -303 -42
-621 -659 -1116 -587 -881 -1404 -724 -1192 -1905
-630 -841 -448 -468 -788 -423 -422 -273 -346
-353 -253 -567 -47 115 179 -210 65 -149
1 101 -180 -1125 -668 -932 -1684 -1100 -1504
-467 128 288 -513 -189 50 599 1072 866
496 313 -254 860 337 3 274 -361 -412
-924 -540 -720 -397 -450 -229 -578 -593 -620
2749 2470 2325 1052 1118 833 501 241 29
-464 -387 -70 25 116 273 -159 124 64
-635 -274 -686 -668 -960 -1636 -287 -507 -1374
-526 -992 -1072 -249 -380 -502 -67 -284 -312
-298 -289 -119 -65 257 410 144 521 384
-886 -552 -499 -172 32 -149 603 616 168
305 165 104 652 368 536 338 565 434
224 -151 114 -1250 -753 -1116 -639 -384 -845
522 832 593 1569 971 1261 1839 1468 1198
625 -35 99 -426 -594 -519 289 541 407
1830 1303 1713 1384 822 1307 1149 585 942
-157 -420 -295 431 454 245 170 163 -14
-51 28 -216 1980 1172 1408 1722 898 1002
-309 -194 -287 -248 161 -103 -113 259 -110
1448 1679 1117 1010 1224 447 882 774 244
741 381 -257 242 -72 -169 -801 -481 -248
-131 -230 -520 -329 -179 -708 329 53 -80
103 128 -166 582 575 539 557 99 399
-383 361 496 -16 226 251 965 1505 1513
-234 155 -236 -257 217 -68 -56 -35 -767
44 121 77 -892 -582 -814 -1150 -919 -898
-762 -719 -1126 -592 -572 -923 -268 25 -126
678 570 127 1046 512 1084 1418 1465 1360
42 485 353 503 549 675 857 531 427
-376 -481 -144 305 101 580 50 32 465
309 450 219 664 -20 178 321 145 -102
-1507 -991 -1294 -1420 -940 -1015 -1034 -1021 -862
-949 -452 228 403 604 362 819 694 1071
1558 1935 1684 2312 1431 1471 2171 1651 1807
-766 -167 -763 -152 -34 71 -531 -644 -586
67 521 -88 -734 -367 180 -739 -248 -87
-50 170 -117 -523 -350 -68 -494 -215 -161
-375 62 -728 864 570 340 719 490 375
-1555 -707 -672 1317 1897 2403 1521 1358 2101
-180 207 -127 -446 -48 -231 -258 -484 -753
476 -58 227 -615 -908 -815 -69 199 112
583 1189 1157 863 223 690 673 446 658
-283 353 806 -763 -455 -300 -1027 -1019 -1350
698 1582 1151 -751 287 -191 -735 -368 -845
639 489 238 67 249 617 -226 209 131
-335 218 -229 -352 81 94 -304 -265 -304
311 163 -81 215 523 9 44 177 -15
831 1001 361 45 536 690 423 507 839
1642 3030 2332 45 579 140 -2267 -1969 -2734
-164 -44 -105 -495 -352 -93 -224 -105 223
-227 100 -257 -720 -318 -696 -1430 -880 -722
-796 -283 -299 -1065 -856 -1397 -938 -1249 -1372
-26 81 -127 -306 -1 192 667 775 912
-105 171 252 811 858 1375 997 879 1213
221 11 -665 -293 124 100 1263 753 1103
-987 -971 -392 -1071 -1000 -697 -443 -221 -432
-1003 -901 -1293 -1855 -1537 -748 949 931 1465
-343 -18 -328 -1126 172 -854 -984 -356 -531
-224 -464 -236 -45 -183 -348 -169 -251 -1381
922 807 525 953 311 95 68 -197 -380
585 1180 982 320 331 -1 -243 -159 -53
1231 1206 1167 747 881 1266 -222 -509 133
102 126 -731 930 703 461 2078 1121 1462
-587 -331 -741 -1013 -1271 -1813 -738 -1038 -1029
1323 1942 1652 1752 986 867 560 -540 -240
-360 -201 -87 -466 -682 -682 1011 1208 757
158 656 522 879 798 1146 816 677 964
530 304 481 1115 -48 729 793 517 467
249 500 130 -307 -505 -635 -562 -1050 -968
-1275 -572 -810 -2375 -2034 -2063 -1837 -1891 -1013
-479 -388 -900 -22 34 -29 378 824 287
252 408 1031 -115 23 801 -158 -165 -231
-1401 -1144 -1149 358 841 702 301 833 804
-729 252 332 -164 1124 1187 565 840 873
-718 -787 -1276 2347 1675 1278 1096 1870 705
-1177 -816 -1000 280 204 172 968 815 473
1199 1572 1449 2531 2370 3069 2549 2338 3328
797 603 638 -207 396 172 -243 -130 -206
1028 482 853 158 -864 -405 587 -251 55
1329 1085 1371 284 41 510 -826 -470 -177
-258 -452 -475 -91 -454 -861 -1365 -1164 -1425
1378 1483 844 429 -78 -49 -630 -1652 -762
-97 -13 389 -236 669 -43 -459 533 -247
-611 227 -374 -644 6 -325 -1174 -1228 -1499
888 382 642 1443 1051 1055 -468 348 840
-129 91 -1401 -15 -403 -1357 526 304 -363
265 734 173 1432 1928 2207 361 809 1431
288 -1128 -1322 -268 -782 -1239 79 46 -43
-172 97 42 797 1074 770 1085 901 427
983 632 920 572 -180 346 -496 -320 -421
-1012 -1230 -1065 -599 -252 -779 615 502 286
290 120 645 -1407 -1304 -1137 -1020 -210 -765
749 216 173 696 -316 112 95 -768 -568
-802 -1348 -959 -366 -687 -79 -959 -1470 -772
-1010 -384 -803 50 228 -297 802 1068 789
-655 737 166 198 969 150 -43 213 507
831 407 959 431 96 445 928 780 940
-817 -970 -753 -998 -670 -541 -928 -901 -690
-953 -37 -611 -915 -694 -598 -1306 -1714 -1153
-120 -173 -49 945 537 979 1341 1092 867
-122 -8 -67 79 23 -65 -126 -218 59
-32 7 606 -605 -261 -78 -719 -893 -513
-1069 -1133 -1355 -70 -419 -232 171 -22 666
-145 563 554 -1239 -1145 -514 -1685 -1944 -1770
-881 -991 -769 -1463 -808 -883 -814 -751 -528
-134 -466 -469 -377 -256 -284 -526 -801 -352
1338 1257 1294 509 666 46 -685 -242 490
329 -82 -280 431 -12 -623 735 121 -419
377 451 -267 -239 36 -399 -455 271 1162
-1352 -848 -104 -175 198 643 1993 1999 1735
-1061 -197 -233 -887 -560 -534 -1876 -2485 -2148
-313 297 685 70 394 896 -471 554 665
-378 -892 -796 -680 -795 -836 359 -89 176
1322 1507 1505 1360 966 929 382 -79 -121
-522 -383 -389 -268 -467 -177 6 -224 -40
546 370 702 233 -389 48 189 -812 58
361 260 403 -546 -280 -677 -129 -178 -205
-589 471 577 476 1055 1036 1293 1675 1230
327 -81 220 402 134 187 -249 -608 -799
-249 -130 -473 94 -62 -350 310 212 -266
1018 1266 1500 1689 1322 1802 2659 2040 2838
225 -373 -393 -1134 -1452 -860 -1001 -1570 -1174
613 613 545 154 532 346 464 848 1294
235 259 447 166 -307 106 -378 -899 -228
237 -307 -243 -746 -681 -806 -363 -216 -407
22 -423 -155 450 378 4 -268 -217 -711
-966 11 13 -617 -578 -339 -600 -790 -876
-746 -907 -754 -819 -467 -640 -614 -281 -559
-710 -1114 -1442 -165 348 -301 268 675 327
1431 1296 1201 1118 1086 1401 337 190 604
668 325 -245 552 230 -250 602 844 607
854 426 720 430 242 427 -511 -241 -782
-1251 -957 -1003 -386 -453 -717 452 222 -3
1393 2017 1162 1183 1127 876 2208 1106 1030
-156 58 -216 378 477 507 917 1336 1122
-98 -523 -79 -540 -881 -413 -537 -639 -436
-406 -24 331 -227 255 534 121 676 707
628 188 -312 845 268 596 1408 910 1296
-683 -1460 -802 -29 -227 -404 -154 -177 -557
-1115 -1150 -1104 -920 -1073 -1060 231 -309 -122
402 104 419 -531 -1112 -572 -1575 -1179 -1084
-116 -594 -618 321 193 -264 75 -5 112
-404 -1037 -553 -918 -1325 -1185 -526 -245 -345
-1147 -485 -596 -157 196 393 690 1010 900
-334 -202 -159 -167 128 25 -474 -161 -238
147 87 -296 -349 -186 -516 109 428 -58
-118 -152 132 -635 -532 -208 -743 -483 -523
128 -496 -738 -93 -289 -223 -52 -71 78
577 945 1159 281 149 273 404 405 -457
357 378 454 -29 -355 -433 67 -16 -309
-843 -1378 -1305 -273 -930 -1070 -546 -1204 -1184
-682 -528 -115 -631 -638 -675 657 783 784
125 125 110 703 651 1002 1186 414 656
-94 -104 134 -109 -60 -226 -358 66 361
1545 1893 1976 1485 1849 2049 179 606 666
254 -60 -132 -894 -1170 -586 -857 -913 -731
-1540 -942 -1310 -769 -735 -962 -274 -343 -134
-1190 -991 -990 -1324 -797 -851 -971 -376 -684
-244 362 285 372 314 715 1368 1335 1516
-248 -541 174 109 -314 105 702 19 772
-127 -442 -178 -1164 -1406 -957 -440 -130 220
-135 -253 -182 803 950 444 1412 1457 1336
572 483 334 97 659 469 -279 574 118
979 682 573 690 383 111 -1132 -956 -1163
-277 -479 -607 -630 -825 -634 -436 -664 -358
-801 -820 -573 -1325 -1170 -1028 -443 -192 -250
-1265 -1400 -1696 -109 -366 -405 1278 1010 1063
-298 497 573 -744 -376 -138 127 -548 -101
-643 -800 -918 -23 -535 -455 -669 -1101 -1068
-683 -633 -183 -77 -319 -322 903 1125 531
1119 903 -271 666 46 -806 -382 -844 -951
69 270 194 220 562 303 -181 190 285
310 534 1274 -68 92 1122 -95 278 915
-382 92 -232 -516 -548 -628 -605 -986 -887
-133 -405 -206 161 268 21 430 493 263
751 86 387 -403 -946 -1121 238 264 -5
747 193 576 714 218 646 300 137 201
643 975 1435 68 478 883 -799 -568 -65
494 -30 -484 55 137 -181 -450 -47 -138
-594 -693 -245 -1674 -1454 -917 -1814 -1847 -1467
946 744 960 411 41 -144 -342 -785 -1363
859 246 509 44 -133 -350 760 447 350
646 296 281 253 -46 -82 508 364 304
-127 210 -32 1174 1433 1238 1207 1548 940
-555 -674 -663 -70 162 70 813 682 224
167 209 -207 521 -282 -176 -607 -1222 -1330
-255 365 -190 440 797 634 789 1546 1238
240 -51 266 770 420 834 1350 980 1073
-597 -111 -345 -1617 -942 -1786 -909 -427 -973
-592 -839 -922 99 255 22 502 745 728
-874 -935 -1239 304 -396 -311 1089 1372 1114
543 314 25 -48 33 -247 -79 -185 -139
-672 -872 -696 -521 -264 -547 -118 296 365
747 999 1379 1015 828 1376 -56 -301 29
42 -86 -98 -685 -439 -294 118 44 464
266 617 210 -70 -595 -717 240 -201 -456
580 388 238 548 493 -13 413 455 -180
1252 454 988 1214 682 992 1942 1510 1672
-623 -438 -109 -201 10 -30 -129 379 9
165 -33 108 -480 -201 -502 -126 19 -531
-278 -828 -356 -795 -1825 -1551 -380 -1130 -1218
736 775 487 591 166 -286 159 111 107
-37 262 606 791 1001 1063 384 785 227
460 354 124 488 519 231 -197 -28 -228
-1013 -105 -46 -1558 -709 -1013 -1167 -958 -1328
-336 -822 -260 322 84 689 340 321 698
-1231 -1519 -333 -882 -490 -57 35 1053 975
20 114 -15 -601 -499 -819 261 376 -58
-808 -882 -783 -336 -289 -258 -611 -766 -861
1206 852 1315 217 266 19 -775 -876 -890
319 469 313 -128 -450 -283 -455 -760 -848
-341 -468 -945 264 -240 -263 84 284 440
-550 263 405 -439 356 701 -1503 -275 119
-222 -297 -428 -46 111 70 -25 -202 207
491 1214 1195 -63 134 -81 -402 -733 -1074
-776 -584 -346 -307 -320 -91 -363 -64 -334
1177 1135 1092 1209 802 789 690 103 534
62 120 -226 188 335 -355 -463 -411 -617
1367 791 261 1063 389 -71 1084 197 -135
1036 858 1054 274 -144 190 -306 -571 167
-1231 -714 -863 -1001 -787 -635 100 107 549
-1277 -1532 -1508 -1610 -1758 -1773 -600 -655 -825
37 150 301 70 100 -145 334 628 399
103 298 672 103 -440 736 511 70 431
524 301 249 255 39 -165 358 -365 -457
503 182 -51 612 309 15 640 639 752
-1048 -579 -506 -48 478 -149 457 875 760
565 721 461 -497 -95 -572 725 357 688
452 479 261 -72 -29 -793 -496 -519 -541
-156 -139 -232 -293 -85 -295 78 17 2
-998 -1016 -1043 4 232 540 434 181 499
-1305 -1118 -1233 277 61 -644 80 -294 -577
-441 -885 -846 -284 -487 -527 -105 -369 -475
-239 -282 -553 574 1381 580 1608 1483 1346
-953 -636 322 -1153 -531 1003 -893 131 989
405 203 218 -698 -1040 -1309 -756 -993 -1147
994 1187 1146 1104 1196 1329 346 530 601
-446 -914 -982 -160 -938 -1126 -71 -581 -568
-74 -134 -240 87 -137 -117 -177 -229 -512
-401 69 -635 -397 191 -250 431 550 426
1443 1379 964 670 1316 1238 1608 1899 1685
-955 -862 -1259 -1232 -1048 -1133 -1482 -1589 -1745
328 563 866 70 -404 -333 -983 -1238 -843
-795 -180 -415 -1321 3 -327 -1053 -152 -357
-646 -520 -767 -842 -935 -428 -338 -925 -273
-1083 -449 -914 341 221 477 645 1054 1114
772 768 357 -250 -242 -645 -898 -207 -507
-150 -173 476 -531 58 390 -670 -198 -142
-1973 -2020 -2034 -1410 -1291 -1227 -1718 -1426 -1497
-43 646 0 -758 -29 -624 -872 -437 -494
-2176 -2280 -2314 -882 -1030 -820 24 -410 -454
295 613 -163 633 670 -123 126 110 -526
965 1104 691 546 545 -136 209 -68 -294
3161 3305 2711 2360 1283 983 977 578 844
-118 -463 -897 -247 146 -932 -1285 -1038 -1856
115 864 129 196 108 42 297 640 385
-1306 -598 -587 -916 -215 -261 -66 -437 -136
-428 -364 -641 -128 19 -898 -856 -1291 -2249
1464 954 39 1014 598 367 -125 234 -485
743 662 857 35 -915 -44 -320 -622 -379
552 1023 1108 777 566 372 992 -240 -599
874 1186 1484 529 1185 606 -420 -92 -203
-306 -995 -284 -315 -405 407 -115 181 26
-437 1602 1918 -155 804 1410 -29 809 1302
-524 -855 -517 -291 -24 -858 -261 -184 -785
1140 1927 256 -997 -261 -886 -2251 -1383 -483
-643 51 -456 -896 -602 -859 -758 -603 -941
-184 1305 -431 -502 869 152 -671 42 -649
-2114 -2977 -3080 538 -170 448 2414 1340 1471
1204 508 248 -301 -417 -199 -978 -1118 -411
-1610 -1177 -1301 -2600 -1472 -2101 -2199 -2007 -2122
-418 236 -306 166 383 421 465 1018 238
494 158 -53 288 -501 -721 259 -69 -501
-1113 -1387 -774 632 457 854 1290 834 1129
455 -240 149 -914 -698 -744 -1561 -1106 -1538
-764 -343 381 -1191 -891 327 -690 -319 70
130 -767 709 764 775 1828 -395 540 1553
1115 763 650 864 803 513 731 435 178
-1340 -763 -1015 -1219 -1027 -1138 -689 -1383 -1220
1372 883 -94 667 518 -1207 42 -434 -2279
874 644 810 -936 -229 -894 -1341 -448 -1183
261 -402 -56 826 644 797 11 492 215
15 278 140 -294 -280 -128 -490 -533 -321
-160 -813 -678 -213 -153 -155 -79 24 294
873 -250 739 1414 207 718 88 -1 -203
-1422 -1464 -1191 -353 -395 -113 -395 -439 177
152 -86 -60 -684 102 -681 -980 -1007 -1467
2022 2156 1816 627 317 -327 -9 -1411 -988
606 1250 1115 1111 629 795 1445 607 1230
-473 -677 -716 -1279 -972 -774 -1312 -1590 -1482
-84 422 17 715 824 1052 1102 626 861
894 854 886 590 391 863 2116 2072 1915
-76 -417 -1789 89 -857 -1024 -7 -728 -965
-946 -1705 -787 -839 -916 -572 818 635 738
-805 -214 -472 -543 -766 -668 574 694 834
-999 -22 763 -400 128 -26 413 261 54
1143 453 944 -878 -1893 -1481 413 1022 -55
292 596 831 367 327 811 361 744 602
1270 754 -1091 1547 845 276 1227 467 -135
343 295 234 -247 -105 751 -564 -609 238
618 551 -1801 823 628 -1295 267 -302 -1653
547 874 1439 -508 -1331 -602 -782 -1325 -1571
-1215 -694 283 -925 -885 6 -1795 -1768 -835
-360 7 -127 -240 -498 -239 616 -78 408
-621 -1762 -145 1158 -425 1195 1164 447 842
950 1014 1525 -470 243 109 -1740 -1176 -926
676 612 67 729 -19 -375 703 223 119
-2068 -1700 -1037 -1431 -1398 -944 363 148 648
601 -774 -437 -56 -445 -401 296 -53 -30
-803 -1050 -1270 -966 -1310 -1772 43 -270 -497
298 -20 1226 547 984 1580 -363 207 598
-525 -723 -1220 286 12 -110 1495 1918 2171
-1425 -1391 -1398 -847 -1114 -1271 1937 2365 1575
718 154 222 -408 -225 -779 -1488 -1875 -1479
266 158 -514 1207 1214 794 2484 2179 2343
-922 -2122 -2134 534 -629 -623 1491 941 1209
558 723 470 -2124 -1232 -1699 -1821 -632 -1541
-251 -498 -716 -36 532 157 513 890 1098
-743 -899 -1138 -447 -1160 -1007 1697 1570 1522
2520 1748 1673 704 266 359 -634 -312 -844
-724 -1116 -521 -361 -166 91 -712 -264 -27
1360 1037 1377 1941 914 2094 -618 -1109 -1029
-806 -145 -736 -1917 -1778 -1797 -986 -659 -306
-1533 -1168 -1109 -796 -506 -552 123 -138 -383
2148 2137 1438 2534 2115 963 2144 2279 476
356 416 1456 1864 1158 1855 2375 2894 2444
-245 -682 564 635 59 551 -814 -1663 -751
-652 -788 -868 -229 -85 -876 580 653 -350
-655 -356 474 -845 -2025 -1590 -175 -1458 -1231
1274 1267 1246 -901 35 1111 -407 398 1306
-559 -881 -751 -259 354 -62 726 2024 1234
-238 814 332 1011 1668 974 311 251 -78
-785 217 135 -1044 -456 -28 -314 -771 -181
345 -636 341 89 135 601 -918 -486 -398
-1859 -1282 -1309 -1486 -494 -825 -1696 292 165
1978 1868 2037 953 1151 396 -1588 -1568 -2406
-647 -1217 -772 322 -246 379 206 209 228
1211 838 1738 -884 -745 -586 -2211 -1554 -1533
54 -306 18 1228 871 876 1370 46 436
-925 -1011 -511 -717 -463 -239 858 1326 1294
50 849 746 -598 559 637 -728 351 691
-101 -101 -516 1315 1256 1009 1495 1319 1220
2790 4040 3774 291 -211 0 -769 -1629 -2231
-692 -764 -645 135 -859 -600 1836 1163 824
322 -181 47 235 -449 -557 471 -998 -460
-1049 -476 -1202 -329 -586 -564 1182 558 1056
1023 94 1180 983 -303 -340 -469 -1123 -756
2251 1614 1853 3 99 -714 -1530 -1296 -1545
-1555 -1478 -591 -1073 -653 -801 -224 -114 164
-2501 -3232 -2438 -1551 -1653 -1677 498 -86 145
-137 123 -25 -1184 -667 -231 -521 -357 -85
601 902 595 -30 -680 -654 638 -263 -642
1276 1156 1313 294 -321 -460 -216 -1188 -978
-445 -359 -252 -952 -707 -437 125 -348 568
516 411 1335 -529 -106 912 1925 1640 2818
-155 -124 -307 -421 -349 -274 466 230 1241
1271 769 879 265 -550 -50 701 771 563
936 471 339 -812 -1375 -686 -832 -1304 -1045
-852 -198 -794 -723 -245 -619 -414 -685 152
-2422 -2758 -1744 -585 -864 -1008 1332 332 -142
-1090 -1471 -1212 -1241 -865 -1284 -2284 -1419 -1999
-384 396 473 186 693 617 1651 836 1578
-1912 -2410 -1625 -841 -389 709 54 322 1329
1347 1057 1305 -31 568 -376 73 1065 405
899 522 1320 220 236 2146 -20 -127 1100
-448 -1351 -1179 707 101 -140 141 583 -361
48 719 871 441 10 600 355 322 1022
-894 -330 -905 -447 291 -314 731 638 1241
-753 615 4002 190 769 1778 -133 -48 -288
-1921 -333 2241 -197 -410 -167 -853 47 1052
-321 -1017 18 1048 -281 -167 1873 596 -1221
-3406 -669 1391 -1993 -602 66 -353 -270 -771
38 -215 -791 -463 -231 -137 -779 -102 -217
111 83 -768 730 66 -1268 -441 -408 388
60 -129 -269 234 594 861 -35 1147 128
-249 -440 -1222 -642 -678 -1111 -667 -708 -1103
2423 934 -863 -175 -118 447 -1967 -912 3238
286 -185 -1492 -698 203 -175 -435 -503 -785
511 1438 77 -357 1828 376 632 1976 -25
-693 -279 -532 425 1641 -341 -787 838 -143
1418 -672 -1967 555 -538 -430 -256 308 733
-187 491 1609 -305 5 210 -1037 -1212 -161
1151 523 -1193 -1050 968 1862 -2829 836 3378
1521 -182 -1616 2647 862 -1280 2489 1391 -1284
651 -707 -868 74 -980 -83 -96 -676 -1472
2033 292 -2057 1207 -578 -2695 1761 -763 -2765
-103 -399 -605 -848 -969 -713 -1351 -438 -495
912 -493 -1927 -541 -561 -827 -1432 -1046 272
-639 -335 -1161 537 149 -1941 1137 1080 -439
-1349 -60 2318 -1730 230 2743 -1155 -149 1670
-549 -1011 -32 -309 -601 196 -478 -445 -573
-992 698 3036 -2440 -1685 -220 -1743 -1564 -3005
-405 -121 -249 -409 229 590 -345 -382 1837
298 -243 319 1465 -1709 -171 847 -2149 -2458
19 -776 -1270 151 -1059 -1424 -299 -1666 -865
-1502 -795 -409 -1661 -1256 -867 -61 -385 -1395
25 445 501 -617 -804 -592 -258 -380 -279
1433 -121 -380 2323 877 543 1199 1221 1209
460 -127 -654 327 -70 834 438 -143 651
-1590 -576 1896 -2773 -1068 2032 -2433 -1002 1855
1001 709 206 2188 1330 -71 925 527 462
628 1277 819 357 1328 292 -1309 791 -54
597 -956 -1289 22 -641 -786 -887 -1310 -772
3083 699 -2553 2231 1190 -2052 588 413 -749
-310 -121 -716 1237 1741 -382 1972 1839 -192
533 532 169 272 -400 -505 -919 -596 -2075
-1869 1394 1238 -1626 628 1955 -581 590 1705
-3340 -1130 957 -1758 663 1637 -1057 1379 1818
974 570 -724 1589 -311 -1912 2346 -121 -2971
-692 -994 -397 -2529 -673 775 -2617 -1041 1370
1190 604 -1702 566 -35 -2042 -349 120 -934
-459 -425 -961 -377 -638 -1151 -178 -335 -1048
69 367 -737 1244 -154 -1969 -306 464 526
-470 -282 1099 -609 335 923 -1363 57 1581
-978 -694 189 -456 -55 1160 610 91 509
-446 -1338 -789 -1197 -908 582 -2333 -1073 408
-496 964 2502 499 -395 369 796 -64 -1818
-41 -384 -318 -327 509 -101 -672 1362 1920
-932 -620 354 -2156 -528 2279 -3267 -660 2200
467 303 567 -162 261 -334 -45 68 -1351
-22 184 -981 448 286 -1600 616 -260 -1322
448 -909 -1061 361 117 626 -319 507 1050
-2064 -418 2078 -2650 -722 1252 -2607 151 1645
2759 1658 -1062 667 821 467 -2275 728 139
1399 -886 -1677 -619 -1377 -1295 55 -1337 82
-1005 -1200 -768 -615 -408 -906 -282 1291 -540
1122 456 -1242 2104 1580 468 3324 3285 609
-196 11 130 1168 840 -21 176 224 -227
-921 -232 382 1000 889 1215 1678 2385 79
2418 918 -2121 2596 755 -1774 2941 -714 -2674
3327 2233 -345 3193 1259 -1878 3375 1724 -2696
1111 -79 503 1013 777 523 -901 1262 1632
-1443 -721 -794 -584 169 106 -613 22 188
277 646 943 -477 -217 466 113 511 643
460 -88 -106 511 678 952 521 582 910
-1188 -1546 -1589 -1289 -1591 -1636 -1767 -1385 -933
237 431 181 36 795 258 -13 503 295
-126 459 -225 -232 -126 -649 664 308 199
-367 -943 -852 490 -63 -285 876 223 641
154 271 62 1226 1191 1066 1064 1072 941
1111 388 525 -130 341 160 -749 -150 -233
295 145 172 126 -434 -347 -287 -529 -482
35 533 251 -347 -420 75 -962 -634 -635
818 1568 1160 -655 -183 -303 -684 27 -255
-780 -313 -607 -1825 -1148 -1530 -1268 -818 -610
-133 -335 -977 -867 -639 -1076 -550 -13 -180
181 -129 -359 -226 -369 -760 -932 -1095 -1422
-491 -1174 -805 -32 -1047 -699 -34 -730 -547
-1371 -538 -1317 -814 -553 -752 -554 -101 93
1063 814 1723 656 475 1060 183 423 123
220 915 523 -557 -343 -135 -143 373 562
-710 -566 -759 -180 -744 -540 -611 -1025 -642
-469 -637 -1083 603 60 4 -250 -453 -294
-773 -93 -286 -74 396 917 2021 2327 2839
1349 868 1341 835 465 780 696 411 527
-570 398 394 10 585 694 205 267 320
-1074 -933 -1022 -541 -471 -451 -365 -1015 -823
-773 -1062 -950 -1368 -1261 -876 -599 -429 -229
-707 -428 115 -687 -575 -251 -313 88 -93
-491 -431 -434 52 120 228 640 1032 1089
576 401 528 -1007 -953 -549 -871 -217 -843
262 539 650 1543 1141 1384 1483 1609 1809
243 -213 -483 65 -531 -603 420 330 282
277 293 -233 192 100 -71 -247 1 -93
-494 -178 -709 -124 -414 -276 74 -385 -586
612 733 750 115 -199 62 -410 -1175 -732
674 313 901 643 463 711 455 967 643
167 229 816 58 341 269 810 1249 1003
1271 468 -349 1066 111 -270 -716 -1172 -1199
-472 -816 -622 -143 -594 -388 -208 -495 -280
-730 -1225 -1373 -140 -627 -642 -461 -553 -269
275 661 608 1044 943 1209 1533 1583 1732
392 -24 81 -553 -832 -628 -1094 -1313 -1420
620 989 982 -284 -30 -353 -802 -826 -1823
-375 -121 -749 76 -270 -791 117 -38 -780
-205 -49 -727 2666 1668 2563 3193 2309 2717
225 -62 488 469 537 845 1331 1842 1626
-413 -523 -762 -125 -251 -311 327 265 -384
147 247 43 318 -74 88 -396 -429 -474
-49 115 660 -796 -458 398 -1625 -1059 -635
-307 29 365 1237 1938 1752 1326 1925 1674
-805 -290 -585 711 160 698 962 898 1067
-383 -253 -167 241 95 -612 -435 -630 -1242
-278 161 -67 -224 46 469 592 847 1038
411 690 579 -7 363 21 -902 -493 -762
270 475 536 1687 1520 2222 1599 1423 1966
-1893 -976 -699 781 2319 1665 1663 1469 1988
329 294 185 715 679 495 279 320 54
-889 -804 -846 -1084 -1573 -1552 -702 -793 -1092
-746 -504 -774 917 811 864 971 699 998
-261 -308 -58 450 152 62 -142 -95 -563
800 1422 1115 -258 428 -220 -922 -494 -980
209 470 321 68 393 238 -142 -60 95
-864 -761 -858 -608 -403 305 -902 -666 140
189 336 190 377 397 105 219 275 46
712 166 2 -757 -644 -325 -1081 -867 -1041
1077 1378 1300 290 579 531 -382 -107 -26
-1187 -268 -1074 -1893 -1814 -2059 -908 -1365 -1413
2431 2512 2439 1535 1287 856 191 -50 520
744 571 33 870 -393 -692 -853 -604 -631
1444 1020 2114 966 250 1562 -2506 -1591 -1153
337 460 -620 -1689 -1536 -2128 -1194 -871 -1243
-1222 -897 -452 704 563 770 2831 2036 1154
-160 -753 -974 921 1408 1642 1298 1444 1321
-3110 -2953 -2977 -456 -763 -167 686 1565 1928
1004 2463 3123 1085 852 2901 1830 2414 3518
403 597 1096 1221 384 1844 1424 1585 1057
-1167 -80 -302 -1255 -635 -528 -1485 -907 -486
-51 352 52 786 -152 47 1864 164 469
-1087 -839 -1476 -1086 -726 -1801 -416 -214 -796
2140 1658 2696 508 651 468 -751 -1595 -1866
463 638 390 181 362 -72 854 79 -320
-2241 -2188 -2949 -970 -882 -1362 113 -474 -955
1757 176 90 1564 -38 1008 1506 1466 2158
-161 -294 160 -140 548 221 282 724 -244
-751 -1032 171 -709 -1188 -197 -234 -563 -365
1855 1571 2431 3176 2761 3457 1385 872 866
-763 44 -1668 -1208 -120 -539 -473 -99 586
-875 -104 -1302 -2063 -1125 -1456 -1030 -1123 -1239
-1329 -1427 -1953 910 371 261 1097 911 1977
526 7 293 372 592 790 -236 169 691
794 -122 -1577 615 -617 -1509 -374 -1479 -1681
-218 -912 -570 -71 -376 -229 460 -440 -69
-1580 -1137 -1279 -1379 -680 -1020 -885 -596 -1018
-62 -214 -393 217 552 962 -520 1031 1173
384 75 -582 613 -13 171 408 88 431
-1178 -1069 -613 -754 -350 -862 -66 -1027 -565
-786 -647 -526 -735 -254 154 -285 -1 18
153 1170 1302 -756 220 -73 -1445 -1208 -1207
-302 410 -318 -464 -719 -564 -487 -550 -210
-1235 -546 -843 -793 -593 -786 -107 255 -221
-216 -97 949 -1927 -1741 -785 218 488 728
109 -744 -253 1522 605 348 1872 803 149
-2544 -1901 -2027 -1532 -1621 -1840 531 -278 -162
-143 105 -712 -973 -1469 -986 -791 -996 -820
-1565 -399 -773 -851 -794 408 1232 1210 910
-2300 -1282 -1774 -1215 -400 -66 154 621 -154
1757 1597 2527 1122 872 1448 -1194 -688 -1478
-1255 -1048 -672 -1038 -489 -238 909 495 704
-3539 -2778 -3999 485 -667 94 2519 1954 2804
3556 2686 3457 526 18 -43 -407 -750 -709
-230 -438 -755 -235 249 -671 476 92 358
-819 -219 -594 -1540 -810 -991 -225 -682 -702
-1173 -967 -1291 -1125 -759 -992 99 -103 -164
-728 -1093 -704 208 1363 1188 1870 2987 2990
227 456 372 -1683 -1695 -2244 -1328 -1132 -1774
1787 1669 2036 22 320 -71 -2283 -1881 -1611
-2952 -2650 -3230 -661 -1109 -2015 3356 2402 2207
-487 539 -554 -338 -4 -585 -15 -615 -322
1756 2128 2189 3050 1601 3606 1718 1080 2775
165 -263 -10 -1212 -187 -1062 -1141 1434 67
3899 2513 2063 1886 1854 1797 -2387 -2264 -1179
-144 71 146 -1034 136 -873 -499 -265 -526
-186 989 -206 -1395 -523 -1371 -1113 -825 -422
-278 103 1582 668 902 1454 829 516 -339
-894 -1061 -1240 -185 -611 -11 -78 200 569
-3317 -1671 -1199 -1662 -624 111 -595 103 379
-588 770 484 -558 -587 -965 -851 -1327 -681
695 -365 -527 -601 -2011 -1603 783 1125 686
107 1058 703 -1065 171 -9 -434 916 751
416 -1266 -258 606 -694 201 1468 936 1280
183 362 1332 145 -181 885 71 -323 407
436 821 646 669 1063 659 421 49 216
213 1265 1276 -684 426 542 -38 611 653
-747 -582 -686 -223 341 -416 -1050 -63 -1041
33 299 137 206 370 162 466 455 390
71 709 197 402 382 -731 -645 -374 -1617
363 982 542 -2 33 -17 -447 -293 602
-1538 -1250 -1365 -644 -231 -646 61 557 -12
-905 -966 -675 -152 -202 119 -3 -326 146
-11 635 247 546 917 648 827 838 1069
363 -1170 -1262 690 -284 74 1363 855 1027
62 -357 -332 -398 33 -250 -703 -35 -271
-1590 -1702 -1048 -111 -368 469 167 -92 -57
-1706 -1037 -1760 -1098 -438 -811 37 276 -153
-478 -258 -623 -542 -637 -623 -655 -877 -767
120 -450 -115 -900 -1016 -692 -142 -137 33
-1277 -1334 -1266 -862 -395 -143 -2293 -1860 -2086
-343 384 1279 -973 1082 1613 -554 188 1148
-654 -429 -624 -80 -194 -99 550 598 446
-210 -1587 -188 -251 -1128 -310 226 -213 51
-63 1252 819 391 834 792 1279 1161 1286
1103 620 955 599 -100 345 241 -763 -195
1110 152 990 497 243 847 -203 -296 698
592 -101 251 93 -743 -78 -326 -791 -35
1492 1495 799 1108 1712 1169 260 956 706
2477 2689 2287 1425 486 488 94 -742 -107
324 46 -7 591 805 102 414 884 455
-1203 -635 -990 -706 625 191 -114 269 570
-361 -763 -1158 212 -421 -492 781 458 625
-771 -1164 -68 -1596 -1632 -1326 -1089 -929 -780
-71 -427 -205 -423 -1219 -739 95 -647 -310
-890 -537 -148 716 83 500 1396 244 1142
-239 -349 -313 -537 104 -290 -1313 -549 -1333
-75 -15 666 523 -322 725 916 91 656
-1990 -1192 -1632 -1503 -792 -411 -1249 -1059 -407
1081 500 160 1726 1445 488 769 718 256
-384 -1563 -1198 559 -447 -253 1226 529 712
977 1181 1378 425 846 975 -1341 -862 -757
856 1134 1998 699 275 1307 1008 426 1571
687 204 184 766 -90 -229 71 -470 -1125
332 872 93 1299 1166 765 1322 765 784
977 100 164 786 682 422 594 1386 671
-506 -585 -621 -428 -739 -568 -1513 -987 -767
-1443 -34 -1175 -1213 -674 -805 -830 -592 -481
90 -127 563 -705 -1533 -1084 -172 -1276 -1002
737 1319 1015 824 1586 1254 583 1305 1460
2204 2320 2453 2515 2983 2864 2096 2732 2640
-207 -181 101 -640 -298 -145 -97 -641 -366
268 716 658 -308 -437 94 -900 -755 10
-941 -871 -1743 -650 -579 -1039 -789 -674 -1351
335 7 -165 -160 -472 -609 177 184 -59
364 581 767 657 1098 757 1118 2270 1490
-393 229 -396 -586 121 -297 552 411 91
442 -11 -242 -350 -333 -1229 98 -511 -923
-567 -578 -1783 -797 34 -318 -89 289 288
-257 398 447 -1184 -1254 -851 -1472 -2338 -2028
637 737 521 -173 128 -406 -667 -463 -813
-1400 -728 -493 -302 -317 -613 601 976 635
-126 1632 1266 683 2087 928 1811 2436 1323
209 323 -177 -9 -98 -267 163 -498 -1342
342 416 -226 -172 389 -5 -343 790 215
-1236 -340 -357 -978 83 -290 -442 -181 -70
782 -273 550 1424 606 1170 1526 896 960
14 -1229 -821 -351 -1314 -1112 19 -1246 -974
905 867 1368 952 -287 1431 1100 391 1272
286 775 207 1090 1607 733 1000 787 -6
-473 -741 -120 -847 -428 -192 -1062 -870 -306
-50 -27 -496 484 33 77 -237 -466 -592
948 720 1329 937 516 1129 490 923 1251
-571 63 -44 -205 -18 -642 -299 70 -1036
-113 1507 501 -176 951 538 -55 980 1541
-647 -567 -606 -183 549 -151 -432 751 -412
-1681 -1500 -1617 728 224 342 304 -49 753
-556 113 -983 -193 370 37 -319 618 242
803 411 327 1859 1416 1174 1761 2468 2642
284 548 5 245 479 195 -303 -296 -323
-2716 -1847 -1845 -1167 -597 -594 -202 244 170
-1877 -1119 -2196 -1151 -629 -1499 -881 -354 -1128
-126 -206 -291 -930 -577 -960 -1284 -1009 -1330
769 1021 1214 -830 -174 -92 -457 331 -378
-949 -681 -1104 -678 -218 -347 -2190 -1727 -1896
575 594 654 688 1230 1475 352 1171 1215
-720 -128 -935 283 557 -56 648 540 312
-211 -196 -317 926 340 579 918 530 767
1088 46 396 1385 541 931 567 -309 460
-538 -1166 -420 -109 -463 314 -771 -1166 -374
494 784 1546 168 1089 1424 -237 1170 1681
260 -889 -180 -295 -805 -574 -877 -1663 -874
1731 1361 1156 1870 2030 2357 1295 1679 1855
2008 2957 2222 1726 2712 2132 1365 2178 1883
-97 109 37 681 685 241 190 592 178
-1025 -714 -1536 -277 184 -792 -1195 -1183 -1628
-901 -76 -352 -354 -224 157 917 537 716
-157 -231 352 -856 -930 -181 -329 874 367
-1788 -1554 -2185 -2057 -1857 -2287 -934 -883 -1507
-665 -844 -764 39 -350 237 -16 -524 -379
64 415 210 389 590 561 -1097 -239 -1150
622 271 -105 -534 -1335 -811 973 -101 1037
-846 18 -213 -649 -263 415 -280 -118 302
-396 937 1021 1140 1337 894 225 417 -411
-1063 -870 -1262 -894 -1327 -1326 -798 -707 -513
1089 1716 2546 1288 1648 1975 -1621 -723 -227
1367 923 460 840 -129 529 904 395 350
-294 -182 -663 1682 1067 528 1221 748 44
383 1481 391 66 1066 -123 32 337 -77
256 -361 -652 491 157 -234 592 397 -304
-680 -901 -806 -316 -875 -781 -787 -679 -481
-1283 -728 -1358 -721 -1050 -620 940 1057 792
872 737 685 -847 -1202 -1349 350 -132 94
-526 215 95 443 709 421 313 976 841
-650 -662 -361 1286 1506 1736 1823 1193 2192
-803 -578 -994 -595 -685 -1359 -488 -571 -1344
-147 -67 -272 518 542 407 -773 -837 -490
-1721 -2378 -2574 -1200 -670 -1445 -1728 -883 -2043
223 689 -107 696 841 -213 1201 1349 1314
1394 846 1575 1604 829 1631 1332 1352 1150
-513 -807 -893 -220 -138 -57 587 1116 605
360 45 -123 351 643 -121 785 677 147
-25 62 -81 6 563 154 -186 353 -432
-75 -43 -648 93 -109 -545 378 -900 -561
334 478 390 593 357 327 256 -286 375
-54 -278 141 -379 -251 -343 -156 384 -241
-303 526 227 16 801 232 25 772 307
393 -7 295 326 207 -215 116 154 -1454
379 -97 -149 -77 -1 2 -1437 -1099 -1103
-908 -456 182 -40 215 479 -662 -200 -612
323 -461 -310 1606 468 592 2061 981 1062
531 115 594 479 260 303 -496 -849 -87
-1236 -796 -235 -106 448 360 -789 172 -282
1435 1266 181 1277 381 101 808 -131 201
-620 -363 -649 8 -51 111 782 34 113
-683 -209 -295 1061 1551 1554 470 929 653
-379 -599 -440 123 843 412 -294 1009 -66
555 1035 293 -154 -133 -914 -767 -600 -1811
-475 -611 -28 -552 -633 -589 -97 -492 -830
-1200 -411 -1174 -419 230 -741 232 -125 -433
767 981 739 1137 1052 1162 1459 883 1460
-1627 -1315 -1371 -1170 -816 -850 -699 -912 -919
-880 -564 -508 -172 -124 -42 -1508 -955 -447
-274 -442 -709 -4 326 -564 37 284 -221
576 600 47 -579 -610 -610 93 409 -81
-283 1004 394 -434 583 -37 -1859 -779 -1241
1160 686 1098 639 496 499 -364 157 -473
-1906 170 -939 -1527 821 3 -2060 -186 -597
410 329 -15 -261 -690 -697 -718 -594 -417
-355 -489 -1165 -407 61 -800 -618 -449 -1445
-230 328 -263 28 769 -129 -1180 -136 -959
-8 -1248 -535 14 -929 -549 22 -287 -637
1449 1735 1441 391 -38 230 -509 -876 -573
454 1144 707 41 788 179 1840 2148 1592
235 -168 -313 -215 -261 -595 -988 -669 -291
-194 -838 -23 32 271 263 28 228 -4
-98 -555 -765 629 580 305 360 306 -66
1056 1268 1619 889 810 1163 1597 1444 1882
-91 -375 -33 -762 -894 -1245 -1010 -660 -1107
-735 -421 -533 -225 969 661 -9 328 620
-764 -604 -993 -427 -279 -679 -724 -785 -567
460 887 446 1187 926 770 1366 1382 1558
-2128 -1665 -1387 -1321 -435 -163 -1215 -926 -922
924 845 1422 888 1342 1643 105 422 -6
-415 438 -407 194 776 394 -468 268 255
1084 145 1097 1142 675 756 498 1003 293
-114 -343 -741 1341 912 676 1059 229 381
-936 -964 -793 -418 -158 -393 63 -466 -627
668 1336 475 -175 1025 -99 128 663 192
-525 53 413 174 33 98 670 144 297
308 232 221 137 387 56 -67 -567 -660
428 67 491 300 456 -108 -262 463 -449
767 267 484 940 597 904 880 922 344
52 64 -552 -103 -219 -437 -107 75 -240
-682 -359 -666 -126 230 -312 98 16 -395
-158 -412 -83 1358 862 1341 883 1220 1047
310 2187 1424 -207 2149 1389 52 2624 1518
-629 -363 -1027 317 239 -345 -499 -428 -937
536 298 -159 445 945 844 1535 1707 1947
-256 -28 -452 -822 -425 -460 -498 343 104
-307 132 227 375 992 1007 613 1531 970
311 282 -150 -202 -12 -764 -484 -249 -799
-139 -431 -489 76 -96 -412 28 -523 -658
-70 -10 214 -112 371 -354 450 1478 -30
-1003 -570 -443 -362 -148 82 -907 -1366 -887
-673 -949 -1208 -163 401 -571 -290 -185 -864
-707 -514 -466 -10 -2 -89 -204 -512 -485
-992 -46 53 -861 114 140 -135 1133 1287
-1029 -1104 -936 -885 -687 -795 -303 -399 -219
-405 -452 -812 -474 -816 -701 96 -398 -1352
-343 187 589 -349 342 365 4 844 390
1122 739 -214 813 1060 448 205 551 -315
209 40 720 -1074 -850 -583 -845 41 723
815 -295 546 131 -861 -510 -426 -34 14
1606 1434 2051 1285 1406 1618 -128 385 -181
86 -444 -239 711 -323 337 1603 1359 1093
466 98 355 578 77 -66 626 58 8
571 261 72 861 427 52 1218 831 496
-93 318 207 366 614 416 341 -301 -68
184 -291 361 210 -305 474 988 561 844
2361 1720 1959 1182 619 729 637 569 468
1061 870 1605 883 342 866 956 882 1028
-111 25 -5 -365 -126 -248 368 550 862
-2454 -2204 -2162 -601 -645 -544 177 -182 -481
-727 -592 -684 305 190 765 1295 1065 1532
-177 -150 98 1237 983 1315 1688 1180 1268
-951 -713 -779 -1012 -1450 -1515 346 -219 -892
-327 -143 -178 892 194 68 1248 806 795
-388 -101 35 -876 -368 -511 -90 118 63
869 588 631 692 334 454 1131 721 1283
707 761 278 525 -162 -172 222 -902 -151
720 318 545 -762 -1012 -872 -211 -391 -662
-1255 -1104 -1033 334 415 872 1669 876 1297
612 31 -212 436 465 99 720 602 683
222 722 370 109 109 463 504 306 881
1167 1011 968 1408 1424 1668 1778 1526 1977
-395 31 286 -522 -86 -194 -1628 -1773 -2167
-925 -871 -436 -478 -214 -371 -1086 -570 -818
-984 -1276 -1117 -625 -810 -878 -59 -294 -587
966 1870 1905 891 1041 1521 31 -173 181
547 869 417 259 303 -454 -123 70 -714
583 986 597 -913 -947 -862 -538 -360 -492
30 411 499 241 637 695 46 3 47
-1098 -449 -1119 -246 -149 -203 -68 183 -293
199 -1 -55 -250 -361 -106 -335 -526 -99
124 510 616 -287 -337 -44 -1353 -1195 -916
383 366 478 -269 -287 -658 -908 -922 -1037
-202 -290 286 -57 -176 356 -278 -164 239
1165 692 1399 326 342 811 1291 1510 1364
350 43 109 580 527 509 -49 130 -30
-508 -307 -897 -1127 -1098 -1121 -1258 -1180 -907
-1553 -660 -387 -806 -664 6 371 647 1386
-1044 -1225 -1022 -1895 -1688 -1632 -1111 -871 -522
237 769 976 551 421 170 -160 -497 -905
-596 -1014 -895 -1157 -1182 -1166 -1003 -1052 -622
-306 554 276 -479 -17 -257 -178 93 -77
-229 -20 376 399 -168 591 1040 683 661
4 -348 65 -319 -129 97 676 420 840
782 564 363 233 260 5 408 -310 -79
1583 1458 1569 1160 1273 1641 549 216 299
1006 794 1255 -1579 -1725 -1246 -827 -998 -810
-119 433 93 -720 -499 -49 -127 -413 151
-940 -436 -811 -503 -239 -469 -1050 -957 -1265
-308 -607 -762 -173 66 -601 -142 -534 -985
1897 1745 1560 324 14 -367 -83 -172 -562
264 312 352 205 669 1048 2022 1730 2761
-476 -647 -1108 -723 -702 -1400 -215 32 -800
-790 -492 -684 -1327 -1266 -1274 -507 -445 -454
374 56 270 -424 -602 -388 250 -383 -176
366 656 543 -1088 -818 -744 -2728 -1960 -2574
-659 -403 27 -63 -512 -176 630 234 15
-325 -552 -567 -327 -497 -680 -1016 -651 -1268
-109 220 -240 686 1200 488 -194 495 358
-933 -1049 -832 -1415 -1161 -209 -980 -546 372
-1220 -854 -1230 -309 -548 -514 -239 -298 -251
-343 -143 -647 -1119 -46 -342 -607 24 248
-589 -58 362 -363 438 371 -100 559 261
-1121 -629 -797 -1290 -1160 -1311 -921 -1416 -1498
9 666 55 -36 363 143 -337 380 301
-45 69 495 266 545 278 868 900 458
-189 -422 -496 561 379 36 -240 -391 -357
246 582 901 -19 736 1240 164 511 877
-253 -232 -88 352 -118 -202 -213 -558 -252
112 -259 95 141 -337 64 347 284 643
97 151 6 368 -254 -91 130 -731 -755
442 92 2 92 -175 -189 290 -107 -138
99 -821 -252 608 -399 -221 -13 -475 -829
-1009 -947 -1490 -1426 -823 -1304 -1771 -913 -1265
1059 712 283 754 581 313 40 -149 25
-538 -1243 -515 -350 -244 256 46 358 720
-1616 -1244 -1210 -1475 -784 -617 -849 -113 -173
-715 -465 -635 -303 2 -542 -582 -695 -666
-584 -33 -279 546 621 578 324 316 240
-19 -248 -312 -145 -185 -206 236 169 509
928 978 1242 61 529 260 1056 903 727
1426 769 1834 1112 308 1368 -40 -539 129
-513 -142 269 -15 502 904 -332 253 1206
-895 -1057 -1242 -1137 -1143 -1390 23 -164 -20
-289 -395 -717 -490 4 -305 -362 -181 -230
996 284 80 -553 -815 -1443 228 -424 -1292
-1383 -1170 -1272 109 -263 -29 1485 1040 1185
161 -358 -585 -2 -60 -47 -384 -1006 -887
109 -32 -247 -624 -867 -631 -345 -558 -713
163 690 296 -917 -657 -1248 -293 -204 -35
72 -79 -409 436 169 -187 621 440 404
1613 1786 1184 1493 1686 1275 627 1494 1413
858 1381 1166 -547 24 40 -1555 -1429 -1313
-533 -706 -772 -286 -272 -164 804 188 -28
-696 -478 -846 -414 -289 -68 -683 -616 -152
384 -97 312 83 -483 -422 -1019 -1980 -1994
405 402 380 -569 -621 -363 170 556 589
-446 -2 97 -267 0 -40 114 550 266
955 747 919 611 454 -71 498 239 -252
-1295 -1097 -1129 -700 -828 -414 -555 -1335 -1070
-456 -167 -402 56 596 837 -460 147 336
-980 -432 359 -707 -425 -311 22 -88 -32
444 88 -296 1524 1683 1378 1702 1506 1647
726 1287 1673 660 1344 1616 192 624 866
-669 -787 -1172 -312 -564 -1030 987 791 310
-755 -631 140 -947 -758 -731 -618 -792 -937
-578 -524 -521 -368 -573 -180 -724 -1177 -816
-461 -520 -194 -608 -437 -80 -157 -191 431
1009 1134 1034 230 653 130 234 640 713
1761 1080 1109 1824 1140 1606 1851 1347 1356
568 412 340 -488 -721 -381 -161 -59 587
-77 132 6 -277 -270 71 89 -381 -159
-334 -353 -1189 -233 152 -414 -62 526 35
-220 903 258 -205 139 260 674 1034 1159
-323 -92 -311 -209 -258 -104 -96 120 27
-199 112 267 397 1353 1635 292 704 1443
-597 -720 481 -355 -205 184 -97 -266 265
337 -1 140 -406 -497 -533 -418 -416 -664
1259 1137 1778 -2 8 915 -1126 -1101 -358
-21 291 -699 286 895 -117 527 1863 994
-279 -320 220 685 458 775 1124 1088 1346
-41 19 -491 350 468 50 619 697 684
249 454 823 -103 -216 -277 580 70 238
-82 -367 -945 81 -186 -401 96 -299 106
-426 -509 -413 -119 -593 -405 -542 -417 -426
-728 -139 -426 -293 256 101 -320 165 357
312 952 1097 142 451 428 -430 -302 -522
69 -366 506 -581 -831 -222 -692 -808 -812
560 146 383 -437 -303 78 -15 28 -247
437 1144 4004 300 1641 2362 1124 1365 -77
-1457 -317 1392 -1649 -1382 168 -1779 -1208 717
-727 -465 -92 478 -207 277 1004 188 -94
-2129 856 1585 -786 -809 665 379 -285 -425
263 145 -661 -339 -714 -875 -1054 -678 -691
630 544 -208 297 -51 -1499 -995 -1071 -789
822 725 530 655 930 1540 -313 236 1521
-194 192 -267 151 -811 -919 180 -386 -877
2089 876 -1340 535 462 -94 -2640 -932 1946
1351 244 -442 1345 686 47 421 -195 -771
951 804 629 604 1220 629 1095 1706 61
-672 -98 -580 146 955 -943 -945 652 -504
1401 -442 -1556 919 247 -606 467 427 -49
192 481 1021 630 177 773 -751 -412 33
339 37 -770 433 645 2383 -889 2198 4662
-2343 -2344 -2270 1145 133 -1471 1821 1526 -89
719 15 506 525 -733 -33 273 -626 -1718
394 470 -27 1029 257 -1154 1249 -305 -1514
1206 285 -404 -227 527 166 -985 -105 162
990 800 -553 177 722 497 -889 -50 2198
-871 -669 -424 479 -42 -1498 697 590 -982
-1172 -789 1326 -1056 -635 1028 -536 98 1045
113 175 692 -1124 -582 -594 -1155 -673 -1343
726 1596 3243 -862 -714 963 -961 -1223 -2231
582 369 -524 381 1158 193 252 1167 1359
-193 -249 144 126 -1536 -930 408 -2068 -2158
-167 -946 -798 300 -832 -1108 803 -1502 -1284
-1554 -1165 -111 -2402 -1628 -1395 -1315 -1300 -1799
236 831 667 -546 -395 182 -12 -231 -563
-484 -1250 -636 -574 -833 -58 837 363 700
-954 717 172 466 1591 1032 318 1621 845
-789 0 1924 -2146 -1230 2031 -2205 -1202 933
-1334 -282 -62 1283 315 -171 1610 797 43
110 271 99 776 3 49 152 317 46
542 365 50 32 -451 -542 -982 -845 -516
3155 686 -1355 2317 1334 -2449 1990 552 -746
-128 -915 -1359 1230 745 -810 1445 1527 541
211 275 -255 485 -339 -531 -796 -306 -621
-1653 541 -110 -783 274 62 223 204 252
-2405 -1104 2 -1622 60 1201 -1398 91 450
-774 -733 -1471 1304 664 -1585 1768 489 -1979
-442 -172 894 -1270 -184 1232 -2133 -789 -2
458 458 -736 -187 17 -1373 -1116 -334 -330
203 17 -373 -605 -638 -982 -1451 -409 -963
775 223 -349 502 -724 -705 -829 -744 -323
-930 -868 -543 -756 -1284 -937 -1214 -987 -102
-604 -726 -10 -860 -732 -162 234 132 393
-782 -644 -404 -1830 -927 0 -2221 -768 -420
-211 1473 2340 314 1180 1087 26 67 -1002
349 -698 -648 20 -182 -798 -906 -39 877
-2560 -1588 -658 -1278 -876 1343 -1049 52 1375
561 746 1306 -60 551 1066 -432 -464 -410
355 187 -125 200 916 -499 6 -346 -678
-178 -1172 -1440 -1424 -1052 269 -977 -503 667
-1169 399 1544 -2395 -644 2529 -2760 -1715 1865
2345 1461 135 463 816 480 -1876 884 484
2524 1874 680 424 268 546 -495 -981 300
-156 -607 -437 -1236 -1153 -391 -1144 52 -637
1588 277 -745 2895 2929 901 3611 5009 2432
795 74 258 1263 1047 -34 234 525 -466
-1712 -1422 -567 -693 215 691 290 1331 309
1777 533 -1409 2835 1129 -1373 3343 825 -1311
895 -594 -1478 3276 1084 -1259 2838 2895 -164
1020 -274 -110 -238 329 -551 -2286 65 182
1231 2850 2112 -1975 -722 -379 -1430 -1009 -564
-64 -962 -575 -17 -380 -328 -566 -739 108
-760 534 -519 -400 -411 -796 -1144 -1874 -1694
-288 -2338 -1655 136 -1840 -1337 -609 -1163 -1275
-943 -242 -220 -1999 -1230 -1313 -1603 -137 -516
-860 -349 -152 -1081 -686 -776 -1518 -810 -1385
3412 2459 3951 1759 429 1762 1761 82 -96
79 1278 -519 -1057 -529 -877 -1611 -2199 -1931
157 2841 524 -2381 -977 -2154 -2264 -747 -2192
1307 1864 1473 771 571 738 174 212 602
386 -465 -148 274 -1022 -318 70 -1223 -1029
-1003 605 1364 747 1110 797 -959 1166 894
-1212 -775 -1423 -1517 -1176 -1346 -1478 -1225 -1063
-598 -609 -266 424 598 617 -740 -569 -630
1371 924 1676 1821 520 741 -610 -989 -2046
-2096 -1648 -1705 -265 -637 -449 1008 529 949
744 -75 -711 -606 -704 -1245 160 -183 -602
2433 2007 2135 1479 1266 1262 996 783 1658
1780 559 168 2554 1281 1459 958 2014 1582
495 980 1144 135 71 495 -282 -1174 17
-2474 -1692 -1160 -1548 -1306 -79 -1685 -1854 -60
967 311 1312 126 554 681 1380 2425 2346
-314 -1630 -727 -193 -418 60 -355 -299 2
150 -628 -1146 952 -645 -1156 -201 -993 -1647
-1522 -870 361 -736 -351 393 70 -855 -13
-1304 207 980 -949 1013 1599 -324 1460 2345
-745 -1019 -1533 424 -127 -548 1451 -57 -483
-980 -630 -925 -680 -1517 -1065 -1758 -1754 -1624
10 387 -584 631 87 816 1328 2283 2315
130 829 -121 -1001 -194 -720 -1075 604 -159
-332 -2015 -712 -564 -1339 -454 -800 -1705 -1366
-629 2908 -183 1125 1598 1863 615 1267 1974
-982 -611 -493 -60 -120 420 1045 931 1634
-3018 -2221 -2676 311 721 764 609 642 1355
-310 20 321 -908 -797 -610 -606 -636 -152
-434 -471 -219 -1262 -1270 -711 -775 -688 -1268
1455 1328 -933 3569 1985 1674 3684 3586 2404
2358 1552 2611 1693 1313 1553 -1073 -583 -1016
-1331 -280 -1081 -698 -368 -1086 287 579 293
-213 170 595 -560 -500 266 -831 -988 -290
-770 -614 -651 948 1637 89 1791 1913 2256
-859 -278 -571 -1617 -670 -695 -1780 -1242 -1128
-1087 -54 198 -751 -359 305 -875 -570 -678
1002 1559 1267 35 121 347 -609 -768 -797
798 -212 92 132 -214 -513 -1918 -1845 -1953
1052 -1037 1734 349 -1663 1392 31 -1237 1618
259 690 487 -352 -450 -305 341 316 431
-433 -235 -481 -343 153 -294 -388 -110 -1160
-978 -121 1570 -1139 2395 2277 -1844 458 1780
-308 -545 -537 -1131 -1867 -1688 238 -302 -332
-789 480 -316 -564 -195 -223 -1008 -376 -510
-175 153 289 -737 -580 -776 -1350 -1498 -517
1000 980 988 602 306 1099 941 711 1015
-1548 -864 -656 -2533 -1897 -1497 -1869 -2053 -1792
279 44 -393 -829 -321 -1189 -40 -518 -1043
-1207 1025 1278 -1500 -538 40 -1192 -590 162
1356 40 1165 -1249 -2809 -725 1589 702 1976
607 1051 303 1033 1084 519 196 633 -12
676 -369 -2604 272 702 -943 -992 -335 -1549
1440 313 -65 1030 64 -283 118 -840 -1063
-2344 -2071 -612 -1144 -731 434 -858 -396 876
174 3035 2314 2629 3203 3344 1358 2584 2595
-2031 -1788 -2049 -812 -1508 -899 -89 -114 596
-1323 -1732 -1570 -1190 -869 -1268 776 835 842
227 -299 -158 -1917 -532 -1769 -704 56 -253
2225 695 170 1225 119 -170 816 -121 -432
952 1035 47 1134 505 123 659 -192 -565
980 -685 -604 714 546 -1117 -830 -172 -1283
-115 426 396 -64 -176 -181 -825 -710 -723
947 1775 2077 419 1433 1092 -741 -321 -433
851 1077 1928 1908 1838 873 3557 1907 495
-33 -220 -302 -559 477 517 -1258 -215 -380
-2961 -2434 -2236 -355 1495 1130 2177 3211 2138
-49 751 671 1346 2261 468 1494 1603 1114
1994 1664 2372 337 -490 515 -34 -452 -77
-1481 734 1357 -1405 728 707 -2490 331 716
-81 -113 -883 881 -4 816 1673 -56 2587
-1291 -935 -146 -226 -207 -580 358 23 -513
3616 3310 3338 -534 437 405 -2121 -2549 -2224
-1997 -1402 -1631 -1048 -800 -1277 -1506 -1186 -997
-312 -1047 -2247 212 251 -908 1438 381 -220
1351 1773 2473 978 1146 2723 -69 750 2899
2978 464 -1165 1092 -273 -209 720 610 1069
2744 3619 3935 833 599 2486 2297 2052 2340
-1005 -1039 -1242 -620 -1297 -242 -845 -967 -130
977 1553 956 871 1119 1176 -1651 -938 80
394 -703 111 -940 -760 -1082 -1455 -1394 -1253
45 -605 -1300 1617 393 -138 795 780 1020
694 462 2330 -214 -269 1533 -953 -889 -117
-8 -614 -1565 909 -521 -1241 551 905 708
-864 -566 -1204 -1410 -1218 -1291 -369 -1549 -696
334 -250 -82 -521 -459 -840 -106 -54 -224
-45 -553 -1108 267 -641 236 -736 784 477
-949 -775 -1566 -2251 -1859 -1838 -2096 -1185 -1650
191 -967 -488 -171 -361 -1081 -2038 -2139 -2589
-2592 -1939 -2301 -1438 -1193 -1361 637 1256 2162
-707 -772 -165 -700 -514 9 -1027 -415 363
-2519 -1451 -1545 -2009 -857 -1576 236 463 544
100 75 129 34 -1056 -498 -1108 -1988 -1401
-1122 -1067 -386 -647 -451 94 1008 940 446
1296 -178 -376 1474 238 561 2755 1170 189
577 745 1294 885 978 564 -55 -261 -444
-2202 -1934 -1421 -1305 -1275 -1430 821 1184 693
-874 -558 1105 -1016 -854 716 77 -243 -354
-2363 -1303 -1467 -937 743 159 1259 1731 1681
1325 -283 654 570 -486 831 313 307 1115
-1452 116 704 -125 1193 1313 -1278 -264 292
-562 -955 -1408 1960 1622 1499 2043 1429 1441
874 -963 -195 -1487 -2175 -1582 -321 -511 -805
975 -1807 -494 -817 -1708 -370 886 -695 1497
-277 357 123 55 -16 938 1940 1347 1510
-1431 -574 -38 -370 340 285 -192 104 -728
-1120 -1339 -515 221 1525 1768 516 2214 3638
814 1463 1641 -859 -657 -1359 -983 -1219 -1926
-844 -343 -220 904 409 386 -480 -745 -470
-1846 -2225 -1110 -1322 -1710 -972 -1747 -1168 -502
162 659 953 -421 -373 322 15 -428 -670
-1422 -1896 -1704 -838 -1011 -521 -112 210 461
643 754 480 -854 -970 -1301 -1236 -855 -1584
977 1209 1958 -362 137 828 -1056 -758 274
1351 29 761 -1147 -1681 -609 -542 -1115 636
1123 1550 1611 106 287 -95 845 757 35
2808 2299 -255 1780 141 -530 -920 -2147 -1619
-892 -1038 -963 782 487 427 2829 1906 2398
-2547 -1855 -274 -3071 -2240 -111 -2687 -1317 1063
-745 1221 1482 -273 653 1351 -336 104 1202
-903 -1633 -1911 -284 -1066 -490 575 320 534
371 1755 402 -1474 -480 -1233 -1041 -795 -392
975 186 1223 868 -956 1118 1434 558 1655
493 311 399 -305 -803 232 66 -496 -68
516 1343 181 899 1442 161 971 693 -871
-1590 -1126 -222 -2012 -1299 -930 -1278 -726 -1242
-592 -665 -749 544 42 -700 90 -509 -911
-494 -330 -369 -990 -931 322 -80 -759 417
-116 1194 1383 1264 837 718 1874 1662 1117
-190 80 -427 169 351 -247 658 281 923
-1532 -2762 -2250 -103 -509 -986 -641 -835 -1150
-1240 -959 -1255 -188 266 -218 -278 -100 78
-129 -1210 -547 -46 -492 239 337 320 1441
517 -125 -1246 510 443 359 1593 1794 1736
682 755 1474 722 1011 722 205 311 114
202 -912 -1225 1473 603 263 1973 1390 1206
-1738 -2160 -2682 -616 -1639 -1700 995 164 237
935 887 663 593 650 370 137 601 -161
81 -863 -149 -521 -1188 -808 -550 -473 -435
-175 -895 -1418 -556 -1197 -1266 -1484 -2832 -3331
1357 1860 -397 -16 747 -879 -1361 -611 -1001
-908 986 -137 220 1613 683 906 405 268
299 748 336 1257 684 265 2093 1250 412
-673 -1067 23 939 418 987 2345 2174 1437
-489 -1022 0 -935 -1327 18 -1468 -2628 -529
496 1224 1824 945 2070 2934 1813 2827 3299
-704 896 -164 -782 -298 -541 -153 -1187 -1171
1706 1815 1115 825 439 1146 429 1119 1926
-30 78 63 -28 459 274 203 835 102
2032 1935 2465 2891 2249 3094 957 1053 1732
-673 -429 -567 -1049 -744 -657 -1854 -1706 -2310
604 239 390 -30 -143 731 -259 -271 -169
-1116 -1573 -992 -645 -476 -1137 -589 -230 -91
1240 2703 1866 1120 1308 1565 1914 2328 1868
503 273 403 -194 68 -4 167 1042 467
269 -106 126 -821 -523 -26 -1364 -1254 -882
-501 -745 -370 -581 178 909 -856 152 1331
-1278 -732 153 -561 118 510 940 922 1080
-1733 -741 2086 -326 -48 1150 -582 49 81
-1192 -2175 -2856 -593 -1043 -1160 731 722 507
559 1723 2054 150 1425 1371 -1041 -1116 -1219
-1598 -1389 -553 -580 -781 8 538 690 849
1986 542 1305 1486 751 1302 1579 315 374
-70 300 -474 185 571 106 1095 1227 981
598 525 533 84 107 -201 -1482 -1976 -1334
-744 -935 -1177 -729 -1765 -547 -1323 -1900 -732
-1646 -2433 -1251 -1735 -2265 -1736 957 255 342
-2311 -2384 -2214 -1978 -2294 -1898 -1346 -700 -856
-9 0 489 -91 -470 -152 -498 -463 -371
99 1076 1265 1182 82 309 477 -615 -717
-40 -802 -135 -928 -400 -733 -957 -1480 -1482
-948 -675 -678 -1008 -505 -262 -1347 -1245 -567
149 -736 -1075 -163 344 191 649 667 1014
112 801 836 767 1057 1424 2356 1966 2077
292 -213 -606 665 -426 -129 203 -509 -297
210 -289 79 -293 -773 251 1195 333 911
-150 -93 -560 42 595 -511 -334 -137 -234
-1766 -1377 -1044 -1176 -1056 -502 519 516 65
-441 -1452 -2233 1301 542 229 1798 1253 -9
-255 817 397 -163 472 78 1530 808 584
748 -509 -1625 903 -175 -414 1455 860 742
-51 170 1046 526 529 1033 1166 1805 1290
2469 985 -1266 2244 1668 -208 774 536 -1160
-663 -2244 -2356 -312 -1967 -1083 -1005 -1511 -986
325 602 1049 610 704 407 -455 -545 -973
-1563 -1519 -1507 -975 -1174 -1229 -477 -1198 -1445
-302 -1867 -187 232 -254 814 441 159 520
-1283 -1384 -1947 -1003 -817 -1504 -318 -400 -191
-1488 -1243 -925 593 1119 546 1882 3115 2034
-689 -4204 -1940 944 -2478 -406 -171 -756 27
-1072 -1119 -498 -889 -722 167 -777 -1401 -252
-1201 -289 83 -582 357 536 -83 860 588
-1572 -1337 -1358 -1023 -619 -316 -927 -280 589
1141 815 1275 607 -7 14 716 -105 862
658 704 427 699 623 626 -1130 -1639 -1439
-121 476 194 987 717 322 501 233 7
550 1792 398 -641 11 -507 -890 -140 -1214
629 875 1045 -178 489 1163 -1349 -980 151
-68 506 218 -1032 -337 -409 -735 -224 -90
1484 979 2291 231 -685 740 366 75 563
-610 -389 -999 362 52 -178 719 -161 30
-1578 -370 -1412 432 1348 794 1625 2213 2006
339 -1903 -2635 -165 -1991 -2194 -536 -1253 -1411
-106 -19 -1064 577 1384 521 972 1725 1173
2129 2057 366 1837 1656 -307 1421 148 -1224
-1073 198 -439 -620 -1016 -496 482 246 359
420 161 -914 340 647 -443 349 -36 -1231
-185 -640 -116 -68 185 232 441 1142 1212
199 -440 -711 -717 -268 -837 -1536 -1959 -1809
-245 73 408 860 -106 -29 449 -814 -1004
-881 -273 -23 -696 306 540 -1029 -86 491
138 -780 -545 807 -827 -1087 1583 12 -1489
600 630 1291 582 1361 1074 -72 589 -162
-856 -1030 -1434 -1086 -590 -1115 88 536 376
1860 1584 1643 75 -541 -1009 -664 -998 -2387
211 -926 -294 172 -898 -230 1079 1037 930
669 -316 -32 716 -504 307 2040 1793 2147
-64 -776 -60 180 -307 137 -35 86 515
-1790 -1484 -1564 -227 1040 -153 2618 2543 2612
1845 1496 1294 464 834 367 402 -587 -222
804 1632 671 64 750 426 589 367 462
3080 2666 2891 2127 1343 2648 651 678 1329
-980 -311 160 68 650 552 -444 253 668
-408 -603 -97 -45 382 733 -1672 -713 -1121
-895 -50 1834 -454 764 1904 -245 125 659
-1440 -1633 -888 -1187 -1222 259 -940 -983 -228
-1346 -1025 -1896 -494 -56 -743 -868 -508 -165
-1606 -930 -902 -1301 -759 -1186 -474 -592 -983
-313 1680 843 655 1996 974 253 605 103
1272 1671 1597 462 1205 282 -376 335 -1045
-657 8 14 -305 -261 -86 314 -1251 366
-144 -644 -818 -90 -642 -378 707 -898 -367
31 -164 -43 -326 -315 -582 -116 -76 -80
237 783 811 327 666 1446 -1089 -1503 19
-761 -494 -43 58 799 786 -525 1339 1126
107 98 517 -934 -1231 -99 -1069 -2188 -1008
115 -1266 213 906 -1087 -23 986 357 362
-5 595 32 -21 -35 37 -1300 -1636 -791
1223 1589 2175 539 690 1073 -545 -1506 125
419 212 -501 -326 -827 -1176 -898 -1377 -1257
-713 -1299 -464 -677 -754 -765 -577 -1327 -1104
-1070 1033 553 -388 756 1592 -1855 -500 1101
655 400 317 -774 -1292 -1153 -1281 -2922 -2312
-1160 -1205 -2232 -1407 -1996 -1618 -2919 -3199 -2559
1609 822 -969 1388 1233 -916 1207 833 90
65 116 276 625 576 621 1105 652 791
-174 -518 -737 -520 -1242 -131 -1230 -1810 -832
-2081 -882 -886 -451 170 1243 804 1528 2064
-1410 430 384 -961 260 956 1080 2257 2199
2815 3331 2432 2156 2834 2600 -32 -552 299
-91 -391 201 -192 -257 363 -146 -180 -260
-242 361 537 -704 -424 259 21 239 706
561 485 421 315 486 577 -59 163 547
-385 -412 -342 -507 -822 -591 -1543 -1594 -1022
302 170 894 56 173 159 -227 -282 -401
842 612 501 811 708 551 1326 797 978
614 -170 -449 690 202 -263 945 608 476
457 856 330 1019 1036 767 606 813 787
567 -49 752 332 341 489 -273 56 -256
184 88 3 548 -354 166 145 52 -102
787 1416 1187 931 1078 1268 1130 1888 1657
8 199 -138 -366 -117 -323 -96 159 2
-948 -653 -579 -693 -54 -283 -767 -208 -468
-1223 -1054 -1243 -679 -109 -472 -424 -107 -162
237 32 -37 340 230 38 -20 434 198
-398 -901 -1034 -144 -243 -780 -353 -817 -367
-1114 -527 -865 -739 -728 -703 -483 -336 -296
912 538 1285 1022 657 1303 570 537 419
34 621 198 -297 249 244 -430 -54 201
-2 -90 -229 -371 -914 -810 -309 -1092 -1233
424 232 -27 794 853 493 572 664 494
-15 -131 120 115 40 391 694 744 1047
17 -80 472 306 -22 205 81 -159 -339
-417 74 179 -32 320 356 661 326 246
24 32 -63 27 -408 -646 -627 -1099 -1258
-844 -1175 -526 -578 -916 -813 -704 -666 -623
-424 -392 -43 -401 -403 -501 -695 -799 -958
-27 -91 -214 -383 -269 -295 -466 -156 -11
-618 -307 -199 -1159 -457 -630 -772 -438 -733
308 465 502 472 497 849 466 446 1142
-298 -630 -5 -607 -876 -512 630 722 716
-319 -126 -520 -700 -171 -655 -819 -502 -632
-915 -715 -1042 -873 -778 -923 -684 -1059 -927
363 452 694 304 84 107 -302 -678 -694
-67 197 113 -223 -272 27 -97 -655 -255
-106 1 -218 -110 -146 -433 -327 -81 -112
506 571 136 351 86 -146 -317 -386 -799
-624 -1177 -914 -467 -980 -564 79 -360 -85
-57 -81 -360 -159 -262 -667 -276 -716 -907
160 6 -192 655 377 342 552 812 682
348 290 284 55 111 -130 -70 -465 -468
790 1208 903 657 555 476 63 583 143
216 191 -250 235 -272 -893 1049 202 -338
321 132 -120 1362 357 1412 1560 1013 1713
244 402 422 217 244 426 728 916 1082
-561 -548 -740 -428 -750 -957 320 -196 -452
179 36 187 110 169 186 -253 -125 -458
454 -174 389 117 -230 268 -444 -330 -322
-200 75 105 318 640 661 648 838 676
267 256 -332 167 -32 -276 449 655 368
-880 -755 -630 -409 100 -405 -293 -392 -706
253 902 -141 -28 111 -339 857 542 359
-62 123 64 -292 -68 -420 -562 -513 -697
485 692 722 1310 1283 1716 1701 1676 1793
-549 -1153 -567 769 1461 1227 719 661 1232
-414 -323 -808 267 181 -303 189 135 -289
-243 -310 -675 -620 -495 -902 -762 -797 -1115
-381 -271 -737 612 856 402 360 -73 29
-460 -123 57 -298 -33 291 -454 98 563
66 163 13 -637 -549 -802 -673 -500 -1027
232 678 385 477 420 353 -29 421 157
-688 -1042 -1026 -677 -953 -646 -1276 -1480 -1082
78 49 54 425 45 31 360 157 -118
-251 -110 -383 -487 -288 -713 185 130 -148
972 386 513 494 569 -23 -171 260 -218
-555 -47 -132 -964 -483 -491 -923 -56 -215
471 718 825 -638 -240 409 -1517 -1343 -88
-532 -216 -995 -217 -173 -337 -319 -651 -713
-270 -56 -397 1019 1059 1031 1087 1030 563
141 103 -211 179 455 456 -192 717 114
697 271 16 49 -238 -248 -824 -914 -692
-771 -723 -605 -875 -634 -698 -576 -661 -769
-1151 43 -961 -591 -55 -863 81 247 -208
90 19 70 641 669 601 296 342 -203
-1311 -883 -1603 -418 -137 -47 127 97 -68
-51 -102 412 135 -356 179 453 273 172
-919 -490 -1080 -1090 -558 -951 -1418 -1044 -852
796 986 1047 -279 -148 -148 -1170 -1369 -1621
-1275 -718 -672 -134 220 326 -275 221 304
-751 -1371 -964 -658 -911 -808 -969 -923 -1004
-1494 -1182 -1268 -3 371 692 56 133 248
-164 200 833 -637 -121 69 -1239 -333 -744
-934 -658 -19 -819 -563 -107 -1363 -1062 -1254
920 1399 1276 194 662 654 -526 -328 102
-709 -476 -1053 -1219 -916 -1386 -383 88 -182
1127 948 1077 360 399 577 208 185 343
2172 1832 1892 1046 2067 1321 426 2784 1397
736 247 122 442 55 -16 -416 -491 -441
-40 -486 -134 -312 -271 -115 -601 -355 -800
-650 -567 -405 -931 -397 -224 -97 64 -152
-467 -90 -345 112 -352 -80 -161 -793 -418
602 431 483 78 225 297 -353 -120 267
-498 327 -71 135 1200 1292 -143 733 1170
186 -379 -489 -346 -650 -785 -150 -352 -330
-240 -862 -833 20 -488 -338 686 626 783
-951 -1406 -1120 -258 -717 -817 -436 -778 -729
535 541 525 747 1240 974 970 1643 853
-906 -485 -1362 -397 -216 -699 -695 -348 -585
1250 601 1506 2369 1304 2127 2410 2881 1944
352 726 526 619 514 559 -264 -99 84
-43 -166 -1019 69 199 -588 -348 -140 275
-38 -835 -705 -3 -474 -230 -91 -628 -633
-408 -601 -460 -219 -287 -208 -176 -348 -349
748 668 1358 455 539 1027 567 662 737
-198 -435 -187 347 521 629 237 565 295
2418 2078 2022 2535 2031 2161 2085 1808 2043
-510 -558 -1082 -148 -630 -736 67 -179 -292
-475 -189 -333 376 773 440 -56 657 290
268 628 584 401 573 803 -315 655 424
-72 -221 200 -543 -459 70 95 -91 -35
-1127 -910 -1491 -1362 -1127 -1477 -1442 -830 -919
195 -267 -506 -679 -76 -704 -100 817 360
423 477 550 103 76 214 -349 -638 -768
-623 -161 220 -822 -532 -88 -654 -238 -96
-1441 -988 -771 -741 -84 -281 -1245 -476 -746
-354 332 374 -258 99 684 -508 -94 481
233 1092 297 -290 538 88 -169 423 -137
-436 -517 -467 -423 -212 -178 -211 -143 142
-102 -57 24 213 420 305 627 619 788
72 248 77 1 89 -31 -100 -604 -515
338 444 1076 164 262 504 1028 1023 1440
-245 -298 11 -772 -1002 -954 -922 -1289 -722
221 1125 574 158 189 -30 6 69 -55
56 691 328 -108 -23 -38 117 -97 -219
-341 195 -206 109 -157 -139 99 -526 -956
935 1493 1114 -277 569 334 333 105 -247
157 572 250 -118 140 358 112 492 506
946 304 322 1338 528 826 1200 672 767
156 1024 1435 63 501 593 382 767 770
506 1351 1011 -14 391 340 -1626 -704 -704
-195 142 429 330 31 -320 823 305 -657
1247 1845 2156 -584 77 816 -749 -1457 -509
1235 1336 1285 -38 56 -11 -1159 -919 -1269
108 -438 -286 369 -252 -710 -345 -205 -649
-237 -441 -630 163 542 33 -85 642 795
771 580 260 545 385 142 473 755 476
471 9 27 344 260 243 117 1396 1291
-114 -279 -610 334 -52 -397 -214 -1179 -1180
-183 0 -356 1013 888 553 1692 1679 871
6 -349 -718 933 606 -127 687 761 700
159 -386 -868 -847 -527 -689 -615 -460 -675
70 84 74 651 567 -253 43 399 -35
-939 -1849 -2146 733 970 544 324 1709 1713
-750 -1024 -682 -54 -874 -731 934 84 44
-300 -433 -83 -54 543 15 2 641 369
-433 -279 -250 287 658 1237 201 195 568
-894 -727 22 -1289 -274 56 -502 -21 308
46 -292 -457 -388 -450 -578 -1113 -742 -290
-457 41 -97 707 -206 -527 700 -447 -831
1048 1410 1795 656 1103 875 -136 1086 799
-781 -33 -840 -539 229 57 -198 -42 -132
9 582 1390 -1122 -603 631 -1954 -1799 -1686
-12 -486 -441 -172 -220 -323 1 591 676
1149 851 49 257 120 261 935 106 915
-57 -217 -17 -671 -272 -304 -334 -395 -168
2 891 428 -176 -63 396 -153 -361 -69
-332 -159 -19 -1084 -305 -284 -1246 -555 -650
-507 -727 -362 -101 -388 -154 831 1146 1118
-361 -717 -410 -57 160 64 -744 -318 -190
416 1186 1288 -1131 46 -214 -1150 193 105
-331 -11 -245 -294 62 -476 271 207 36
1504 881 708 1140 244 604 548 1097 438
-406 131 -280 -185 -253 -206 -343 -764 -638
502 -296 -130 664 -120 -403 373 572 514
-744 -775 -142 50 -662 -550 129 20 -180
349 -106 -234 249 219 327 -554 -994 -712
-923 200 0 -535 1035 432 301 902 681
-683 -104 -103 -48 465 342 -420 576 214
-408 -39 -244 1260 519 1152 1513 -428 700
-108 307 -284 -358 378 -374 -737 -38 -174
265 193 -94 -32 -802 -896 443 7 -436
18 432 732 -77 -471 -80 -950 -1487 -1140
661 -76 -588 -457 -1113 -1272 -764 -1167 -663
-9 -18 99 -530 -670 -948 -258 -879 -938
-529 -111 -437 534 554 562 622 1213 910
-910 -578 -177 -1112 -752 -501 -12 -735 -159
1019 1399 1497 649 364 470 360 -1590 -1161
-273 -133 -80 470 283 -10 876 964 325
-250 -516 -814 486 1053 1142 -595 1283 983
318 392 522 -248 -334 -586 -52 -626 -1166
90 -78 -292 -55 -576 -842 -118 -1345 -1692
-339 -66 120 -796 -315 174 -863 376 434
-625 -257 -28 -799 -499 -63 -80 262 231
1154 -70 -830 1213 919 -251 -396 51 -767
778 -33 406 61 -114 -56 28 -944 -947
-335 -511 -53 184 -286 -282 849 699 20
363 671 562 203 824 404 596 -154 -23
128 -141 -331 -322 -219 -725 -1090 -1178 -1188
171 454 538 64 764 718 1439 1391 426
-371 -874 -1082 337 -772 -607 235 -1091 -982
243 -26 -69 1413 -83 -482 1349 -709 -1093
-924 -236 -64 -486 -60 122 1122 801 649
-335 1440 724 302 2516 1922 -80 27 1253
-418 -244 -347 -443 -241 33 -249 520 1053
-950 -1066 -393 731 1818 1521 3034 4713 3185
-1691 -3240 -2859 -908 -1164 -939 -1755 387 563
33 22 42 -706 283 -341 -1035 -369 -873
-403 -69 524 419 -69 281 763 457 756
324 24 -722 -374 -175 -429 46 -79 197
1782 2012 1930 599 201 348 1217 2213 1714
-1478 -2379 -1902 -1107 341 0 -1915 -95 -70
526 30 222 1036 191 -197 -470 -534 -524
-200 1030 -10 -732 -20 175 -388 195 -457
1414 2531 1580 -1179 -410 670 -2550 -1822 -899
462 1710 2010 -996 -47 -91 -1562 -376 -762
1433 460 534 1290 466 11 722 871 172
-560 -633 -724 379 107 126 549 884 566
-10 -1482 -1530 -335 -2148 -2080 357 -1102 -834
-1084 23 -808 -1768 -793 -1048 -1319 -356 -619
1052 1489 2308 1269 985 2633 771 674 1498
558 976 265 432 297 119 235 729 105
-544 420 535 965 486 1018 1639 1251 1381
562 -971 -25 1629 -83 888 222 -891 -1191
-2442 -1176 -694 -2407 306 292 442 702 1030
1108 1332 899 1284 1578 1212 535 -112 369
-1144 -432 922 -447 306 1217 -45 -519 -620
-1295 -264 -1101 -966 -931 -691 -1503 -1110 -533
245 -572 -446 -366 -481 -358 -397 -506 -139
-522 -624 -5 90 158 165 1192 2434 2002
-1448 -1405 -1025 -657 -742 -289 1658 1831 2143
605 799 352 -47 -39 561 474 280 -218
3176 3120 3158 1462 1882 2590 1066 2436 2550
127 449 262 -455 -102 -574 921 1361 1493
-368 -1619 -1601 468 350 -253 243 162 348
-180 739 1007 2395 1586 2445 2156 478 1745
37 343 -358 -587 -574 -772 -921 -1656 -1992
3517 2799 3138 1777 664 1521 2236 3848 3485
241 801 1229 -174 423 179 -585 529 173
43 583 690 2170 1183 636 1669 1549 1152
-1778 -1014 -887 -812 -925 215 -1293 -1729 -1647
372 -658 -1841 2611 1028 -705 461 -649 -917
181 987 528 441 376 38 -19 61 -217
-393 -1792 -1884 -1040 -2213 -2359 -797 -1961 -2209
61 1688 1568 344 625 740 959 949 1160
-103 544 23 1336 1419 16 140 524 -286
639 1085 822 38 -380 -133 -1261 -1929 -2076
867 66 513 380 295 568 56 1087 1168
-1048 -617 -1502 -1058 -1389 -1475 124 290 523
-978 -896 -996 -511 -750 -1403 -747 -1054 -938
-342 768 672 545 1812 2109 -1019 438 69
-1287 -147 -747 868 1667 1592 1108 1901 1659
-1425 -1640 -1608 -1387 -1882 -1491 -871 -1911 -1258
566 385 265 -131 185 -591 156 368 -533
-178 505 -767 -538 -130 160 -956 -328 -409
1207 1307 2405 -518 -313 386 -2332 -2408 -1931
-316 -442 -136 -1302 -782 570 -576 -324 880
-1473 -463 -1063 -500 -352 -1551 1092 -726 -699
-388 -1762 -755 861 456 1317 -919 -64 460
-860 -716 -470 -2599 -2503 -2669 -1485 -1902 -2146
-502 -514 -847 -228 -875 -384 -1064 -1317 -1393
-748 -971 -146 -321 -194 -610 -249 -361 -385
-432 215 -504 -839 -217 -1065 154 169 130
-1596 -673 -1345 -940 -325 -726 -1345 -594 -1278
-835 726 328 -1241 1055 2092 -1086 585 1905
-1196 -1242 -924 -419 -183 -153 -102 7 -1115
1239 249 2168 -282 -1961 -948 -1041 -1976 -2356
-311 48 387 -262 238 394 -716 -369 -170
-371 -226 139 -504 -307 -159 -46 419 742
28 155 121 743 499 524 1155 955 1012
-639 -829 -955 -348 -227 -602 -514 -639 -779
-409 -418 64 -519 -423 -332 -541 -267 -64
484 290 73 686 500 177 1107 959 998
-63 -497 -434 549 134 40 557 162 -349
890 832 748 1231 1041 1055 877 1024 1102
406 414 682 594 438 488 -404 -118 -47
586 204 276 692 -2 230 637 893 514
995 2035 1169 594 1146 685 828 1681 944
-277 -213 -833 -402 -596 -1087 -99 -254 -580
444 387 245 -130 -141 -26 -417 30 13
-194 -380 -355 -248 -117 -143 0 89 374
-206 340 -33 -154 376 -59 -993 -247 -542
79 -338 -79 209 189 278 446 115 298
-1700 -426 -1013 -1252 -446 -735 -1539 -1148 -929
444 -50 -104 626 -218 41 444 229 281
-341 -255 -264 -543 -261 109 -158 502 529
-101 -807 -753 12 -412 -419 -162 -519 -559
76 102 144 31 29 233 -357 -252 -217
-1099 -524 -643 -704 -473 -287 -226 -296 -282
1263 1662 1495 790 1047 1279 825 1421 1175
-141 -611 -423 -186 -659 -538 -166 -651 -860
-447 89 -411 -356 -101 -258 -528 -636 -626
-466 -821 -669 -399 -486 -228 -101 -216 -38
-223 -210 84 -808 -1446 -756 -937 -1573 -971
-316 -463 -734 -377 -377 -653 -596 -470 -369
-500 -301 -190 -663 -231 -84 -640 93 -240
-859 -1168 -991 -288 -170 15 115 141 558
286 757 1001 341 565 913 731 1417 1147
-483 -348 -574 -773 -309 -733 -585 -866 -803
-167 215 136 507 712 600 799 605 797
583 223 393 123 -180 -136 -78 142 -283
445 593 673 245 234 468 382 489 472
13 27 -89 -101 87 13 -653 -170 -411
173 349 115 122 161 -65 56 512 -93
744 -88 205 62 -620 -299 -373 -1139 -447
102 -838 -588 76 -256 -657 333 -71 -377
898 1058 204 837 1088 217 592 973 243
-127 -371 -403 -33 -453 -619 220 104 -423
585 684 432 341 425 284 154 440 255
219 679 -338 -51 506 -188 -5 947 345
193 -315 -161 811 17 525 1115 488 765
552 610 403 19 366 319 -245 660 668
-152 529 253 66 479 190 84 434 330
-395 -463 -488 -299 -572 -388 -661 -704 -611
-443 -1078 -1226 263 181 -152 -163 157 -444
-426 -18 40 -135 415 577 -112 524 439
680 295 5 683 426 349 975 718 777
500 471 393 272 482 113 -117 284 -191
195 250 -87 111 344 170 343 300 35
65 160 13 -4 201 -221 -240 -137 -476
-55 320 461 227 807 828 741 1087 1034
331 310 441 831 1059 996 1172 672 1076
-215 -848 -1209 -666 -709 -1027 -601 -531 -745
-421 -629 -523 -557 -418 -475 -561 -598 -540
-13 -34 26 410 485 163 308 166 -161
-576 -140 -601 -260 -248 -500 -523 -533 -819
-475 -52 -254 -360 -291 -429 -678 -547 -970
440 329 -119 595 335 -290 356 315 -344
-460 -637 -717 -32 -187 -90 -268 32 -40
-296 -156 -147 -446 -510 -498 -517 -183 -59
136 88 -32 -447 -374 -500 -503 -289 -470
1524 862 1097 577 -438 156 -813 -472 -590
-542 -314 -218 359 -333 -225 589 -105 426
-522 -704 -697 -721 -797 -619 -298 -716 -458
268 252 168 261 -243 -326 -141 352 -196
-1082 -197 -361 -1104 -443 -715 -513 -93 -470
556 190 149 912 501 810 1032 639 604
993 462 949 958 520 868 848 -87 67
11 513 437 -213 -447 -196 -462 -430 -51
-291 -583 -1378 -554 -808 -1399 -1194 -92 -697
-388 -657 -720 67 569 200 691 1013 633
-754 -762 -683 -1129 -1076 -970 -1205 -1468 -1199
550 -704 -577 992 -87 -174 1083 1118 884
-51 -693 -531 -215 -577 -461 -63 -271 -502
-1142 -150 -361 -293 231 -166 -185 -153 -766
537 -13 -8 552 359 877 1250 1028 1809
547 285 31 400 648 226 593 385 252
412 351 1229 392 686 1164 -706 -360 53
-532 -559 -677 -267 -569 -718 17 25 140
-80 -341 -77 -1 299 329 803 754 1153
894 332 564 1387 970 720 655 132 351
-516 -841 -589 -493 -591 -127 -339 -64 784
-535 -150 -419 266 -157 -7 369 520 526
-566 -460 -235 -872 -936 -926 -841 -1537 -1073
715 116 1070 580 683 1301 870 834 1251
344 -160 325 -17 -638 -21 74 74 54
1845 2086 2387 1655 1874 1766 1971 2188 1814
-488 -1068 -792 -378 -916 -532 -520 -517 -119
1308 635 1454 944 1273 1221 -242 104 300
-1757 -1065 -992 -1036 -222 -80 -485 -514 -539
466 430 -19 242 399 449 482 507 -82
989 -38 127 218 -997 -425 -879 -2035 -1322
-1117 -1216 -1269 -1551 -1202 -1877 -985 -1025 -1141
272 -78 -343 -187 -530 -566 -254 -748 -631
-525 -723 -841 -1733 -1895 -1532 -2228 -2357 -2212
-304 -124 719 -102 62 413 -361 -304 160
-367 -794 -814 -281 -598 -166 -967 -1089 -217
-935 -89 -542 90 263 137 1393 1477 971
347 -85 198 586 439 675 83 237 600
707 1476 1311 457 996 616 169 1146 319
437 -38 1227 752 799 1353 984 1166 1521
867 -218 424 364 -341 803 839 283 1016
-106 -325 283 -268 -242 194 -476 -670 -111
-1655 -2019 -1547 -1797 -2075 -1694 -258 -396 -317
-233 265 12 -89 229 -130 14 324 110
1153 1016 1334 1207 644 906 891 240 299
-79 -977 -461 -989 -1562 -1319 -830 -1598 -1319
241 632 566 178 660 680 255 531 191
-442 -783 893 -377 -194 754 1412 969 1773
1080 1848 1291 1627 2006 1779 1695 1343 1280
-126 -360 -75 -624 -684 -767 -663 -1029 -918
1016 1781 1219 813 890 210 -167 39 -766
25 -391 -223 334 131 -5 707 261 547
179 195 -28 199 209 -176 499 996 579
-454 223 -95 -1416 -1144 -1439 -1644 -1455 -1147
511 258 591 -164 104 348 307 385 453
167 963 851 -66 188 362 136 498 451
323 -881 217 -66 -46 835 -122 274 1271
426 -376 -235 344 -350 -429 1060 583 574
-881 88 180 -115 202 179 -260 213 776
882 12 237 574 354 199 28 -61 -498
233 415 256 231 324 585 207 234 -238
601 200 -22 1246 2080 1600 1545 2372 2294
-224 -345 -245 -193 -63 -584 -1143 -1048 -1653
-1581 -1892 -1962 -1872 -2000 -2214 -1315 -1930 -1475
-655 -1076 -230 1225 617 1383 1622 812 1100
952 464 465 -344 42 -292 -1728 -1437 -1086
-516 -72 303 171 1288 842 894 1337 561
-1612 -2400 -1406 -391 -1026 -776 492 318 362
927 6 50 -153 -660 -336 -502 -223 -458
-604 -1435 -1017 -468 -504 -487 525 255 441
22 -274 -56 412 977 1058 -65 -63 475
-234 -126 -749 527 148 -110 1676 1652 1937
-1182 -1500 -1569 -152 -1145 -688 1823 1069 1589
1478 757 608 577 188 673 -915 -767 -579
820 569 226 1596 735 993 1216 1019 983
-517 -1656 -1695 -163 -902 -1010 528 168 202
499 811 294 -2201 -1381 -1810 -1678 -507 -1168
183 -117 -851 -416 366 -603 190 312 148
-711 -553 -1195 -131 -871 -203 1744 1496 1970
2258 1509 1630 1706 1402 1680 75 92 60
-1166 -1937 -1682 -683 -882 -325 -816 -407 -213
621 882 1144 2257 908 1813 278 -413 141
-109 -93 -404 -1295 -1201 -1806 -1005 -993 -542
-1782 -1109 -1617 -1266 -969 -1332 -617 -851 -1288
2455 2342 1722 2475 2181 1867 1816 2113 1660
506 -55 1588 1490 706 1193 1898 1603 1872
398 162 938 271 540 1063 -691 -1058 -659
-1289 -1751 -1374 -130 -710 -420 390 -355 -383
85 500 1334 -280 -1130 -773 535 -317 -132
631 743 929 -532 -266 901 760 1060 1799
-572 -463 -1020 422 494 120 1065 1474 1230
-157 602 178 -194 522 -30 106 -362 -210
-660 387 133 -1022 -765 -194 -259 -631 -199
68 -835 -681 184 -109 372 -18 462 64
-1197 -1125 -833 -1224 -147 29 -787 -123 1094
982 688 879 752 1874 685 -2701 -1780 -1724
-966 -1559 -827 971 990 1024 169 662 456
2329 1183 2638 -172 -1100 -653 -2259 -1599 -2326
-414 -414 -168 1590 661 1547 1441 519 1401
199 699 201 -439 -523 103 952 416 1349
-795 -452 249 -893 228 829 -680 227 1317
722 103 496 1200 639 1120 938 774 946
1538 2705 3103 -394 109 657 -1926 -1423 -1638
-851 -1352 -733 -602 -1204 -543 1056 486 135
-328 -63 -502 14 -592 -677 1147 -416 96
-1434 -1067 -1330 -1036 -1047 -956 -10 -224 203
-61 -506 -15 508 -383 -511 -569 -1273 -1171
2174 2236 2104 80 240 -335 -900 -360 -1099
-923 -670 -248 -953 -409 -908 -896 -559 -504
-1055 -1908 -1173 -1090 -1165 -1207 778 880 964
-871 -188 -258 -1052 -1087 -862 -607 -221 -264
159 743 158 -762 -1281 -503 561 -5 438
862 1085 1013 -488 -228 -340 -906 -1178 -1406
-266 -92 399 -983 -825 -180 -310 -590 -182
1288 1624 1584 -156 -96 565 920 1445 1409
85 -423 -1412 -193 -119 -672 685 769 739
1062 791 1030 -229 -790 384 559 994 1319
889 525 357 -691 -854 -1092 -1834 -2049 -2184
-52 188 -262 -438 -539 -879 443 -150 -147
-1305 -1533 -1036 -617 -919 -37 535 614 743
-620 -1282 -1265 -1453 -1394 -1489 -1874 -1855 -1807
-310 488 -274 136 345 187 184 -185 101
-711 -1299 -1672 -18 -515 -6 -66 -263 821
1410 605 633 84 -447 -784 -164 -214 -617
83 -769 -507 447 253 94 241 283 -1226
-852 -1029 -1433 133 -500 -780 683 452 -290
-284 315 1457 548 281 967 556 159 827
60 325 -950 129 1382 -105 1422 1888 1581
453 857 1029 941 1189 835 1207 1201 1300
66 151 721 538 463 476 -566 -526 -374
539 652 335 356 111 -204 221 -154 -310
-474 -1429 -1039 -168 -1220 -666 65 -309 -251
-690 -668 -1274 -459 -371 -961 -751 -565 -1052
-238 -298 -20 -440 -274 197 -382 -280 222
678 931 685 426 666 217 218 -47 -379
-389 -345 -250 -133 102 -106 -109 -295 -351
-506 3 -275 -248 321 377 -701 -109 -502
-509 -454 -871 460 -37 -344 887 658 377
-424 -603 -754 152 -150 68 30 -398 -65
249 -17 -792 208 41 -484 -375 -839 -555
124 182 -490 343 323 136 281 291 246
1047 866 932 924 720 666 524 654 572
-834 -346 -437 -610 -269 -137 -317 -181 11
920 955 627 298 276 -561 -974 -972 -1196
-316 -228 -334 -333 -150 -542 -404 -258 -180
-848 -418 -923 -446 -174 -424 -1290 -792 -551
713 694 -229 1338 1181 455 -333 -504 -803
495 215 292 449 380 381 -138 7 -237
-393 41 -810 112 -141 -344 363 45 191
249 458 1004 467 281 895 654 550 1067
-432 -828 -394 -35 -392 119 -674 -424 271
7 1065 1242 -615 385 370 -346 182 315
-347 -192 -593 -732 -576 -529 -581 -345 -185
-38 -275 -751 29 -239 -495 124 -155 -292
-80 -405 -333 -59 -476 -619 -319 -848 -496
1861 1805 1859 1137 1231 1224 46 125 388
194 -196 235 -78 -361 -388 -950 -465 -710
-316 -69 -686 -346 -346 -499 -757 -1109 -1167
799 1 45 1140 -226 -192 624 -594 382
322 346 1052 649 30 742 664 425 847
526 304 326 1221 880 239 854 1027 142
105 201 258 61 29 -335 -633 -926 -1077
-881 -653 -1106 -679 -456 -669 -939 -1331 -984
-436 -491 -943 221 295 -236 377 -61 303
-1065 -751 -612 26 69 155 439 255 142
-1098 -1902 -1697 -912 -1468 -1772 -365 -939 -1377
-89 -62 289 -253 114 509 -560 -280 240
-886 -868 -424 -374 -103 124 -217 -408 -474
213 388 -181 -601 110 -848 -802 -349 -1031
1192 1051 834 936 881 781 1604 1460 1583
-699 -304 -37 -441 88 -228 -75 50 -308
-374 -272 -13 -54 -316 -52 -648 -852 -222
510 378 774 248 602 545 66 -82 243
251 1035 228 -791 434 58 -379 791 882
-235 -601 -652 -107 -257 -1 -307 -661 -489
-927 -417 -512 24 531 670 -154 259 622
-6 752 732 -755 22 -126 -271 516 673
-1210 -968 -1433 -1165 -541 -655 -771 -365 -250
403 218 477 -322 -35 239 -107 8 26
-712 -453 14 -655 -623 -189 -111 -217 -108
851 834 592 236 255 573 246 110 952
-323 57 -157 -244 -163 -228 -640 -624 -691
-495 423 616 -655 241 205 -217 300 -203
-875 -418 -233 -1075 -673 -107 131 181 499
47 560 152 -7 585 648 361 1067 1174
497 402 583 4 162 337 -377 63 -228
787 501 -211 667 402 -190 959 514 213
144 995 448 894 1509 1075 1085 1228 1133
48 199 -268 636 946 650 721 214 157
588 1060 877 -568 -124 -65 -401 -448 -317
1093 1148 1178 749 951 633 -76 -178 -308
381 -456 -376 -265 -854 -910 -402 -696 -660
-2159 -1580 -1845 -967 -710 -693 254 883 1056
1624 772 892 1217 151 656 519 -882 -133
916 565 290 -86 -215 -433 -1127 -1208 -1327
1035 510 17 -353 -927 -623 -1059 -1037 -1363
-1982 -1328 -1968 -1146 -577 -1335 -1167 -942 -1285
-160 572 45 -292 184 102 572 312 671
1281 1371 1857 -304 73 -252 -124 -386 -448
-385 -275 -389 78 108 109 -1080 -738 -400
2243 3038 3148 -968 -524 -844 -1894 -1202 -2164
-1980 -2016 -1819 -1485 -1076 -1507 509 961 461
-82 -354 -276 -1608 -1438 -1436 -254 -222 -269
1037 274 488 1503 439 584 1690 1282 886
-248 -862 -656 -1176 -1090 -1051 -828 -1024 -847
-23 -350 -390 569 33 507 982 482 844
490 577 758 -1675 -1228 -1616 -1558 -1869 -2310
-598 -657 -572 26 -242 11 -970 -656 -998
-1439 -1319 -1829 -119 -168 -222 100 -94 190
962 0 670 -578 -876 -954 -1348 -1483 -1611
-279 222 848 220 654 908 1431 1581 1726
608 1315 1148 -13 -235 -520 98 -451 -493
-2318 -1808 -2089 -62 -64 115 761 1001 1024
3526 3220 3264 1608 1712 1954 1353 964 1189
286 48 552 -451 -570 -10 -326 -424 257
-121 423 965 -198 -259 -390 -195 -786 -1085
623 932 215 53 -419 -382 475 426 846
399 670 229 1101 1112 857 1572 2366 2083
-272 -1255 -449 276 -602 -205 1252 980 861
-424 -866 -458 -94 -457 -384 554 387 381
-441 -301 -430 -1816 -1694 -1682 -1254 -1504 -1754
-972 -935 -955 -35 -647 -448 1394 960 810
276 -261 -88 -548 -1152 -686 -1619 -1954 -1768
-434 -161 -223 193 517 863 451 1130 1521
798 330 175 694 -325 -225 447 -352 25
-2980 -2517 -2383 117 -42 -258 2938 2230 2562
-1321 -755 -1157 -1547 -430 -963 -1336 -418 -728
-315 5 78 -416 -164 16 -805 -774 -750
539 30 -65 888 754 741 1391 1491 1374
885 1628 1543 -299 -185 -511 -1258 -1102 -1423
-735 -680 -1005 -173 210 -153 843 412 864
781 464 1005 -533 -631 -30 -476 -385 -7
-515 -322 -360 -44 878 531 450 1077 268
-101 -401 144 883 630 1369 -617 -507 -244
-1161 -1004 -1500 -1674 -1123 -1582 -1246 -1195 -1491
-191 -613 -476 693 -13 661 1593 1372 1822
-982 -473 -608 -195 630 2 -30 -290 -518
-764 -1533 -1057 117 -385 220 862 533 795
869 1145 539 889 969 628 1038 700 926
30 218 675 -972 -911 -686 -178 -272 -684
794 -528 8 279 155 190 764 1033 898
-297 -236 -438 706 602 -66 2075 1255 1388
561 1528 564 315 527 122 115 260 244
-33 107 -138 -128 -88 -291 -431 -208 2
156 193 47 697 348 261 628 279 -42
-942 -603 -1081 -312 -61 -666 66 282 -30
-299 -532 -712 -682 248 329 1717 1711 1744
146 568 197 329 984 477 -480 551 631
731 -353 225 -841 -1299 -1136 -268 -307 98
881 1202 1015 1046 425 767 -64 -400 -58
-115 408 1147 -952 -297 342 -702 -735 -789
1605 1693 1809 994 1347 1834 496 1389 1095
137 -125 675 -237 -521 -716 -310 -407 -359
1665 1616 1515 289 -146 -109 -672 -938 -1049
-365 -873 -895 -540 -351 -366 -594 434 64
-742 -965 -1154 -490 -396 -518 649 862 893
1167 45 -487 1055 -125 -206 1948 41 109
848 1239 1113 -888 -1298 -559 -2643 -2104 -1964
627 1228 1247 333 430 193 -471 176 60
-1149 -1238 -377 1168 267 584 690 623 346
533 605 -110 -262 -84 -131 -1516 -1802 -1908
1126 1052 807 -1023 -215 39 -1577 -1335 -1737
695 -139 1213 552 271 553 1599 1086 1307
1295 862 515 518 27 -687 -425 -919 -1884
-3121 -1236 -2118 -1749 -1228 -1822 -2254 -2327 -1872
-20 247 -73 -292 85 -67 455 809 -190
251 308 929 -860 -286 257 -828 -489 -911
1190 972 1484 1156 64 -275 -248 -738 -2250
-923 -254 -603 -703 -148 138 181 687 967
-2589 -2149 -2064 -406 -57 280 635 930 1000
-1573 -712 -613 -1104 -1417 -467 1079 424 945
-1414 -806 -817 -1034 -968 -946 1855 1278 759
1465 470 60 766 -107 -315 -299 -234 -365
472 803 86 -493 -530 -300 220 574 302
169 -71 -1035 -178 19 -212 1481 1858 1546
390 914 1346 416 172 552 -827 -1345 -678
-2398 -1351 -2041 390 415 1039 1658 1548 2072
2462 680 880 752 -323 -166 62 -733 -631
1782 783 1206 -263 -464 88 -1960 -1314 -779
-1067 -1064 -918 475 150 111 328 66 332
-953 -1240 -523 -169 -667 -550 589 -757 514
2193 1048 -76 1617 887 147 314 387 1232
6 -612 -422 -129 -468 171 687 -63 375
-911 -1452 -1509 -1516 -1673 -2015 -381 -590 -956
280 979 -427 1260 771 342 -325 -818 155
-138 -153 211 -1985 -1843 -1099 -2376 -2511 -1867
-634 -620 138 100 415 75 -832 -208 -1433
-504 -483 40 217 -446 654 -157 -948 -956
1117 1004 685 418 -381 518 528 -674 -146
87 677 -92 122 53 -93 1429 70 1271
-86 -234 83 -611 -427 -609 -1024 -895 -1455
1050 885 1564 483 352 1278 -1233 -1002 -609
478 2175 1519 -62 894 -391 -378 699 75
1224 1198 1776 208 -253 451 -290 346 407
-1730 58 685 -1937 -23 189 -1067 -798 -699
945 977 761 -86 -154 644 134 -115 -1225
-1782 -914 -1584 -1159 94 -756 1202 1740 1521
258 -185 -84 -1202 -1640 -1906 -1012 -1820 -1927
-834 -1129 -794 -1101 -484 -331 -305 653 704
-461 -56 -298 -1275 -431 -702 -25 818 839
3611 2634 3577 3730 3345 4386 -1033 -612 -201
-15 -1634 -341 -299 -814 -531 290 -303 435
779 419 707 -523 -208 -915 689 330 635
1064 168 802 437 -629 293 949 285 724
791 -411 -320 1510 1433 1430 1375 2094 1734
-497 -556 140 -760 -509 -210 -1322 -1070 -583
-2103 -1961 -2001 -554 -1555 -925 709 -48 78
-104 -217 -707 243 -91 -299 319 216 948
-1168 -1041 -1589 -843 -305 -1019 763 1266 201
-334 -555 -360 -907 -753 -1640 -770 -768 -1314
504 935 799 -390 -696 -304 -277 -135 288
2042 2364 1897 1183 1925 1860 -1050 -212 573
945 425 1315 2307 1646 2093 1117 920 1614
1531 1885 974 1895 2113 2180 1373 1182 2213
1849 1802 2205 1576 1604 3113 1676 2446 2452
-51 -392 -202 273 1157 729 -26 621 775
6 -160 -959 -1872 -1506 -1038 -1457 -1855 -1153
-494 82 231 -672 524 -215 1174 1802 1805
-614 -606 -865 726 -147 -176 1345 2385 1293
1180 1501 727 530 -107 450 -482 -98 -339
861 611 1130 449 542 1171 810 1369 1268
662 637 269 -403 -101 -129 -976 -576 -542
563 487 463 638 152 56 -173 -78 -333
-101 331 -201 -683 -410 -829 46 427 -349
832 996 630 1109 696 783 998 452 262
756 577 -156 61 -290 -189 151 256 279
541 583 469 163 324 -106 -1043 -797 -718
-780 -502 -92 -821 -298 426 -646 166 770
-1717 -1487 -1354 -1124 -782 -205 9 -96 -77
-440 179 -319 -950 87 -642 -1380 -851 -935
-586 -304 -109 -263 -423 -297 536 -15 393
-1732 -1643 -1538 -1181 -1345 -1656 -112 -473 -786
-1000 -59 -1188 -2078 -1015 -1918 -1390 -848 -1806
1286 911 592 -288 -157 -225 -198 48 219
-404 37 -889 -54 -353 -961 539 291 -366
-665 -272 -494 -699 -74 -559 -274 265 4
-300 -3 438 -373 -794 -39 -257 -532 -422
971 913 403 1397 1009 494 28 -723 -1146
-306 448 1249 -326 284 745 378 738 829
-607 83 -106 -1207 -1040 -1293 -1649 -1535 -1892
241 618 899 -219 -102 209 937 338 102
1257 855 542 13 184 -459 -52 -78 -148
3 -54 42 559 187 479 -305 -488 -495
-493 -607 128 -806 -732 180 -724 -528 -52
-469 -249 -357 -377 -777 -980 -452 -803 -1041
-434 119 78 -1626 -1027 -614 -979 -1084 -452
507 -18 -486 657 441 117 176 56 -91
-578 -639 -1057 -500 -335 -560 -45 -176 -377
218 884 731 2882 2453 3335 3056 2421 3119
-770 -527 -859 -1059 -566 -897 -127 -112 -378
-1104 -1396 -473 -1131 -1493 -1094 -1112 -1189 -998
-1265 -743 -818 -419 195 -382 -35 265 -277
-177 -386 -436 -190 -374 -575 -734 -456 -906
1249 1293 910 201 216 377 -1164 -711 -942
606 60 283 402 295 -408 -806 -614 -637
-1043 -429 -124 -701 -87 19 -547 -145 -132
728 22 -470 1136 1226 926 -179 825 963
-417 -605 33 754 513 659 784 485 843
-528 -780 -1210 -836 -718 -1141 -1161 -1469 -1562
443 38 -641 51 -279 -1176 -188 -105 -1697
326 -166 -221 -503 -63 -558 -727 -284 -330
-208 -453 -435 68 -588 -265 -48 -482 -613
521 -155 -42 610 202 602 -512 -855 -345
477 653 190 -906 -211 -5 -812 -221 -33
1589 1049 842 2544 1845 1988 772 875 666
-1031 -1167 -909 -233 -478 -384 -201 -402 228
-196 137 -370 -1081 -562 -658 -939 -346 -31
1179 696 6 -714 -674 -867 -1129 -1273 -1117
860 1527 1556 390 279 746 764 344 722
-931 -544 -722 -1246 -809 -1079 -1293 -891 -923
-1090 -400 -590 -1360 -726 -648 -165 -485 -148
352 -13 138 77 -607 -63 770 767 758
728 649 609 685 730 1079 288 -189 533
-720 -716 -337 -1078 -449 -21 -416 -137 246
-1179 -545 -645 -574 -279 -515 375 333 646
221 472 203 217 511 336 347 599 23
-410 -877 -557 -941 -812 -461 -677 -809 -278
1170 1324 1309 2088 1788 1933 1977 2419 1803
242 145 -252 337 -129 119 -338 -240 -303
-1195 -1506 -1483 -500 -814 -1481 84 -150 -428
806 606 -235 519 210 -223 498 -53 -811
-532 233 842 62 475 680 -876 -612 -1130
-121 750 895 -10 767 1163 -312 -59 577
860 908 1398 844 988 1286 1078 1568 1631
-585 -243 577 -395 -431 18 -830 -1126 -572
-531 -440 -44 -1179 -1123 -1061 -1037 -298 -126
917 396 -507 856 413 -71 884 561 -180
25 -163 562 578 -285 594 863 -324 185
301 24 8 -276 -557 -935 -548 -274 -1019
-277 -1224 -1046 -130 -707 -999 -275 171 -394
-406 -89 -654 56 928 451 128 497 425
502 24 152 1073 730 730 584 1410 938
-312 -157 -876 549 271 -200 1134 824 468
203 183 -327 895 819 467 327 -78 -57
651 477 623 940 1076 868 471 567 303
-402 -1008 -1781 -471 -1084 -1314 -1180 -1026 -913
138 180 281 -439 -542 -654 -66 -118 -596
1002 1537 1638 -1 251 201 -370 1225 739
-1720 -964 -1510 130 728 655 871 1502 1552
655 221 -59 542 306 -258 259 476 -217
-2492 -1431 -1568 -1243 597 -21 -879 589 316
125 -233 -833 389 272 -34 21 -191 -129
-1465 -1471 -933 -1489 -1112 -1033 -761 -747 -1235
9 347 -341 619 567 -42 120 588 650
1794 1278 1395 851 -376 -567 653 185 -114
887 887 1177 1157 1176 1257 -69 -595 -507
544 871 1189 760 903 1427 936 960 1174
1487 921 947 0 -16 69 -1745 -1413 -961
515 -316 -566 384 371 79 331 268 58
404 -62 -459 367 18 -271 274 -416 -91
1432 2135 2143 746 1332 1426 -242 -253 154
135 259 -178 -385 3 -466 -651 -781 -1026
-605 -177 -177 -1267 -724 -920 95 388 360
-1879 -2173 -1800 -1111 -1072 -1169 146 -24 -225
219 78 233 566 1158 1105 1085 1764 2226
-11 163 148 -1190 -791 -1212 -2240 -1940 -1938
-279 -430 -537 368 403 28 583 1002 639
1948 1709 1861 -59 30 -228 -774 -227 -531
92 -253 -92 103 -286 -122 219 -419 -16
504 56 -509 411 561 486 568 1181 1338
-1914 -1117 -400 -1492 -810 -330 -1558 -715 -333
278 414 273 159 473 208 391 802 744
258 771 616 103 461 506 -1031 -527 -265
14 -80 -405 -414 -291 -555 -173 -480 -139
325 27 -55 246 163 193 28 -207 -158
-955 -917 -1187 -525 -77 -235 566 548 1036
15 -84 -337 735 217 -19 172 -6 -115
85 50 685 -527 -677 -425 -1000 -598 -1075
838 1325 1512 269 694 674 583 1374 1347
-904 667 409 -669 986 484 59 1717 1368
-297 10 -324 238 123 -169 148 386 -203
-106 32 -173 997 1060 1046 1562 1262 1572
915 203 453 573 -110 196 -268 -568 -881
91 360 265 6 416 75 876 1044 926
201 62 -358 1091 1275 621 1253 2347 1692
717 1016 1265 874 640 464 349 -134 -14
652 734 788 358 154 187 39 431 552
-501 -464 -102 -389 -640 -768 -495 -1179 -1240
-399 -270 -490 -899 -753 -916 -439 -507 -707
-546 -135 -1530 -465 -178 -477 -232 -127 95
771 1130 640 -705 -44 -520 -656 -407 -661
128 110 398 -129 -594 -309 151 -296 -218
32 407 548 -530 -331 -426 -825 -823 -1499
-261 -151 683 -546 -403 -44 74 135 176
200 528 48 725 705 69 1055 987 -1024
269 -612 -468 -544 -196 233 559 765 1222
1235 821 1482 115 -446 151 -827 -1070 -1045
1281 1372 1155 873 774 911 1046 958 1336
-512 -941 -108 -602 -143 128 -485 69 -481
196 1047 244 -1040 -2 -550 -424 -138 -128
-372 -585 117 212 1135 1701 678 2746 3412
-6 -1729 -1660 -15 -1020 -934 -1247 -1647 -847
2376 2279 2571 -469 144 -46 -1665 -1719 -1268
-1138 -16 -233 -1202 -562 -862 -193 484 -113
840 -632 -1052 632 -577 -1103 300 -85 -241
1169 1313 613 1525 1337 1271 1909 2245 2155
-395 -1666 -1019 -677 -544 -455 -561 -360 -88
1390 1530 1291 1049 779 938 -387 -930 -883
906 997 637 1332 470 137 891 144 488
1878 1458 1528 632 505 362 117 1335 756
-599 282 -348 -1480 -424 -1245 -561 -33 -443
-709 -1169 -1426 429 -480 -837 836 236 -265
1482 490 698 1513 983 795 1044 175 -153
657 -874 -4 897 102 547 909 607 924
247 -207 -1043 -1035 -1184 -1060 -633 -946 -1011
1550 1198 2614 881 328 1997 -408 -984 14
240 51 224 -25 369 656 854 1602 1204
-43 519 662 -465 -966 -525 -562 -1321 -1101
619 15 320 323 -585 -271 222 -863 -913
-1045 -782 -41 -934 -238 199 -210 974 1019
-2011 -1185 -1879 -2084 -1377 -1554 -893 -975 -1245
-606 -229 -235 1 -56 187 87 -532 -440
-63 49 418 -464 -366 -108 11 492 168
-351 -582 514 -996 -797 522 -513 468 459
185 187 739 1333 1274 418 1091 733 -43
-107 -700 -160 -305 -643 -423 -559 -204 79
-291 -518 -223 407 1189 1568 1195 1251 1412
783 1306 1643 474 1155 2254 1155 2237 2973
347 -310 -408 127 -431 -146 953 533 934
-704 -658 -655 281 463 628 -649 229 -396
-490 444 228 93 795 444 -136 132 -384
862 558 876 192 45 -180 -468 -568 -1047
196 993 409 -1331 -11 -785 -764 873 -322
225 -423 290 -573 223 78 -31 834 -202
382 332 947 1706 899 1483 1248 202 1359
-1852 -1302 -1845 -1301 -595 -1175 -96 406 -423
242 -90 -342 458 339 73 -1007 -950 -1368
-604 -556 -80 -402 -888 -125 -209 -208 -750
301 -1931 -925 -153 -1534 -1303 -498 -1133 -1346
215 1264 714 -192 -331 -1131 -901 -1431 -1201
1114 1790 1884 1312 1091 1108 1186 755 740
1205 1050 1220 568 22 -115 -112 -782 -297
-651 608 168 -398 641 92 -578 -307 -677
-1298 -96 -1320 -1403 -867 -1376 -186 -465 -922
113 -417 -498 -353 -436 -612 -179 55 -591
67 579 708 853 1335 1714 2056 1511 1641
-581 22 642 -459 -175 677 15 197 173
-1086 -734 -599 -430 -492 -480 100 329 32
-687 -585 167 -684 -921 -1547 789 273 -539
-507 -179 -1198 -290 707 728 1265 1212 1785
390 709 966 573 562 946 -266 -1171 237
-1226 44 172 -1084 -680 377 -1001 -1277 145
-886 -989 -928 -411 271 -290 781 174 323
-88 -401 247 220 -327 222 -327 124 448
-320 406 670 -540 -526 -730 -997 -2224 -2011
-1314 168 -1312 -263 1312 420 -714 91 -105
186 -112 445 -134 136 222 763 193 -15
103 -448 -669 -955 -1528 -1111 -881 -1105 -822
-784 -975 -1018 -342 177 -164 -333 251 -445
-1210 350 292 -1236 89 713 -112 253 959
109 -14 -518 193 88 179 313 224 265
-346 247 172 -1010 -100 -295 -449 287 605
1482 2624 2483 1173 2147 2074 1034 1486 802
-1508 -1701 -1473 657 982 868 22 -334 -363
626 1362 1038 976 1027 344 773 713 -518
-393 -553 -1056 -746 -1194 -1135 416 834 938
-451 -652 -596 -1000 -962 -311 -245 -101 -71
-931 -1438 -1107 -649 -795 -619 -322 -756 -170
66 714 710 -1168 -522 -306 -482 -660 -534
-461 -173 -171 -1387 -981 -181 -1097 -1295 -662
-449 -467 35 -1526 -1217 -1027 -917 -610 -759
-90 163 -167 90 352 979 -645 -716 392
-872 -1072 -1058 -653 -1144 -1307 -480 -879 -483
-504 -201 -695 -277 -15 -383 -730 -1340 -1421
412 315 -200 -77 417 54 72 558 202
343 302 604 356 59 351 611 410 903
1234 1598 1548 2064 1649 2280 588 544 531
-200 841 699 400 898 308 -901 -1101 -1679
-1086 -1619 -532 -978 -603 -313 -1681 -1320 -1064
785 794 -356 599 373 -347 -405 -604 232
1076 1132 1169 1027 904 851 -122 125 100
-38 -26 -745 741 825 516 -602 -448 -543
460 616 336 299 151 636 -267 -253 -72
92 -247 42 -172 -143 81 -668 -551 279
-273 -1286 -1035 -1243 -1551 -1700 167 -986 -622
962 766 28 502 -1 -756 834 342 -162
460 402 379 765 690 568 741 1170 170
272 -188 -204 489 226 -341 503 10 -188
1236 84 -296 1075 -164 -536 763 -168 -452
1491 1008 1035 802 873 805 -875 -636 -766
1085 63 430 -175 -271 26 -945 70 -65
-812 -483 -528 228 704 463 -645 -283 -968
1751 2192 1814 2213 2193 1958 1509 1432 1452
100 322 327 579 1156 788 -214 187 634
188 888 1121 1527 2088 2074 1356 1727 1378
902 617 911 548 847 787 -349 -571 -220
96 271 111 637 276 330 -416 -1582 -1035
79 399 1163 406 229 307 -194 -764 -229
-293 482 538 -93 544 780 -156 -55 137
990 938 1142 -214 176 -306 780 505 314
-395 -328 -496 -149 -338 -579 -489 -384 -462
-234 -109 248 -207 588 413 -478 -171 50
586 488 736 410 -411 -539 -8 -1321 -1408
-885 -361 -206 -570 -6 276 -41 393 249
-821 -679 -323 -816 -487 -529 511 851 506
57 327 -20 -243 107 -426 -444 -170 -332
-388 223 -259 1061 941 1279 634 -282 357
1 117 -764 138 45 -422 322 845 885
-463 -810 -1236 188 95 207 554 -57 -319
-1075 -1821 -1307 -1281 -1357 -1207 -160 153 748
939 1734 1718 -636 842 318 465 1807 1532
-229 -1020 -1337 480 59 113 553 368 440
799 485 554 -472 -349 248 -685 -538 22
-908 -643 -921 -1673 -1552 -1766 -1664 -2050 -2033
933 28 128 1313 227 95 1996 1033 1528
-592 -824 -775 -420 -303 -788 -1419 -920 -1672
161 -917 -430 -717 -624 -504 -917 175 -835
103 1203 1264 -611 386 261 462 -24 474
240 -787 -1457 -264 -470 -1225 899 640 214
-755 -1412 -947 -2142 -1897 -1062 -2180 -1122 -894
-393 -394 -46 -542 -164 454 -212 456 909
478 671 1006 415 104 600 45 -262 240
-867 -876 -1514 288 488 -75 123 -181 -310
951 950 438 -405 -129 -1009 -1426 -1674 -2089
734 996 1923 1178 876 1637 1506 614 899
481 254 753 977 615 882 1977 1373 1175
-1617 397 -344 -273 1557 -415 2137 2219 -1442 -1293 -1463 850 1316 854 252 -349 37 342 -132 980 -236 -1095 -317 757 -803 77 -590 -1061 990 -444 568 -72 -230 267 -254 2119 235 -462 -598 -12 -511 -1261 -1037 -606 -59 -1593 1691 -155 47 -679 -17 37 -877 -851 97 783 222 -182 422 -1453 1233 -1762 -775 -1627
4092
-3315
724
-3884
2659
-3290
1634
-312
-552
732
2317
449
1888
1264
-3802
6267
3007
-3253
-1366
1863
-2591
479
3161
-841
-933
-1201
3418
-73
644
-4676
-5339
1601
2973
-4795
-489
-2897
-421
-3613
1111
366
-4394
-4428
1743
3645
-2837
6486
-1039
5069
1037
-1602
-1844
1763
-1854
547
5308
271
-4559
1540
3671
1465
1517
-5880
-1685
2342
2017
-1768
3581
2425
1305
-8413
4306
-1994
-4094
493
3461
3580
-1618
9919
2590
5572
-3939
-1052
-681
3505
-4078
-1785
2138
720
-4787
5710
8357
6057
3459
3416
-6063
-1806
998
-3609
756
2839
-998
-7768
4289
-921
-3049
2316
-3039
5214
4051
11606
-754
2819
2533
110
-2559
360
-1198
-452
-1774
-4944
1116
-118
5540
1877
1853
252
3296
-1440
-4270
-2432
-2394
-1294
-827
1214
-1293
4416
-697
3234
-1498
-3831
4482
-1533
-940
2633
-355
1313
4959
957
2053
3030
-1398
17273
-9578
-2451
2886
3402
322
5335
1492
-2966
-2313
-3766
-4072
-996
723
-5732
-848
1202
3623
-2659
4811
-1186
927
-1536
-2975
-616
2139
651
-421
-1003
-5233
-1093
-1938
6949
1080
-211
-1871
-290
-1707
5825
-2128
-588
-3407
130
330
-2268
-634
2128
27
1071
3709
7107
-6367
-2196
3010
-3652
2899
2960
-3109
6262
1578
-5949
-7086
2051
-8729
4446
-5803
1983
-5651
-3380
-112
2529
3595
-5647
3256
-1388
-3333
-2033
-103
2046
884
-867
-1674
-2328
-1669
-4001
-4527
-184
-3752
-1909
5923
-7020
3958
-3210
4619
2429
6542
3192
4694
3530
1081
279
-5230
-4818
796
2470
-571
-4524
-2093
-308
1725
496
-1886
1950
-315
-1137
-394
314
1892
-616
-2471
2126
3502
1055
-1223
-2241
-2394
-826
1196
-1396
2745
-2746
1827
304
251
-3415
1097
70
63
-4039
-5165
1424
-1179
265
112
-3212
761
-180
-2818
4067
-523
2967
-1900
-2182
-2372
-188
-3621
-962
3137
-1162
2972
-2371
354
2875
-2194
-835
3025
2795
634
4315
-1463
-2779
-905
3399
-4657
-1227
-2605
530
-1961
-665
-3079
139
2258
-710
-3441
2197
-2163
3399
-2605
-1614
3531
1413
-357
-278
2725
1856
-2528
-4122
3913
-2923
3814
-375
-1379
-3838
-2031
-722
346
-577
-1231
2672
1912
2041
1294
-12
-259
347
-173
-3333
749
4304
1935
-3779
-4490
-344
-2631
5146
-1414
5064
2361
-3152
826
-300
-4150
-1925
-3584
-4055
-5026
-1530
8283
-3325
1655
1782
2099
1867
4273
-4024
6073
-421
-364
5478
-2460
2388
4543
-2644
-1784
579
161
9454
-8077
-4553
3542
1163
-2244
-95
-3204
-2217
6589
1479
-3526
5588
-496
7917
-5259
-416
1132
-1500
-198
-275
6249
746
-1267
-5581
378
5287
-2169
-1977
31
-2058
-9379
-234
-7350
-2844
-497
4296
-825
76
1369
6901
520
-550
-4458
6169
-3692
143
-664
3518
1538
-108
-647
1800
-1214
-3574
1231
2608
-2440
3659
-712
7523
-1608
5802
1365
3790
2910
-3574
-420
2334
3491
1074
-5029
-4679
-2234
-4524
-372
-1345
166
-1915
1420
1226
630
-807
2838
234
-1896
-567
-1691
4954
-3023
1529
5286
1940
-2272
3303
946
1942
-4233
521
4618
1591
-1952
-2138
1162
-2984
6394
-2057
8092
1973
-3040
-5121
3535
2025
5004
-4462
-91
4435
521
1198
1199
-5320
9582
-2986
1883
7810
-6687
1038
-6090
-3273
-6292
-925
9218
4325
4223
5910
-4587
3742
488
-3522
2841
7289
-9221
-1017
1881
7200
-633
-1970
280
606
-2352
-1297
1492
-1189
-464
4439
1976
5741
6628
4938
2563
-1942
10320
-1440
-2945
2370
5884
-1549
-5677
-542
-3708
-3079
2116
-290
-3349
3989
-3788
-983
-2300
932
-617
-2916
166
-2375
1442
213
-4201
-301
4086
4840
1170
111
-273
-260
4983
-1200
-4105
4608
1765
-2376
2150
379
5986
899
-1579
-483
570
-3472
-819
4118
-2059
-3769
-2791
-2737
-6103
1390
-2691
-1518
5262
-3623
6148
-2512
10975
5179
10307
601
5744
168
3012
2389
-5052
-210
280
835
-1770
-4279
-2182
-2284
-3751
-4551
10463
-4784
-1158
6118
-2586
3634
-5622
3821
867
-310
-2862
3344
2170
4320
-1975
-2597
3653
-2826
-2046
4080
1827
3747
5375
-4456
-2702
-8430
-3139
-5257
1478
2170
-1595
2507
-1563
3188
3603
-1027
-2832
-1015
2504
-3060
-798
988
2039
-8217
-1119
708
244
-10
1766
-3133
8691
-5642
2799
1988
4340
-5812
-6010
1054
-7
-2273
317
-474
-2107
-4206
119
3154
329
489
4328
-1829
1727
201
-53
-369
-1623
-2218
-5761
2402
1993
1371
-699
-894
-4049
-1357
1138
1687
2690
-2326
-1230
-217
-1616
-2533
-929
2416
-5791
-1425
2518
4477
-4159
-259
130
1267
-1207
-3433
1225
-1598
233
4317
-3620
1173
7015
2233
-31
-15
2404
-1757
-2664
1091
1651
-4583
-3287
-1514
2449
-3135
4118
-1351
1949
-2698
2106
446
2164
2168
3728
1884
-821
4629
-757
9108
1611
365
1603
373
-6323
3918
1284
-2222
-6690
3035
12798
4193
-943
-4777
-879
1419
-2201
-3146
-3648
3515
-5698
-2719
-2657
644
-892
-1053
-1950
-565
1709
-718
-3245
2111
-1951
4784
-562
-3122
2636
1146
226
-1290
7001
-1780
-2322
-619
3219
-1858
4580
-2670
1602
212
1588
-581
243
379
1023
-1307
-1293
-1179
-266
-289
-3374
-1495
2513
686
748
-112
-2064
-659
761
-1503
2736
-472
1610
-1869
-3379
-515
10149
2581
436
-5981
2543
-1051
458
-1609
1449
5848
740
7400
3749
-195
134
-1776
-1627
-1044
-216
-614
6688
2152
6356
-2929
1842
1714
3291
9011
-7956
859
5325
-1412
-5269
-5571
3688
5018
-3724
-5280
-2048
-792
-4
4708
315
1951
1621
-588
2992
-989
-3149
-31
493
-2144
2666
1066
-3165
-3809
589
-1838
-2640
-47
-5770
1586
-373
-731
118
1436
3691
245
-2118
-3414
-713
-2962
-3532
-1989
-2787
-590
-3488
-3038
798
-38
-4530
-3277
-12
4107
-3836
-2269
1125
-1627
3054
647
5422
27
765
-224
-621
393
2410
3842
0
-1239
-3644
-11802
-2699
-1144
2565
-4563
2895
-3856
3970
5356
6151
3480
2782
3976
-4603
8978
2470
-675
-166
-4961
-5893
-8791
-2285
2465
-6358
3863
8007
-2140
6170
-1923
-5072
-4266
-2620
-720
967
-13
-2347
-4093
3572
-408
-885
1149
-4765
-757
-771
3237
-1805
-2670
1831
419
586
1890
1480
2132
3599
-1164
6133
-1727
1551
1873
-3075
-267
2543
-2396
-1775
-5292
2581
2703
-1378
1690
-1415
-3797
2465
3618
-4841
-2266
1209
-2319
-972
-6723
-836
-3369
1269
681
-1150
-472
-7786
-8912
-309
-3525
5212
-355
-1808
4115
2645
-1590
3097
-3837
-1871
-483
-238
-5865
3588
2145
-580
-1852
2068
927
-187
-3201
373
4871
1518
863
1731
-825
-2507
976
253
8522
-3214
-30
-188
-42
179
801
-4602
1574
-1310
-3364
-507
-3539
-49
-3031
4858
-1327
-40
-417
4325
3706
-2054
2092
1593
3034
-208
1511
3289
-1272
-2033
-585
2016
-118
-4084
1044
5954
2398
2051
-1092
-1140
-4307
-7781
-6398
3986
5555
-6002
-872
-2277
-34
-511
1287
-2507
-1198
1591
530
-6451
64
-1188
1170
-3812
-3920
-1377
1517
-1371
-3965
7387
-3351
-1060
4529
-1674
-3823
1232
-2757
-2248
-2405
607
-1584
-2480
-1012
2990
1714
-2065
-683
1828
1505
-1091
-2099
2657
1852
93
4629
753
10
875
925
2038
-606
1065
-394
612
3125
3419
1129
-3713
-3153
-2030
-193
-125
-1015
-236
4193
3533
5513
-3652
-3142
-251
514
-1121
-3106
-122
2391
-614
-4016
3451
-461
2179
-731
-753
1791
-4865
2341
1590
3623
353
-711
3707
1517
-927
-3139
-1954
-944
131
-1698
3921
-2328
-1316
3429
-970
3464
-4413
7480
1894
632
989
3019
2671
2833
-616
-736
2917
-3662
1313
-1176
3189
3122
3933
-2302
-595
-6025
5398
-3356
1090
-2272
1983
-1587
-2872
1193
-1172
-556
6475
1947
1273
8697
1197
6676
722
-2428
-2727
3463
-7409
3756
610
2885
-9596
3221
8010
4488
4707
-5945
-3583
2111
-619
-3514
-452
1574
183
-1154
2300
-463
617
1661
-281
2988
-4567
-910
2472
-6271
-764
1427
-494
5781
-1183
935
-149
-3235
-813
2224
-4671
-3935
8928
303
-4568
-823
-1135
-4550
490
944
3170
-8228
5333
-1494
-167
-4029
139
1617
-2532
1369
3249
-3826
-2392
-1500
3490
4042
57
-567
3212
862
-3394
2891
-1976
-444
5439
5391
-2020
-2438
-4925
-5171
-4003
3744
2814
-3341
-3631
-523
-2353
2532
5576
-171
-4273
-2870
126
-1588
-1662
119
-1324
-1556
-1694
-3346
-4617
-7375
-4146
-2244
-4987
-1168
3574
-4666
8051
-2553
-5117
-5431
-361
-361
5689
3518
-2768
-102
4445
474
7265
-2088
2436
1413
-2040
1083
1047
-2161
867
-1098
-2460
1528
460
-1436
-2856
5431
5310
-96
-2441
-2774
-6939
-3524
-2920
-2953
1154
4133
2502
9443
859
-165
1248
221
1466
-2499
-232
-1264
3934
552
773
-170
-2165
-933
113
-728
-1472
-465
-6744
573
-206
-292
-994
2200
2302
597
937
-847
4112
484
-1901
8563
1186
3471
-1580
-2284
-615
15
804
-2080
-531
1714
-2571
285
2145
-1664
2001
-3052
-2685
912
-4211
-226
3141
3450
-1635
1406
3125
470
3274
-4589
3421
-1239
-3586
-1477
1981
3534
-3475
-1061
-1815
1851
-4632
-1622
-4046
-3796
3646
1297
1950
-3132
13483
6999
5691
-290
3368
3248
-641
3569
-8135
-4830
-3068
1888
4678
-4766
-1104
-5905
1659
-3235
2051
-989
-3102
-3246
2736
3089
-497
1246
-3170
5535
-2181
-2468
-2352
-1794
4708
924
4295
46
-4185
1689
3535
4360
728
-5456
-2587
881
-5900
-611
-3255
-287
-2839
-2026
2245
3282
459
641
-1651
1062
-94
2403
-62
2443
2007
2069
-1419
-4987
1662
-779
2931
1254
1292
1311
-1075
-1852
6598
3874
-720
-3643
1753
-2914
-1538
133
-10189
1535
-3710
7496
-4200
-1350
-760
-497
-3780
-4432
2515
5237
-611
8226
7753
4841
1772
3775
2252
-1066
2913
-1957
2004
2505
3968
1136
-3171
-2156
344
-4829
-408
518
1734
-5357
4967
-3250
3302
2513
2696
5162
368
9296
-478
2446
75
260
2200
212
-3882
-1943
1359
-2720
-5239
931
9279
2819
5347
-3027
-1583
-5424
-2881
-3066
-17
2601
775
485
454
-2850
-3353
1501
2532
2411
-3068
-1048
309
-3013
-2363
845
2760
2007
1624
-2012
-3876
-656
538
543
-647
-1150
562
-3380
-540
-2526
1901
-678
-434
-2701
3189
3213
3804
4276
346
-3483
1489
2346
-307
-667
962
1396
4006
2035
2172
-2837
163
2327
1694
1235
-5295
1370
3701
464
-1836
-2592
3847
4080
-1492
-5095
-7348
1335
-2083
5567
-2710
346
-259
3494
-3768
6229
-1607
-1663
5382
-2696
450
5528
7355
4163
-1612
3649
276
-4276
4986
-4951
915
-633
2186
-1525
-2878
-4068
-2163
-4033
-7371
1150
2795
-7774
38
-1297
5133
1721
7433
4148
4500
5004
-2438
-1777
-527
4149
3443
564
-4552
-1840
-581
-2379
-4711
-3879
927
3626
2103
-373
1742
-2731
4378
-3806
-1600
5167
-907
5094
4850
-3847
1565
1945
-3037
1743
1357
751
-2881
-5421
-4473
-996
-1149
3771
562
4019
-1498
-3054
-2518
-310
-307
1328
87
2901
-273
1290
-4662
-3807
1520
-870
-2399
-1896
819
6173
-1529
-2967
3821
2671
412
-2872
1886
5356
880
8502
4371
3085
868
3495
1665
181
-524
-2824
2617
3009
1322
-53
-2132
-4215
-1719
-5479
-1333
-1013
1523
2660
-140
-1002
-3138
1968
-163
-3649
-947
-2817
-1185
-2186
-3867
-4783
-3180
-2275
5044
-1208
2987
-5335
5425
2008
-3306
-3038
-337
-668
-2012
-1461
-2535
-3916
-226
-1914
-3658
1165
3705
-185
-508
3366
-6783
80
-3499
-323
35
-2996
-1878
-972
-2594
-1075
-2301
3106
1304
-4398
3792
507
-2252
-669
-635
-2895
-3327
-4383
541
1277
5300
2350
-3638
-190
434
979
-1291
1130
-2287
1002
-1164
981
-1182
1366
-3425
2774
-1080
1968
-145
2654
-919
-81
356
903
1164
3273
1123
1156
-563
472
185
734
10721
8432
-4594
-1030
-3605
573
-2801
-505
313
-725
-6466
-2669
223
-4415
-418
-2219
1894
3506
-280
-3293
-4914
-2165
-1172
-2973
6221
2795
886
-3247
-4305
3876
-1476
-6967
-1865
4209
333
-1708
-1419
5018
-428
-3329
5069
1729
921
-3170
1241
5692
-2260
4053
2199
28
-1440
-1693
-3464
-5324
-5171
-4182
-1477
-590
1252
-3001
5841
1241
858
-2446
-4162
103
-880
-708
-996
414
474
-168
-464
1513
-3449
4192
1265
571
441
1033
2758
3891
-510
7448
6266
-1208
-363
-2357
8918
7612
292
-1382
-2075
-3393
-72
-2874
-1616
-4828
2378
10839
1011
4640
1500
2916
-2321
-4464
-4376
-4166
6235
-6252
-417
-4271
4242
-3309
5825
2576
4793
-16310
9076
-517
-1337
-1635
-1261
4240
2808
1581
-2519 -2348 -4821 -797 -3333 5984 3748 496 -932 -779 -1784 281 1403 1502 -4016 -87 -3822 -2617 -5019 -4081 1955 -350 -2708 -677 -3125 711 -1608 -12334 1265 1793 8917 -1202 6489 1634 -504 6096 -3879 -5545 -730 -6923 2440 482 10304 -385 -1568 -6856 -821 -1264 -6382 -3698 1958 2813 -7802 -4591 5741 42 -4622 6526 5110 -5343 3077 4469 -2813 -2677
301 -618 84 15 218 -273 442 146 -100 -214
-547 -1049 -830 -802 1250 313 397 167 -752 -694 -764 62 1110 1282 161 2127 1545 -1218 -721 -342 -377 -900 -801 -881 1793 -685 -497 474 1120 -1019 1041 -685 71 673 1541 -572 1873 -169 -413 -143 -948 -518 -468 1336 659 -168 179 -871 233 -953 841 -641 840 -612 405 -446 1604 -1171 -1163 -363 571 463 913 -1425
545 2494 1894 1860 -489 -446 -1198 -557 153 2111 -237 132 -29 -537 -914 -740 -467 -969 -679 -501 31 -571 1710 -912 663 -386 -541 -217 -472 -253 768 -284 -63 -544 -88 -387 -895 -558 985 3294 -812 -418 -869 959 17 -406 -937 1001 -420 -720 1156 -240 -420 164 558 69 -639 -224 -768 -339 -453 -949 715 -151
102 -695 -7 -1576 2197 -708 147 931 -389 -54 915 -109 1131 419 -999 257 -877 -500 1207 750 -451 -643 -651 -1129 -508 -244 1913 2705 272 1346 -1340 -577 -1800 -8 -175 -1222 -970 2791 -683 135 -1199 -137 1050 -665 660 2535 -12 181 -687 1179 -587 -684 1313 -929 73 -551 -107 837 -627 2138 -770 1205 -551 1545
-269 -657 -639 356 -221 -808 -249 911 1146 828 2407 -931 -223 631 -116 15 1683 151 -772 -110 -515 73 -705 -56 -343 2017 538 -418 -190 -1141 -732 126 340 -852 275 1883 129 -559 -474 -167 966 1533 69 -136 -132 -314 -168 -1281 2324 -676 -118 358 20 -780 61 1302 -466 779 241 468 550 651 -590 -603
-101 -1107 -752 -906 -257 390 -308 134 -917 297 -435 2658 -312 256 -688 -71 -1700 604 -608 -256 -107 -724 2967 2772 -1015 -636 -365 -230 1601 -785 -706 -119 132 -461 -436 -267 1573 -205 -446 -861 -108 -1307 1491 -40 168 -339 242 -1257 1080 507 -839 1930 -541 514 -5 -790 1732 949 -50 -950 -140 697 -932 1117
-688 -757 1732 -294 -771 -1165 -109 -619 -636 59 524 -1067 -698 -1126 -118 -68 1087 2058 2789 -775 -216 1291 -164 251 9 398 -293 -469 -42 321 -1352 -515 783 -960 -238 1542 218 -612 -465 -223 1075 603 424 -590 782 -767 148 -414 -443 24 -637 317 -386 186 -1284 891 247 -391 451 1368 1688 51 230 162
-761 2246 -945 356 -577 160 393 911 127 -259 -610 -602 -525 29 -208 -725 -212 22 -813 2032 -499 -624 -507 776 -803 -362 -1036 -373 -829 -49 -840 970 1292 139 -762 310 -987 -342 -370 -208 -1010 -1169 -1136 -574 201 498 3196 2098 -1427 -122 -821 -484 -513 -300 -945 1116 -722 341 1534 61 353 -1391 139 959
-651 -586 -1195 -464 -840 885 -510 -921 -47 -806 -614 211 -404 -6 3094 -40 425 1274 39 146 -607 -200 -590 62 -509 939 -132 -739 -1430 1159 -895 -84 41 -78 -288 -201 -108 -299 838 -331 1055 1184 399 -160 -1176 -401 -1060 -926 -223 2346 105 -204 -636 3074 806 -503 363 -573 -1063 -936 -183 374 1442 113
2760 -51 -564 -333 22 955 2255 -623 1881 -520 -578 265 562 -232 -183 -917 -1148 -816 -116 -418 -87 2603 -387 -718 74 -390 -384 -650 392 102 2261 -645 -111 594 -627 -304 -830 -470 -956 -286 617 -153 -478 1100 -53 -297 -815 1760 -261 -957 -370 -561 -175 -590 -348 -707 -1187 -106 134 -899 -992 -573 -1224 -732
-393 162 1302 1803 -320 428 -823 -332 -566 -964 -602 -621 -612 -715 -25 163 -329 -599 -320 -529 2822 -300 -873 -160 642 -654 786 -89 -417 318 1806 1812 -686 1496 801 -778 -9 423 1983 -1207 361 373 -480 -1221 -1129 -342 -782 -288 -171 -623 1274 209 491 -722 682 -382 -824 -441 1306 -548 -623 -526 -140 -983
