8876 9147 10776 11048 9419 8333 9962 9147 8876 9147 9690 9419 9690 11048 11862 12134 11319 9962 9419 9419 8333 6433 6704 6161 6433 4804 3989 4261 4804 3175 188 -2527
7247 6976 9147 11048 9962 9419 10505 9962 10233 8333 8061 9147 10233 12134 12405 12405 11862 9419 7790 6976 5347 3718 3989 4261 6433 5890 5347 4532 4804 2903 -83 -1712
6976 6976 8876 11319 9419 10233 10776 10776 10233 9962 8876 8604 9690 11048 11319 11862 12134 9147 5347 -1169 -4156 -7414 -6599 -3070 -1441 2360 4804 3989 4532 3718 1274 -1441
8061 8061 9419 13220 11319 11319 11862 11862 10776 10776 11319 17835 14034 8604 9962 10505 8876 6433 -5785 -6056 -7414 -9043 -12301 -13930 -10672 -11486 -3341 1817 3989 3989 2903 460
8061 8333 9690 12134 11862 10233 11862 11048 10505 10505 12948 32767 18921 6976 5618 4532 -3884 -12844 -10943 -3341 -3613 -5242 -7685 -8771 -13930 -11215 -10943 -5513 731 3446 2089 1003
6161 2089 1274 5890 9690 10776 11319 11319 10233 10776 10233 14849 8604 731 -7685 -16102 -15287 -16102 -9857 -1984 -898 -1712 -3070 -8500 -7142 -9314 -18273 -15830 -4699 3989 3446 2360
460 -4427 -21260 -10129 7519 12134 11591 12134 11862 11048 10505 5890 1003 460 -6871 -15559 -12844 -14473 -11486 1817 5618 -355 -5513 -4970 -2798 -10943 -16916 -21531 -12572 1817 4261 2360
1546 -7142 -22617 -15016 4804 11319 10776 11591 12405 9690 3989 -1441 1274 5075 -2527 -10129 -9314 -10943 -13115 -355 10233 2903 -6328 -5242 -6871 -10943 -19359 -20717 -18545 -4970 3446 2903
12134 -6056 -19359 -355 7519 9690 10233 11048 10776 13220 -3341 -83 8604 8333 -1169 -10672 -11758 -11215 -12301 -12029 3446 5618 -3341 -10400 -11486 -10672 -14744 -18816 -23160 -13930 2089 3175
14849 2360 -8500 7790 13220 8876 8333 7519 22179 30324 22179 8333 13220 6161 -83 -8771 -10672 -13930 -18002 -13387 3175 4804 2089 -5242 -10672 -10400 -11215 -13658 -20445 -23160 -8228 1817
15663 -4699 4532 10776 14034 8061 9147 -898 23808 30324 25709 10505 15663 8333 -83 -1441 -12844 -12301 -21803 -9314 13491 8604 8061 -4970 -10400 -6056 -10129 -12844 -18002 -22889 -18002 -5785
17021 -6871 2632 12134 16749 11048 12948 2360 -2255 18650 20007 12134 16206 17292 2360 -2255 -6328 -11215 -23703 -83 22994 9419 5618 -8771 -11486 -8500 -5785 -10943 -14201 -19088 -17188 -13387
17292 -9586 460 13491 13220 11048 14306 9147 -7685 11591 11591 3175 16478 24623 9419 -626 -1441 -2798 -20445 6704 18650 8061 -626 -9314 -11215 -11215 -8228 -10672 -11215 -14201 -12572 -14201
17292 -8771 7247 16206 -1712 2903 12948 11319 -6056 5890 5347 11319 17292 27338 14849 4261 188 -2255 -14744 7790 16478 6433 -3070 -10400 -12301 -14473 -12301 -7142 -6871 -9586 -7685 -8500
18650 -4699 11591 16478 -5513 -7142 8333 11319 -6871 -2798 3446 19736 17564 12677 5347 7790 5618 -6056 -14744 7247 14577 3175 1274 -4156 -10943 -9314 -8228 -4427 -2798 -6871 -7685 -2255
19464 1817 12677 15935 1274 -12844 3989 8061 -2798 1274 4804 28424 31682 5347 2632 1546 -1169 -4699 -8228 5075 11591 7247 -3613 -10400 -14744 -10400 -5513 -3613 -1441 -6056 -1169 2903
21093 5618 11591 17835 11591 -12844 188 3446 3446 -7957 7790 12948 9962 3989 -3341 -3341 -6599 -5513 -3613 12405 8333 6161 2632 -4427 -12844 -12572 -8500 -6599 -4970 -83 6976 5075
24080 10233 10505 15663 13763 -8500 -7957 8333 6161 -5242 1003 -1984 -3070 -2527 -6328 -2798 -10672 -6599 5075 -1984 -15559 731 2089 -13658 -17731 -18273 -14744 -6328 -2527 4804 6704 3989
23537 14306 11319 12948 13763 -355 -10672 4261 7519 2632 -5785 -13115 2360 -355 1003 5890 -10943 -9043 6704 1817 -2255 -4970 -13658 -16645 -22074 -16373 -10672 2089 8061 9419 7790 6976
20007 16749 12405 13220 14034 5075 -10672 -1712 -898 3175 5075 -15016 1003 -4699 5347 15935 -2527 -14201 1546 3175 2360 -9857 -20174 -19902 -21260 -9586 -1169 10233 12405 10505 8876 6433
10776 18921 14577 14034 15120 7247 -7142 1546 12405 -6056 -8771 -12301 -8771 -898 14306 17835 6704 -6871 -9857 -10400 -17731 -21531 -23703 -27504 -21531 -17731 -4699 5075 5075 731 460 -1441
-2255 18921 14034 14306 15120 3446 -11486 6704 32496 25437 2089 2360 6433 13763 17564 18650 11591 -83 -4156 -17459 -24518 -24789 -20717 -18273 -17459 -18273 -15287 -14473 -12844 -15287 -18002 -19088
-12572 13491 13220 13763 14034 3989 -4427 23265 32767 32767 22451 -355 -3070 -355 -2527 -898 -5785 -15559 -15559 -17731 -19902 -20445 -20174 -18816 -18816 -20174 -22346 -20174 -18002 -20988 -22346 -22617
-22889 -7957 5075 11591 14306 10776 10776 32767 32767 27609 -4156 -17731 -19631 -20717 -20717 -20988 -21803 -22617 -21531 -22617 -23703 -21531 -21531 -22346 -22617 -21531 -21531 -20445 -19088 -19631 -20174 -21803
-26147 -26147 -18002 1546 11048 1817 18650 32767 31410 4261 -17459 -20445 -20445 -20174 -20717 -20445 -21260 -22617 -23432 -24789 -24518 -23432 -23703 -22617 -21803 -18816 -17188 -18002 -18816 -20445 -21531 -20174
-20988 -25875 -24789 -14201 731 731 24351 32767 16749 -16102 -19359 -20445 -19902 -19902 -21531 -21803 -22346 -22889 -24246 -23432 -23160 -23160 -22346 -21531 -18002 -17188 -16645 -18002 -19359 -20445 -15016 -11486
-19902 -24518 -25604 -22889 -16102 731 26795 31139 -355 -18273 -20717 -18816 -19359 -22074 -22074 -21260 -21531 -22346 -22346 -22074 -22074 -21803 -19359 -18273 -19359 -21531 -22346 -24246 -20174 -14201 -10943 -13387
-20445 -24518 -26147 -24518 -22074 -12844 20822 23265 -7685 -16373 -19359 -20988 -18273 -20988 -23160 -21803 -21260 -20988 -21260 -21531 -20174 -23432 -23432 -20988 -21260 -23432 -26418 -23160 -15830 -15830 -21531 -20174
-20445 -24518 -25332 -25061 -22889 -21531 -5785 12134 -16645 -19359 -19902 -19631 -17459 -18273 -19359 -21803 -22617 -22889 -21531 -20717 -21531 -22617 -23160 -23432 -23975 -23160 -22074 -16916 -21260 -25604 -29948 -20174
-15559 -22617 -25604 -23703 -23975 -22346 -22617 -14744 -20717 -25604 -26690 -23703 -20717 -18816 -18273 -19631 -18816 -17731 -18545 -19631 -20445 -21803 -23432 -25061 -22617 -17188 -12572 -14201 -18816 -23703 -30491 -23160
-17459 -20717 -24518 -22346 -23432 -22617 -22074 -23160 -22617 -26690 -27776 -25875 -26690 -26147 -24246 -21260 -18816 -17188 -16102 -13658 -15287 -20717 -22346 -22346 -17731 -10943 -4427 -8771 -17731 -26961 -26147 -28590
-19359 -18816 -21803 -22346 -23160 -23160 -23160 -23703 -24246 -26961 -28047 -26147 -27233 -26147 -28862 -29133 -25332 -21260 -17459 -13930 -16102 -19631 -19902 -21803 -15830 -9857 -5513 -9857 -20988 -27504 -24789 -28319
-3019 -3295 -1917 -1366 -3019 -3845 -2193 -2744 -3295 -2744 -1917 -3295 -3295 -1642 -1642 -1091 -1642 -2744 -3295 -3019 -3845 -4396 -4396 -4672 -4396 -6049 -6875 -7151 -7151 -7702 -8803 -10456
-3019 -3570 -2468 -1917 -3019 -2744 -1642 -2468 -1917 -3570 -3295 -3570 -2744 -1091 -1642 -2193 -2193 -3295 -3019 -2193 -3570 -5223 -5774 -6324 -4947 -5774 -5774 -7151 -6875 -7702 -8803 -9630
-3570 -3845 -3295 -3295 -4672 -2193 -1642 -1642 -2193 -2193 -2468 -3845 -3295 -2193 -2468 -2744 -1917 -2468 -3295 -7426 -9079 -12384 -12660 -10456 -10181 -7426 -5498 -6600 -6600 -6875 -7702 -9354
-4396 -3570 -3845 -3019 -3570 -1642 -816 -1091 -2193 -1642 11 6346 1939 -3295 -2193 -2468 -3019 -3295 -11833 -9905 -9079 -9079 -13211 -16516 -14588 -16791 -10456 -6875 -5774 -6049 -6600 -7977
-4396 -2468 -2193 -2468 -2468 -2744 -816 -1917 -2744 -1917 1388 25076 9100 -2468 -3295 -4121 -11833 -19270 -14863 -5498 -3570 -2468 -5774 -7977 -14037 -12384 -13761 -11007 -7426 -6049 -7977 -8253
-3845 -5223 -6324 -3019 -2193 -2744 -1917 -2193 -3295 -1917 -1366 4142 -265 -5774 -13211 -20097 -17893 -18444 -11007 -2744 -540 -265 -1917 -7426 -6324 -8803 -17893 -17893 -10732 -4947 -6875 -7702
-6324 -7702 -23677 -13486 -1642 -1366 -2193 -1366 -1642 -1917 -816 -4396 -6875 -4121 -9905 -15414 -11007 -13211 -10732 1939 5244 -1366 -6600 -5774 -3295 -11007 -14312 -20923 -17067 -6875 -6600 -8253
-2193 -7426 -22025 -16240 -3295 -1642 -2468 -1917 -1091 -2744 -3845 -7977 -3570 2214 -4672 -9905 -7702 -9630 -12660 -1366 8274 286 -8253 -6875 -8253 -11558 -17342 -19270 -20923 -11007 -5498 -7151
10478 -4947 -17893 -540 286 -2744 -1642 -265 -540 3316 -9354 -4947 4969 5520 -3295 -11833 -11558 -10456 -12384 -14312 562 3316 -5498 -12109 -12660 -11282 -13761 -18169 -24228 -17618 -4672 -5498
14609 4418 -6324 8549 7172 -1917 -1917 -1366 15711 25076 15711 2214 8274 2214 -3570 -10456 -10732 -13486 -18169 -15139 562 2765 286 -6875 -11558 -10456 -10456 -12935 -20372 -25605 -13211 -5498
16537 -1917 7723 12681 9100 -3019 -1366 -9354 20394 27831 18741 3316 9927 3867 -4121 -3295 -12935 -11833 -21749 -10456 11579 6621 6621 -6324 -11007 -5774 -9630 -12109 -17618 -23953 -21198 -11558
18741 -4121 5795 14334 12130 -816 11 -8253 -7702 16262 13232 5244 10478 13232 -1091 -4396 -6875 -10732 -23402 -540 21495 7999 4418 -9354 -11833 -8253 -5223 -9905 -13211 -19270 -18719 -18444
19567 -7426 3041 15711 9100 11 11 -3845 -15139 8549 5795 -2468 11855 21771 7172 -2744 -2468 -2468 -20097 6621 17639 7172 -1366 -9630 -11007 -10732 -7702 -9905 -9905 -13761 -13486 -18719
19016 -7702 8549 17915 -3570 -4672 286 -1917 -14037 2490 562 7172 14058 25627 13507 2214 -1642 -2468 -14312 7999 15986 5795 -3570 -10456 -11833 -13761 -11833 -6324 -6049 -9630 -9354 -13761
20118 -4396 12130 17364 -3845 -9354 -1091 -265 -13486 -4672 11 17088 15711 11579 4693 5520 3592 -6324 -14312 7999 14334 2765 1388 -3845 -10181 -8253 -7426 -3570 -1917 -7426 -10456 -7702
20394 1663 12130 15160 3867 -11007 -816 562 -7977 -816 2214 27004 31136 4142 1939 -540 -3019 -5223 -9630 3041 9927 6621 -4121 -10456 -14037 -9630 -5223 -3845 -3570 -10181 -7426 -5223
22046 6346 11304 16262 12957 -10181 562 837 -540 -11833 5520 11028 7999 2490 -4672 -4672 -6049 -6049 -9079 5520 4142 4969 1939 -4947 -12935 -12109 -8253 -8803 -11007 -9630 -4121 -5223
25352 11855 12130 16813 16262 -5774 -7426 7172 3867 -8253 -1917 -4947 -5774 -4947 -8803 -3570 -8803 -5498 1388 -7426 -18444 -816 837 -14863 -18444 -18444 -14588 -8253 -7977 -3019 -1917 -3570
24250 16813 14334 15986 16813 2214 -9630 4418 6897 1388 -9079 -16240 -540 -3295 -1642 5520 -8528 -7426 4418 -1642 -3845 -6600 -15139 -17618 -22576 -16791 -14863 -4947 -1091 -816 -2193 -3295
19016 18190 14609 15436 16262 7172 -9079 -540 286 3592 3041 -17618 -1366 -7151 3041 14609 -1366 -13211 -1091 286 1663 -10181 -20372 -19821 -20372 -9079 -8803 -1366 -540 -2744 -3295 -4396
9100 19292 15160 13783 15986 9376 -5498 3316 14334 -4947 -9079 -12660 -9079 -1366 13783 16262 6897 -6324 -12384 -12660 -17067 -19546 -21198 -24779 -18169 -14312 -6324 562 11 -3845 -2744 -4947
-816 21220 15160 12681 15436 5795 -9905 8274 32767 27280 4693 4969 9100 16262 20118 19016 13507 2765 -3845 -16791 -20372 -18995 -14588 -11558 -10456 -10732 -6600 -6049 -5223 -7426 -8528 -9079
-4947 20394 16537 13507 14885 6346 -3019 24250 32767 32767 27831 5520 2490 4969 2765 2765 286 -8253 -9905 -11282 -10732 -10732 -10456 -8253 -7977 -8803 -7426 -5223 -4121 -7151 -7151 -7702
-9354 3867 12406 14058 16262 12957 11855 32767 32767 29759 3592 -9630 -11833 -12935 -13211 -14037 -12109 -11558 -11558 -11282 -10181 -9079 -9354 -9905 -9354 -8253 -7977 -7426 -7426 -7977 -7702 -9079
-8803 -9905 -5774 8274 15436 3592 18190 32767 32767 9927 -7977 -10732 -10732 -10456 -11007 -10732 -10181 -10732 -11282 -12109 -11007 -10181 -10456 -9354 -8528 -5498 -5498 -6049 -5774 -6600 -7977 -5498
-3295 -7977 -10456 -4672 6897 3592 24801 32767 20669 -8253 -8803 -9630 -9079 -9079 -11007 -11282 -11282 -11558 -11833 -11007 -10181 -9354 -8528 -7702 -4121 -3570 -3845 -4121 -4121 -4947 11 3867
-2468 -6600 -10181 -11007 -7702 6070 29208 32767 5520 -8528 -9905 -7977 -8528 -11282 -11282 -11007 -10732 -11007 -10181 -9630 -9079 -7151 -4672 -3570 -4947 -7151 -7702 -8803 -4121 1939 4142 562
-3570 -6875 -9354 -10181 -11007 -4672 26453 28932 837 -5223 -7977 -9905 -7151 -9905 -11833 -11282 -10732 -9905 -9354 -9354 -7151 -8528 -8253 -5774 -6049 -8253 -10456 -6049 1663 837 -6875 -7426
-4121 -7151 -8528 -9630 -9630 -10732 2765 20394 -6324 -7151 -7977 -7702 -5498 -6324 -7426 -11007 -12109 -11833 -9630 -8528 -8528 -7702 -8253 -8528 -9079 -8253 -5774 562 -3570 -9079 -17342 -8253
286 -6324 -9630 -8803 -9905 -9354 -12109 -4396 -9354 -12660 -14312 -11282 -8253 -6324 -5774 -8528 -7977 -6600 -6600 -7151 -7702 -7977 -9630 -11007 -8803 -3019 2490 2214 -1917 -7151 -16240 -10456
-1917 -5774 -10456 -8803 -9079 -8528 -9630 -11558 -10456 -14037 -15414 -13486 -14312 -13761 -11833 -10181 -7702 -6049 -3845 -1091 -2744 -7702 -9630 -9630 -4947 1939 9100 6070 -2193 -11282 -11282 -16240
-4396 -4947 -9354 -10181 -9354 -8528 -9905 -11558 -12109 -14863 -15690 -13761 -14863 -13761 -16516 -17893 -14588 -9905 -5223 -1091 -3295 -7426 -7702 -9905 -3845 2214 6346 3316 -6600 -12660 -10732 -15414
-17722 -18269 -17176 -16629 -18542 -19908 -18269 -18815 -19089 -19908 -19908 -16903 -17722 -19908 -18815 -19089 -20182 -20728 -20455 -19362 -19089 -18815 -18815 -19362 -19089 -20455 -19362 -19908 -20728 -21275 -21275 -22094
-17176 -20182 -18815 -15810 -17722 -19362 -18269 -18815 -18542 -20728 -19908 -16356 -16903 -19908 -20182 -22094 -22914 -22094 -19908 -17449 -16629 -16083 -16903 -17996 -17449 -18542 -18815 -20728 -21821 -22641 -22368 -21821
-18269 -22094 -21275 -17996 -19635 -19089 -18815 -18815 -19362 -19362 -17996 -15536 -17176 -20728 -21001 -21548 -20455 -18269 -16356 -17722 -16903 -17449 -18269 -17449 -17996 -16083 -17176 -20455 -21548 -21821 -21821 -22094
-20182 -22368 -22641 -19089 -19362 -18542 -17996 -17996 -19089 -18815 -15536 -5153 -10618 -19908 -18269 -16356 -15263 -12804 -18269 -13350 -10345 -8159 -13077 -17449 -16903 -20455 -18815 -18542 -19362 -20455 -20455 -21275
-19908 -17996 -17722 -18269 -19362 -20182 -18269 -19089 -19908 -19635 -14990 13701 -1874 -15810 -14717 -11711 -17449 -22641 -15810 -4333 -781 1132 -2420 -5699 -12804 -11984 -18269 -18815 -17996 -18542 -21275 -21275
-16356 -13624 -15536 -16629 -19089 -20455 -19908 -19908 -21001 -20455 -19635 -7885 -9798 -15263 -19362 -22641 -19362 -18815 -10345 -1054 1678 2225 585 -4880 -4606 -7612 -18269 -21001 -17722 -15263 -19089 -20182
-15536 -9252 -26466 -23461 -17996 -19362 -20182 -19362 -19635 -21001 -20455 -16903 -14990 -10618 -11984 -15536 -11438 -13624 -10891 1952 4957 -1601 -6519 -5426 -2967 -10071 -12257 -20455 -21275 -15263 -17996 -20455
-6519 -5973 -20728 -19908 -15810 -19635 -21275 -20455 -17722 -17176 -17176 -17722 -10071 -1874 -5699 -9525 -7066 -8705 -12257 -1874 7143 -508 -8978 -7066 -8159 -10891 -15263 -17722 -22368 -17449 -17176 -20455
8236 -2420 -14990 -234 -8705 -19362 -19908 -17449 -13077 -5153 -14990 -9798 1952 3864 -3513 -10891 -10071 -8705 -11164 -14443 -508 2498 -5699 -11984 -12257 -10345 -12804 -16629 -23734 -21548 -14990 -18815
13428 7963 -2420 9603 -508 -17176 -18269 -14717 8783 22992 14248 1405 8510 3045 -1874 -9525 -9525 -11711 -16629 -15263 -508 2225 39 -6792 -10891 -9798 -9798 -11711 -19362 -27013 -19089 -15536
16707 2225 12062 14794 2225 -17449 -17176 -18269 17800 30643 20259 4684 11242 4957 -2694 -2694 -12257 -10071 -20182 -10071 10969 6324 6597 -5973 -10071 -4880 -9525 -11164 -14990 -22094 -22641 -18542
20533 585 10696 17527 6050 -14990 -16083 -19089 -9252 20259 13701 5231 10149 12335 -2147 -5153 -6792 -9525 -21821 -234 21352 7690 4411 -8705 -10618 -7066 -5426 -8978 -9798 -16083 -17996 -24007
21899 -2420 8236 19440 5231 -12531 -16629 -18269 -19089 10422 3318 -5426 9329 18893 4138 -4333 -2420 -1327 -18269 7143 17527 7143 -781 -8432 -9525 -9252 -7885 -8978 -6792 -11164 -13624 -24554
21626 -2967 13428 21352 -4333 -13077 -15263 -17449 -20455 1678 -2967 3591 11242 23538 11789 859 -1874 -1327 -12531 9056 16434 6050 -2694 -9252 -10345 -11984 -11438 -5426 -4060 -8978 -12257 -21821
22445 -508 15887 20259 -1327 -12804 -14170 -16083 -21821 -7066 -2967 15068 15068 12335 7143 5504 3045 -5153 -11984 9603 15341 3591 2225 -2420 -8432 -6246 -6519 -2694 -781 -9252 -16629 -18269
22719 6050 16434 18347 7690 -10071 -7066 -10071 -16903 -5699 585 26544 31736 6324 4411 -508 -3513 -5153 -10618 1132 8783 6597 -3513 -9252 -12531 -7339 -4060 -4060 -5699 -16356 -17996 -17996
24631 12608 17527 20259 15887 -6519 3318 -234 -8705 -21001 5231 11242 7417 859 -7066 -6519 -5973 -7339 -15263 -2694 -1327 3318 1132 -4606 -11438 -10071 -5426 -8705 -16083 -18815 -16083 -18542
27637 18073 19166 21899 19713 -2420 -3240 8510 -781 -14443 -2420 -5153 -6792 -6792 -11164 -4333 -7066 -5153 -3240 -13624 -22368 -2420 312 -14443 -17176 -16629 -13350 -9798 -13624 -12531 -13624 -16356
24905 21352 20533 21626 20259 5231 -4880 7963 7417 -781 -9252 -16083 -1601 -4880 -3787 5231 -5699 -5699 1678 -5699 -5973 -7612 -15263 -16903 -20455 -14717 -20182 -14990 -14170 -16356 -18815 -18542
18073 19986 18347 19440 19166 10422 -4060 4957 4411 5777 3318 -17176 -1601 -7612 2498 14794 1132 -11164 -2967 -2420 1132 -9798 -19089 -17449 -16903 -5699 -14717 -12531 -13624 -16903 -17449 -18542
8783 19986 16707 15887 18073 12608 -781 8783 19440 -781 -7339 -11164 -7612 585 16161 17254 9329 -3513 -13077 -13897 -15536 -16356 -17176 -19908 -12257 -8432 -10618 -8705 -10345 -14443 -12257 -13897
2771 23538 16980 14794 17800 9056 -6246 12335 32767 30370 8236 9056 13701 21352 25724 22719 18347 7963 -1327 -14170 -15263 -12531 -7339 -3240 -1054 -781 2225 1405 1678 -508 -508 312
5231 27091 21352 17254 18620 9876 -234 25998 32767 32767 32283 11789 9603 13155 11515 10422 9329 1405 -2694 -3513 -781 -1054 312 3045 4684 4411 5777 7417 7690 4957 6324 4957
5777 14794 20259 20259 21352 16434 13701 32767 32767 31190 10696 -781 -2420 -2420 -1874 -3513 312 1678 -234 585 3045 3045 3318 3864 4957 6870 6324 6324 5777 5504 6870 5231
7417 4411 5504 16980 21079 6324 18347 32767 32767 16707 3591 1132 1405 1952 1678 585 859 859 312 -234 1678 3045 3045 4411 5504 8510 7690 7690 8783 8236 7143 9603
13155 7143 2771 6050 14521 7963 25998 32767 24905 1132 3864 3045 3591 3591 1952 312 -234 -508 -234 859 2498 4684 5504 6597 9876 10422 9056 9603 10969 10422 14521 18620
13975 9056 4411 2225 3318 13701 32767 32767 10696 39 2498 4684 4138 1405 1405 1405 1405 1405 2498 3591 4684 7417 9876 10969 9876 7417 7143 6597 12062 17527 18620 15068
13155 9603 6597 5231 3318 6597 32556 32767 7143 3318 4138 2771 5231 2498 585 1405 2225 3318 4411 4957 7143 6597 6870 9329 9056 6870 5231 10696 18620 16980 7690 6870
12882 9056 7963 7417 6597 3045 12335 26544 1405 1952 3864 4411 6870 5777 4684 1678 1132 1678 4411 5777 6050 6870 6597 6050 5777 6597 10149 17527 13701 7143 -2967 6050
17254 9329 6324 8783 6870 4957 -234 5231 39 -2420 -2420 859 3864 5777 6324 3864 4684 6324 6870 6597 6324 6050 4684 3045 5231 10969 17800 18347 14794 8783 -1601 3591
14794 9329 4957 7963 6870 5504 3045 -508 312 -2694 -3240 -1327 -2147 -1601 312 1678 3864 5777 8236 11515 10422 5504 3591 3591 8236 15341 22719 20806 13701 4411 3318 -1874
12608 9603 4957 5504 5504 4957 2498 312 39 -2420 -3513 -1601 -2694 -1601 -4333 -6792 -3787 1132 6324 10422 8510 4684 4411 2498 8510 14521 18620 16707 8510 2771 4138 -1054
29781 28695 28967 28967 28967 28967 28967 28967 28967 28967 29238 29238 29238 29238 29238 29238 29238 28967 28695 28424 28967 28967 28967 29238 28967 29238 28967 28967 28967 29238 29238 28967
30596 29781 29781 29781 29781 29781 29781 29781 29781 29781 30053 30053 30053 30053 30053 30053 30324 30053 30053 29510 29510 29510 29781 30053 30053 30053 29781 29781 29781 30053 30053 29781
30324 29510 29510 29510 29510 29510 29510 29510 29510 29510 29510 29510 29510 29510 29781 29781 30053 30053 29781 29510 27609 28695 28695 29510 29510 29510 29510 29510 29510 29781 29781 29510
30596 29781 29781 29781 29781 29781 29781 29781 29510 29510 29510 29510 29510 29510 29781 29781 29238 28967 27881 26523 16478 22722 22179 27881 30053 29510 29510 29510 29510 29781 29781 29781
30324 29510 29781 29781 29781 29781 29781 29781 29510 29510 29781 29781 29510 29510 29781 29781 30053 29238 25437 21093 10233 18921 24080 28424 30324 29781 29781 29781 29781 30053 30053 30053
30867 30053 30053 30053 30053 30053 29781 29781 29510 29781 30324 30324 29510 28967 29781 28152 22451 18650 16206 13220 10776 15935 22179 27338 30053 30053 30053 30053 30053 30324 30324 30324
27881 27881 28967 28695 29510 30324 30324 30053 30324 30324 30867 30867 27066 26795 29238 25980 15663 9690 9147 7790 5075 4804 8333 19736 29238 30053 29781 29781 29781 30053 30324 30867
23537 26795 28424 27609 28152 29510 30324 30596 30867 30867 30867 31139 20550 25437 29238 24080 18378 16206 15935 12948 10776 9147 9962 16478 28152 29510 29238 29238 29510 30053 30324 30596
24623 25980 27066 27066 27609 28695 30053 30596 30596 30596 30324 30867 19464 25709 29238 28424 22722 22722 25437 22451 22722 22994 24894 25166 27066 27881 27881 28424 28424 29781 30324 30596
-1984 -1712 -355 2903 12677 27066 29781 30324 30053 29781 29781 29238 24080 27338 28967 30053 27881 27609 28695 27066 27066 24894 20550 16206 12677 11319 11319 16478 26523 29781 30053 30596
-4427 -6056 -4699 -3884 5618 26252 27609 28152 30053 29510 28695 28424 28152 28695 28967 28424 28695 28695 28152 26523 17835 10505 5618 3175 2360 731 -1169 6433 24623 29510 29781 30324
18921 17021 20007 20279 22722 26523 23808 23265 24623 25709 25437 22994 22722 23265 24623 25709 27066 27338 27066 25166 15663 13491 15120 14306 16478 12134 4532 16206 25437 28695 29510 30053
18378 17835 20822 24080 26523 24080 21093 12405 14034 22179 13220 -7414 -8771 -6599 -3884 -898 3175 7519 20822 26523 25166 25709 26523 24894 25980 23537 19193 26252 25437 25980 28967 29781
-3341 -3884 -3341 -83 3446 12134 17835 17564 22451 24623 8876 -19359 -21803 -20717 -19631 -16102 -6328 9147 25980 29510 29238 27609 26523 22179 20822 23265 23537 20007 14577 17021 23265 25980
-17459 -15287 -16916 -15559 -626 3718 6976 18921 24080 21908 10233 -6056 -8228 -6599 3446 15120 22179 25980 25437 21636 15663 8876 5890 1546 -83 1274 2903 2089 731 3446 15392 19464
-23160 -18273 -10943 460 1817 -7957 -1712 10233 12948 15935 15392 15120 15663 19736 25166 20279 13220 9147 5347 1817 -2527 -7414 -8500 -7142 -5513 -4970 -898 3446 6704 8604 17021 16206
-30491 -26961 2360 21908 3446 -1984 4261 12677 15120 22179 25709 27881 26795 28424 27338 13763 5075 3446 4532 5347 7790 6433 6433 7790 8604 9419 12948 16749 17564 14306 10776 8604
-32663 -18273 20279 27066 19464 20007 23537 27338 28152 29238 28967 28424 22722 26523 25980 22994 19736 14849 18378 17021 17292 18650 18107 15935 12677 12405 9690 5075 2903 1546 731 3446
-23432 5347 17564 16478 15935 18107 18650 18650 18650 17835 18107 17564 14034 14849 7790 5890 5347 8333 5618 -3341 -3070 1817 188 -3884 -9043 -9314 -8771 -8500 -5513 -1169 1003 1003
-898 9962 4804 3175 1546 731 460 1274 1546 731 460 1003 1003 -355 -5785 -6871 -6328 -1984 -3613 -8500 -8500 -8500 -10400 -11486 -12301 -11486 -8771 -6599 -4699 -2798 -1169 1274
-14201 -13387 -13115 -12301 -11215 -10400 -10400 -9586 -8500 -6328 -4970 -3341 -2798 -1984 -1984 -1441 -2798 -4156 -5242 -6871 -8228 -10943 -12572 -12301 -12301 -13115 -12301 -11758 -9043 -3341 -83 2903
-30491 -32768 -31577 -29133 -29133 -28319 -28590 -28047 -26961 -24789 -22617 -20988 -19902 -17731 -16102 -15016 -14744 -14473 -15830 -17731 -19088 -19631 -19631 -18545 -18545 -18545 -14473 -10400 -5785 -1441 1274 3175
-24246 -31034 -31848 -25332 -24246 -28047 -31848 -32768 -32768 -32768 -32768 -32768 -32391 -32663 -32768 -32768 -30491 -27504 -28319 -28319 -28319 -28047 -25875 -23432 -18545 -10943 -3341 -626 -2527 -898 2360 7519
-24518 -26961 -30491 -26690 -14744 -15016 -20717 -26690 -29948 -32663 -32768 -32768 -29405 -18545 -25604 -31305 -32768 -32768 -32120 -30219 -27233 -22889 -17188 -10672 -898 5075 1817 -3070 -2255 1817 5618 12677
-29676 -30491 -32768 -32768 -21803 -16373 -19359 -24246 -29133 -32768 -32768 -32768 -32120 -1984 9690 1546 -3613 -5513 -5513 -4427 -1984 3446 7790 6976 460 -5513 -5242 -1441 1003 4532 10505 15935
-23160 -30762 -32768 -32768 -30762 -25875 -25332 -28319 -32120 -32768 -32768 -32768 -32768 -15559 15392 21636 19193 18650 18921 16749 12677 6704 -626 -6056 -8228 -5785 -898 1003 1817 7247 12405 16206
-15287 -26961 -32768 -32768 -32768 -30762 -29133 -30762 -32768 -32768 -32768 -32768 -32768 -25332 7519 21093 18921 17835 14577 8061 -1712 -9314 -12029 -8500 -2255 -83 -83 1003 5075 9962 12948 15935
-11486 -21260 -32768 -32768 -32768 -32663 -32120 -32768 -32768 -32768 -32768 -32768 -32768 -26690 4532 21636 19736 11862 -1169 -10943 -13930 -10943 -6328 -1169 731 -898 -1169 1817 5890 10776 13763 16478
-9043 -19359 -32391 -32768 -32768 -32768 -32768 -32768 -32768 -32768 -32768 -32768 -32768 -29948 -6328 8604 -2255 -13930 -18816 -13930 -7142 -2798 -898 -355 -626 -83 731 2903 6161 9962 14034 17021
-10400 -22346 -28862 -31034 -31848 -32663 -32768 -32768 -32768 -32768 -32768 -32768 -32768 -32768 -22617 -14744 -19631 -18545 -12301 -3341 1817 2360 -626 -2527 -1441 1546 3718 4804 8333 11862 15392 17021
-11758 -21531 -24246 -25604 -26690 -28047 -29405 -29676 -29133 -28862 -28590 -28862 -28862 -27776 -23975 -16645 -10400 -5785 -2527 731 3718 1546 -2255 -2798 -626 1546 3718 6161 9147 13220 16206 16749
-10943 -17188 -18273 -19088 -20174 -21260 -21531 -20988 -20717 -20174 -19631 -19088 -18002 -15559 -12029 -5785 -2527 460 2089 460 460 -1984 -3070 -898 1003 2903 4261 6433 8876 11591 14849 16478
30860 29759 30034 30034 30034 30034 30034 30034 30034 30034 30309 30309 30309 30309 30309 30034 29759 29759 30309 30309 30034 29759 30034 30309 30309 30309 30034 30034 30034 30309 30309 30034
31687 30860 30860 30860 30860 30860 30860 30860 30860 30860 31136 31136 31136 31136 31136 31136 30585 30585 31136 31136 30860 30585 31136 31136 31136 31136 30860 30860 30860 31136 31136 30860
31411 30585 30585 30585 30585 30585 30585 30585 30585 30585 30585 30585 30585 30585 30860 30585 30309 30585 30860 30860 29483 30860 30309 30585 30585 30585 30585 30585 30585 30860 30860 30585
31687 30860 30860 30860 30860 30860 30860 30860 30585 30585 30585 30585 30585 30585 30860 30860 30309 30034 29483 28381 19016 25627 23974 28932 30860 30585 30585 30585 30585 30860 30860 30860
31411 30585 30860 30860 30860 30860 30860 30860 30585 30585 30860 30860 30585 30585 30860 30860 31687 31411 28106 23974 13507 22597 26178 29208 30860 30860 30860 30860 31136 31136 31136 31136
31962 30860 30860 30860 30860 30860 31136 30860 30585 30860 31136 31136 30860 30309 31411 29759 25627 22597 20669 17915 15436 20118 25352 28932 30860 31136 31136 31136 31136 31411 31411 31411
29208 28657 29483 28932 30034 31136 31411 31411 30860 30860 31136 31411 29208 28932 31411 28381 20394 15711 15711 14609 11028 9927 12681 22873 31687 31411 31136 30860 31136 31687 31411 31411
26729 29483 30585 30034 30585 31411 31687 31411 31411 31411 31136 31687 22322 27280 31136 26178 22322 21495 21495 18741 16262 14058 14609 20944 31962 31962 31687 31687 31962 31962 31962 31687
30585 31136 31687 31962 32238 31687 31411 31136 31136 31136 31411 31962 20669 27004 30585 29759 24801 25627 28932 26178 27004 27831 30309 30860 32238 31687 31962 32238 32238 32238 32238 31687
4693 4142 5244 8825 17915 30585 31136 30585 30309 30860 31411 31411 25627 28932 30585 31411 29483 29483 31136 30034 31411 30309 26453 22322 18190 15436 15711 20944 30860 32513 32238 32238
1939 -540 562 1113 9927 29208 28932 28381 30034 30585 31136 31411 30585 30860 31411 30860 31136 31411 31411 30034 22873 16813 11579 9100 7172 4693 2765 10753 28932 32513 32238 32238
24525 21771 24250 24250 25902 28657 24801 23699 24801 27280 28381 27004 26453 27004 28106 29208 30585 31136 31411 29759 22322 20669 21220 19567 20394 15160 7723 19843 29483 32238 32513 32238
23148 21771 24250 25902 28106 26453 23423 14058 15711 24801 16813 -3019 -2468 -540 1663 4142 7999 12130 25627 31136 30034 30309 30585 28381 28932 26453 22046 29483 28657 29483 31962 32513
1939 562 562 2214 6070 16262 21495 20944 26453 29483 13507 -14312 -14588 -13761 -13761 -10732 -2468 12406 28657 31962 31411 29759 28932 24250 23423 26178 26453 22873 17364 20394 27004 29759
-11558 -10181 -12109 -10456 4969 8825 9376 21220 28932 27555 15711 -540 -3019 -1642 7723 19016 24525 27280 26453 22046 17364 11855 8549 4142 2765 4418 6346 5244 3867 8274 20394 24525
-19270 -14588 -6875 5795 7723 -4396 -2193 9651 15711 19567 19567 19292 19567 23699 28932 23974 15986 11579 7448 3592 562 -3295 -4672 -3295 -1366 -540 3316 7723 11304 14058 22873 22046
-29737 -25881 4693 25627 7448 11 2765 10753 15986 23699 27831 30585 30585 32513 31687 18190 9927 8549 9651 11028 13232 11579 11579 13232 14058 14885 18465 22322 23148 20118 16537 14334
-32492 -16791 23148 30034 22597 23148 24525 27831 29483 31136 31687 31687 27004 31687 31687 28932 25902 21220 25627 24801 24525 25076 24525 22322 19292 18741 15986 11579 9100 6346 5520 8549
-21474 8825 22322 20118 20394 24250 24250 23423 22873 22046 23148 23148 19292 20669 14609 12681 10478 13232 11028 2765 3867 9376 7448 3316 -2193 -3019 -2468 -1917 562 2765 4969 5244
3316 15436 10202 8549 7999 7999 7448 7448 7448 6621 6621 7172 7172 6070 837 -265 -816 3041 1388 -3845 -3019 -1642 -3019 -5498 -7151 -5498 -3295 -1642 -540 562 2765 5795
-9905 -9079 -9079 -8253 -6875 -5774 -5774 -4947 -3295 -1091 286 2214 3867 3592 2490 2765 3592 2765 1113 -1091 -3845 -6049 -7151 -8528 -7977 -6324 -6324 -6875 -5223 -1091 3316 7172
-26983 -30839 -29462 -26707 -26707 -26983 -26983 -25605 -23953 -22025 -19821 -17618 -14863 -13211 -12660 -12109 -9905 -9630 -11558 -14037 -15414 -15139 -14863 -14863 -14312 -12384 -9354 -6324 -2744 286 3592 6346
-21198 -29462 -30288 -21749 -21474 -26983 -30839 -31665 -32767 -32768 -32768 -32767 -30288 -28911 -28635 -27534 -25881 -23402 -24779 -25330 -23402 -21749 -20097 -17893 -14588 -9079 -2193 11 -2193 11 4418 10202
-22576 -26432 -28635 -22576 -11558 -14588 -20097 -25330 -29737 -32492 -32768 -32768 -29186 -16240 -20097 -23953 -25605 -25605 -25605 -24228 -22025 -18719 -14312 -7151 286 2214 -816 -4947 -3295 3041 7999 15436
-29737 -31114 -31114 -30563 -21749 -19546 -22025 -24779 -28911 -32767 -32768 -32768 -31665 -1642 9651 1388 -3019 -4947 -5498 -4947 -4396 -2193 837 837 -4672 -10181 -7977 -1917 1939 6621 13507 19567
-22851 -31114 -32768 -32767 -32216 -30563 -30563 -31114 -32216 -32768 -32768 -32768 -32768 -17893 1388 1939 1113 11 -1091 -2744 -3570 -7426 -13211 -15690 -14312 -8253 -1366 2490 4969 10753 16262 20394
-12660 -25881 -32768 -32768 -32768 -32768 -32768 -32768 -32768 -32768 -32768 -32768 -32768 -30563 -21474 -20923 -21198 -20648 -20097 -20372 -22300 -23402 -20648 -12660 -3570 837 1388 3316 8274 14609 17639 20669
-7977 -19546 -32768 -32768 -32768 -32768 -32768 -32768 -32768 -32768 -32768 -32768 -32768 -32768 -26983 -25055 -26983 -26983 -26983 -25881 -22576 -15690 -8528 -2744 286 837 1113 4418 9376 15436 18741 21495
-5774 -17342 -31941 -32768 -32768 -32768 -32768 -32768 -32768 -32768 -32768 -32768 -32768 -32768 -28635 -25330 -29186 -30288 -26432 -17893 -9079 -2193 837 286 11 1939 3316 6070 9927 14609 19016 21771
-6600 -19821 -27534 -30563 -31114 -30839 -31114 -31941 -32767 -32767 -32767 -32768 -32216 -32492 -30288 -28084 -26432 -20097 -12660 -6875 -2744 837 837 562 1388 4142 6897 8549 12406 16813 20394 21771
-7426 -18169 -21749 -24228 -25605 -26156 -26707 -27534 -28084 -28084 -27809 -27534 -26432 -25330 -22851 -18719 -14588 -9630 -5774 -3019 -540 -265 -265 1113 2765 4418 7172 10202 13507 18190 21220 21771
-6049 -13211 -15414 -17067 -18444 -19270 -19270 -18719 -18719 -18444 -17893 -16791 -15414 -14312 -10732 -7426 -5498 -3845 -1917 -540 1113 286 562 2214 3592 6070 7999 10753 13232 16537 19843 21220
32767 32009 32283 32283 32283 32283 32283 32283 32283 32283 32556 32556 32556 32556 32556 32556 32556 32556 32556 32283 32767 32767 32283 31736 32009 32556 32283 32283 32283 32556 32556 32283
32767 32767 32767 32767 32767 32767 32767 32767 32767 32767 32767 32767 32767 32767 32767 32767 32556 32556 32767 32767 32767 32767 32767 32767 32767 32767 32767 32767 32767 32767 32767 32767
32767 32767 32767 32767 32767 32767 32767 32767 32767 32767 32767 32767 32767 32767 32767 32767 32009 32009 32767 32767 32556 32767 32767 32767 32767 32767 32767 32767 32767 32767 32767 32767
32767 32767 32767 32767 32767 32767 32767 32767 32767 32767 32767 32767 32767 32767 32767 32767 31736 32009 32283 32009 22719 28730 27091 31736 32767 32767 32767 32767 32767 32767 32767 32767
32767 32767 32767 32767 32767 32767 32767 32767 32767 32767 32767 32767 32767 32767 32767 32767 32767 32767 31736 28730 17800 25724 29277 32283 32767 32767 32767 32767 32767 32767 32767 32767
32767 32767 32767 32767 32767 32767 32767 32767 32767 32767 32767 32767 32767 32767 32767 32283 28457 26271 25451 23538 20533 24085 29004 32283 32767 32767 32767 32767 32767 32767 32767 32767
31463 31190 32009 31736 32556 32767 32767 32767 32767 32767 32767 32767 31736 31463 32767 31190 24631 20806 21079 20806 17254 15614 17254 26544 32767 32767 32556 32767 32767 32767 32767 32767
29550 32556 32767 32767 32767 32767 32767 32767 32767 32767 32767 32767 24358 29277 32767 28457 26271 26271 26544 24358 22445 19986 19440 24631 32767 32767 32767 32767 32767 32767 32767 32767
32767 32767 32767 32767 32767 32767 32767 32767 32767 32767 32767 32767 22445 28457 32009 31463 28184 29550 32767 30916 32767 32767 32767 32767 32767 32767 32767 32767 32767 32767 32767 32767
9603 9329 10696 12882 21079 32556 32556 32283 32767 32767 32767 32767 27364 30643 32283 32767 32283 32767 32767 32767 32767 32767 30643 26544 22172 19713 19440 23812 32767 32767 32767 32767
7417 5231 6324 6324 13975 32009 30370 30097 32556 32767 32767 32767 32767 32767 32767 32767 32767 32767 32767 32767 27091 21079 15887 13428 12335 10696 7963 14248 31463 32767 32767 32767
30097 27637 30097 29823 30916 32009 26544 25178 27364 29550 30370 28730 29823 30370 31736 32556 32767 32767 32767 32767 25724 24358 25451 24085 26544 22445 13701 24085 32556 32767 32767 32767
29550 28184 30097 32767 32767 30916 25724 16434 18893 27364 20259 1952 3318 4957 6870 9056 12882 16434 29004 32767 32767 32767 32767 32556 32767 31463 26818 32767 32767 32556 32767 32767
10422 9056 7417 10149 13975 21626 24905 24631 30643 32767 18893 -5973 -6246 -6246 -6519 -4333 4138 17800 32556 32767 32767 32767 32556 28184 26818 29004 29823 27364 22445 24905 30916 32767
-1601 39 -3787 -3240 11242 13701 13701 25451 32767 31190 20806 6597 4684 5777 14794 25451 29823 32283 30916 26818 22172 16434 13428 9056 7143 8236 10422 10149 9056 12608 24358 27911
-10071 -5426 585 10696 11515 -1054 1132 12882 18620 22719 22992 23538 24085 28184 32767 28184 19713 15887 12335 9603 6597 2498 1132 2498 3864 4411 8510 12882 16434 19166 27091 25724
-21548 -18269 10149 29004 9876 2498 5504 13155 18073 26544 30370 32556 32283 32767 32767 20806 13428 13155 15341 17254 19986 18620 18620 19986 20533 21079 24631 28184 28457 25724 21626 18893
-24554 -9525 28184 32767 26818 26544 28457 31463 32767 32767 32767 32767 29004 32767 32767 32767 31190 27364 31736 31463 32009 32767 32283 30097 26818 25998 22719 17800 15068 12882 12062 13975
-11711 17800 29550 27911 28184 31463 31736 30916 30916 31190 31190 29277 25451 27637 21626 20259 19166 22172 19713 11515 12882 18073 16161 12062 6597 5777 5231 4684 7143 10149 12062 11515
12882 25451 21899 20533 19986 20806 21352 21626 21352 20806 20533 20533 20259 19713 13428 10969 10969 15341 13428 8510 9329 10696 8236 6050 4411 5504 6870 7417 8236 8783 9329 11515
-1327 -234 2225 3591 5504 7690 9056 9876 10422 12608 13975 15887 18347 19713 18073 16707 15887 14794 13428 11242 9329 6870 4957 3591 4138 5231 4138 2225 3318 6597 8783 11515
-19908 -24280 -21548 -17996 -16903 -15810 -15263 -14443 -14170 -11984 -10071 -7339 -2147 1952 3318 3318 3591 3318 1678 -508 -2147 -2694 -2967 -3240 -2420 -1054 312 1405 3864 6050 7417 9603
-16083 -25647 -25920 -16629 -15263 -19908 -22914 -24554 -26466 -27013 -27013 -25647 -19635 -15810 -14717 -14170 -11711 -8978 -10071 -10345 -9798 -9525 -8432 -6519 -3513 1132 6597 6597 3045 3864 6324 12062
-18815 -24007 -26193 -19908 -8159 -10345 -15536 -21001 -25373 -28106 -29199 -29199 -21548 -6246 -9798 -14170 -14717 -14170 -13897 -12257 -10891 -8432 -4060 2498 8783 9603 5777 39 585 5231 8783 16707
-26466 -28652 -28926 -28106 -18542 -15536 -18269 -21548 -25647 -29199 -30019 -30292 -27013 5504 17800 9329 4684 3045 2771 3591 3318 5231 8236 7417 585 -6246 -4606 585 4138 8236 13975 20806
-21548 -29199 -30292 -30019 -29199 -26466 -26466 -27833 -29199 -30292 -30565 -30292 -30565 -13624 8783 9329 8236 7417 6324 4138 2225 -2147 -8432 -12257 -11984 -7066 -234 3318 5777 12062 16980 21899
-13624 -25373 -30838 -30565 -31112 -29745 -28652 -29745 -30565 -31112 -31112 -30838 -30838 -28106 -14990 -12531 -12804 -12257 -12804 -14990 -17722 -19635 -18542 -11711 -3240 585 1678 3864 9056 15614 18893 22445
-8705 -19362 -30838 -30565 -31112 -30565 -29745 -30565 -31112 -31112 -31112 -31112 -31112 -30565 -20728 -16356 -18542 -19362 -21275 -21821 -20455 -15810 -8705 -2420 312 312 1132 4684 9876 16434 19986 23265
-5699 -17449 -30292 -30838 -31112 -30838 -30292 -30565 -30838 -31112 -31112 -30838 -30565 -31112 -23461 -18269 -24827 -27833 -25100 -16083 -8978 -4060 -781 -508 -234 1405 3318 6324 10149 15614 20259 23812
-6792 -21001 -28106 -30019 -30565 -30019 -30019 -30565 -30838 -30838 -30838 -30565 -29472 -30565 -27559 -24554 -24280 -19908 -14170 -8705 -3513 -234 -508 -781 312 3318 6324 8510 12882 17800 21626 23812
-8705 -21275 -25100 -26466 -27013 -27013 -27559 -27833 -27833 -27559 -27286 -27013 -25647 -25373 -23734 -18815 -12804 -8978 -7885 -7066 -2420 -1054 -1874 -508 1405 3591 6597 10149 13701 18893 22445 23538
-8432 -17996 -20728 -21001 -21548 -22094 -21821 -20728 -20182 -19908 -19089 -18542 -18815 -17996 -14990 -10891 -8432 -5973 -4606 -4606 -1874 -2147 -1601 859 2498 5231 7417 10696 13428 17527 21079 23265
8061 11319 13763 17564 14034 11048 11591 11048 12134 14577 16749 16749 16749 16749 15935 15935 15392 14849 15935 16478 16749 16749 17021 17292 16749 16749 17021 18921 20550 20550 20822 18107
7519 10233 12405 16749 14577 8061 7790 9147 9147 10776 12405 13491 11862 12405 9962 10776 12134 10505 11048 10776 11319 12948 11862 11591 11862 12948 17564 20822 21365 20822 21093 17292
8061 9419 11591 15935 16749 13220 13763 17021 15392 14577 14034 17564 18107 18650 17021 16206 18378 18650 18378 18650 18921 19464 18378 17835 17835 19464 21908 22179 22451 21908 21365 17292
6976 8604 11048 14034 14849 16206 20007 19464 15392 21365 21636 19736 22994 19464 19193 21093 21636 22179 22994 21093 22179 22994 19464 21365 22451 19736 21365 20550 22722 22179 21908 18107
6976 8876 11591 13220 14034 15120 17835 19193 15663 18650 17292 16206 19193 16206 16206 20822 20007 20007 20279 18107 18921 20007 17564 17021 20550 20007 20550 19193 21908 21365 22179 19193
6161 8333 11319 13220 12405 13220 19193 18921 18107 17564 17292 15935 16749 17292 17292 17835 17564 18921 16749 19736 18107 17021 18107 18378 21636 21908 21093 22722 23537 22451 22722 19193
6161 7519 10776 13220 11591 13763 21093 18921 17021 17021 16749 17564 15392 18650 19464 18921 19193 18378 20279 21636 19736 19464 19464 20550 19464 20279 19736 18921 19464 21093 22179 18921
7519 8061 10233 12677 12677 17021 20007 22722 19193 17564 17292 17835 18378 17021 16749 19193 20822 18650 19193 21908 18650 20550 19193 20279 15120 16749 20279 20550 20279 19193 20007 17292
9419 9147 10233 12677 13220 13763 13763 17564 14849 13491 13763 13763 15120 12134 12677 15392 16749 14306 15120 16749 14034 17021 14849 16749 20007 19193 17021 17021 19464 18107 18650 15935
12405 11319 9962 12677 12134 12405 14849 13763 8061 8333 6704 8333 6704 5618 7519 8876 11048 11048 10505 8604 8604 9962 8333 11048 20279 20007 17021 17292 19464 18378 18650 15392
13491 14849 11591 13763 12948 14034 15392 13220 8333 9419 9147 7790 9147 10233 11591 12948 12134 10505 9419 9962 9419 11591 11319 12677 18650 18921 19193 19193 19464 17835 18378 15663
15120 16749 14306 16749 15663 12134 13220 15392 14577 14577 14849 15120 15935 16749 18378 18378 18378 18107 17021 16206 15935 16478 18107 18107 16749 17021 18107 17292 17564 17835 19193 16478
16206 17564 16478 12405 7519 1817 6433 18378 19736 17835 16478 17021 17835 18378 18921 19193 18921 18107 17564 17021 17021 17564 18107 17835 17835 18378 18921 19464 20822 20822 21365 18378
16478 18650 17021 8876 1817 -2527 -8500 -4427 5347 14034 18650 18650 17835 18378 19193 20007 20007 20007 20279 19736 19193 19193 20007 19736 19464 19193 19193 19193 19736 19464 19736 16206
16478 19464 19193 19736 18650 15935 4261 -9043 -11215 -5785 4532 14577 18921 20550 21365 21365 21365 21365 21365 20007 18650 18650 18650 17835 17292 17564 17564 17564 17835 17564 18107 15120
15935 20007 19736 20279 19464 20279 20550 14034 -2255 -11215 -8771 731 12948 20822 22451 21636 20822 20279 20007 20007 18921 19193 19464 18921 18378 18921 18650 17835 17835 17292 17564 14306
16206 20550 21093 22451 21636 21908 22451 24080 13491 -9043 -13387 -9314 -5513 3989 15120 21093 21908 20822 19464 18650 18378 18650 18650 18650 18650 18921 18378 17835 18378 17564 17564 14849
16749 21365 22179 24080 23537 23537 23265 22451 21093 -355 -14744 -10400 -11215 -11215 -7142 1817 11319 17564 21093 21093 18921 18107 19464 19193 18650 18650 18107 17835 18378 17835 18107 15663
17564 22179 22179 24080 23537 23265 23265 22451 23265 3175 -14473 -10400 -11486 -11215 -10672 -11486 -9857 -4970 1546 8061 10233 15392 21093 21365 20822 19736 18650 17835 18378 18107 17835 15392
17835 22994 22722 24351 23808 23537 23537 23808 21365 -3341 -21260 -18273 -16916 -13387 -10400 -8771 -9586 -12301 -15016 -17188 -18273 -13115 -898 9147 14849 18650 20550 20279 20279 19193 19193 16206
17835 22451 22179 23265 22722 22994 22722 23537 8604 -6599 -16373 -23975 -20174 -15559 -13930 -10129 -9314 -10672 -10943 -14201 -19088 -21531 -17188 -14473 -12844 -4970 2089 8876 15935 18921 19193 16478
16478 20822 21093 22722 22179 21908 22722 20279 6433 3989 6976 -6871 -21803 -19631 -20445 -7957 8333 9419 731 -14473 -7414 -3613 -9857 -16102 -15830 1546 11048 10233 12948 15663 17021 14306
16206 20550 20822 22994 22994 22451 22722 22722 22994 23265 24351 17292 5075 5618 6161 11591 20822 21908 18107 7790 10233 14306 14034 9147 8333 14306 17835 18650 19193 18378 17021 13763
13763 17021 18107 19193 18107 17021 16206 15663 15392 14306 14577 12948 12134 12134 12405 12948 11862 9419 9690 11319 10776 9690 10776 12134 12134 9419 7247 6704 8604 10233 10505 8333
-3070 -7142 -4156 -4970 -6328 -7685 -8500 -8771 -10129 -10943 -10129 -12301 -13115 -12844 -11486 -6599 -3341 -4699 -5242 -4970 -4699 -4156 -3884 -3341 -2255 -1712 -1441 -1712 -1441 -1169 -898 -355
-898 -4427 -3341 -2255 -2798 -3613 -3070 -3341 -3884 -3613 -3884 -4427 -4156 -4427 -4156 -4699 -2798 -3613 -5513 -4970 -4699 -5242 -6599 -5785 -5242 -4970 -4427 -4427 -6056 -6328 -8500 -6599
-1441 -7685 -4970 -3613 -4427 -5785 -7414 -8500 -8500 -8771 -10129 -10672 -11758 -12572 -12301 -12844 -12301 -12572 -14473 -15287 -15830 -16102 -16373 -16373 -16645 -16373 -16102 -16645 -15830 -16916 -19631 -13115
-9314 -19088 -16373 -15287 -16102 -16102 -16916 -17459 -16102 -16645 -17731 -18545 -18545 -17731 -17459 -16916 -16916 -16102 -16645 -18273 -18816 -18545 -18002 -17731 -18273 -18545 -18816 -18545 -19902 -20717 -13658 -9043
-8771 -17731 -16102 -15559 -15830 -15830 -16645 -16373 -15287 -16373 -17188 -18002 -18002 -18002 -17731 -17459 -16645 -16916 -18273 -18816 -19088 -19088 -18816 -18816 -18545 -18273 -18816 -19631 -16373 -8771 -7685 -12029
-9857 -18545 -17459 -18545 -18545 -18002 -18545 -18002 -17731 -18273 -18816 -19359 -17731 -17459 -18002 -17459 -16373 -17459 -18273 -18545 -17731 -17731 -17459 -17459 -16102 -17188 -18545 -15016 -7685 -9857 -18002 -15830
-9857 -17731 -16916 -17188 -17188 -17188 -17188 -16916 -17188 -17459 -16373 -11758 -11215 -12029 -12844 -12029 -10129 -11215 -10943 -11486 -12301 -15830 -16102 -16645 -19902 -18816 -10672 -6056 -13387 -18545 -17459 -13658
-9043 -17731 -17459 -17731 -16916 -16102 -15830 -16373 -16102 -15830 -16373 -14473 -14201 -14201 -14473 -15016 -14201 -13930 -13658 -13658 -13658 -16645 -16645 -17188 -16373 -10672 -10129 -16645 -18545 -17731 -16645 -14201
9100 14609 15436 19016 17088 13232 13783 13783 14334 15436 16262 16813 17088 16813 16262 15986 15436 15436 16537 17088 17364 17364 17639 18190 17639 17639 17915 19843 20394 20118 21771 16537
8825 15436 16813 19843 18465 10753 9927 11304 11028 11579 12681 14609 13232 14058 11304 12130 13507 11855 12406 11855 12681 14334 13232 12681 12957 14058 18741 22322 22873 23423 25352 18465
8549 15160 17088 20118 22046 19292 15160 12406 10202 14334 18465 20118 19843 20394 18465 17915 20118 19843 19567 19843 20118 20669 19292 18741 19016 20118 22597 22597 22873 23423 25352 18741
8549 15160 17915 19843 21771 20394 17915 1388 -4121 7999 8549 8825 9651 7172 7172 6897 12130 10478 11028 13783 12406 11028 14058 9927 17915 23423 22322 22873 22322 22597 24525 17915
8549 14885 17639 18741 20669 20118 18190 837 1388 4418 -4672 -4396 -2193 -816 -1366 -2744 -1091 -2468 -2468 837 -1366 -3019 3592 -3019 10202 22046 21495 22873 22873 22597 25076 18465
7723 14058 17639 18190 20394 21220 16537 6621 12681 12406 6070 11579 12957 6346 7172 9376 15711 15160 14609 18190 14609 15436 17915 14885 20118 23423 23148 23423 23423 23699 25627 18465
7999 13507 17088 18190 19567 20669 6621 -7426 7172 7723 5795 7999 7999 -540 1388 4418 9100 7723 12957 10753 7448 13783 7448 11304 9100 11855 22322 23974 24250 23148 24525 17915
8825 13507 16262 17639 19567 15986 -1091 -6049 11 2214 2214 -816 6346 3316 3316 1113 11 11 2214 11 -3845 2490 11 9927 11 2490 18741 20944 21495 21495 23423 17364
10478 14334 15711 17088 19016 17364 13232 14334 10753 11579 13507 11855 14334 13507 13783 12957 13507 15160 15160 14334 11028 13507 15160 18465 13507 14609 21220 22597 21220 21495 23699 17088
13507 16537 15711 17364 18465 19016 19567 16537 10202 11579 10753 11028 9927 9651 11304 10753 12130 14058 13507 10753 10202 11028 11579 16262 21220 20669 21771 22597 21771 21771 23423 16813
14885 20118 17364 18465 19016 19292 19292 16537 11028 12130 11579 9927 11304 11855 12957 13507 12406 11855 11855 13232 12406 13783 13232 15160 20944 20669 20944 20944 21220 21220 23423 16813
16537 22322 19843 21220 21495 17639 18465 20669 19567 19292 19292 19292 19292 19567 20669 20669 20669 19843 19843 20669 20394 20118 20118 20394 21495 22046 21495 21495 21771 21220 23699 17639
17088 22597 20669 15160 11855 4969 8549 20118 21771 21771 20944 20394 20394 20944 21495 21771 21495 20944 20669 20118 20118 20669 20944 20669 20944 21771 22046 22873 23148 22873 24525 18190
17364 23423 21220 11579 5795 286 -7702 -4396 5520 15436 20944 20944 20394 20669 21495 22322 22322 22597 22873 22322 21495 21495 22597 22597 22322 22046 22046 22046 21771 21771 23148 16537
17364 24525 23423 22322 22873 19292 5520 -8803 -11558 -6049 5244 15986 20669 22322 23148 23148 23148 23148 23148 21771 20394 20394 20669 20394 20394 20394 20394 20394 20118 20394 22322 15986
16813 25076 23974 22873 23699 24525 23148 15436 -1917 -11007 -8253 1388 14058 22046 23974 22873 22322 21771 21771 21495 20669 20944 21495 21495 21220 21771 21495 20944 20669 20669 22046 15711
17364 25352 25076 24801 25076 25076 24525 25902 14334 -8803 -13761 -10181 -6049 4142 15986 22322 23423 22046 20944 20669 20944 21495 21495 21220 21220 21771 21495 21495 21771 21220 22322 16262
17639 25627 25627 25902 26453 25902 25076 24250 22322 11 -15139 -11282 -12109 -11558 -7151 1939 11579 17915 21495 21771 20118 19292 20944 20669 20669 20944 21220 21220 21495 20944 22322 16262
17915 25902 24801 25076 25627 25627 25076 23974 24525 3592 -14588 -11007 -12384 -11833 -11833 -12660 -11007 -5774 837 7723 9927 15160 21495 22322 22046 21495 21220 20669 20944 20394 21495 15711
17639 26178 25076 24801 25352 25627 25352 25627 22322 -3019 -21474 -18719 -17893 -14863 -12660 -11558 -11833 -12660 -14588 -16791 -17618 -12109 286 10202 15986 20118 22597 22597 22046 21220 21771 15711
17915 25627 23974 23699 24250 25076 24525 24525 8549 -7702 -17893 -24779 -20648 -16791 -15965 -12660 -11282 -10732 -10732 -14037 -18444 -20923 -16516 -14037 -12384 -4396 2490 9651 15986 19292 21771 16262
16813 23974 22873 23148 23699 24250 24525 21220 6070 2765 5520 -7151 -21474 -20097 -21198 -9079 7448 9651 1113 -14312 -7151 -3019 -9630 -15965 -15414 1939 11579 10753 12406 15986 20394 14609
16537 23974 22597 23423 24250 24525 24801 23974 23699 23699 24525 18741 6897 6621 6621 11855 21220 23423 19843 9376 11855 15986 15711 10753 9927 15711 19292 20394 19843 19292 20944 14885
14058 20118 19843 19567 19567 18465 17639 17088 16813 15986 16537 15986 15160 14609 14058 13783 12957 11304 11855 13507 12957 11855 12957 14609 14334 11579 9376 8825 9376 11028 14334 9651
-3019 -4121 -3019 -4947 -5498 -6324 -7151 -7426 -8528 -9079 -7977 -9905 -10732 -11007 -9905 -5498 -2193 -3019 -3295 -3019 -2744 -2193 -1917 -1366 -265 11 286 11 -540 -265 2490 286
-1642 -2193 -2744 -3019 -2744 -3295 -2744 -2744 -3295 -3019 -3295 -3570 -3570 -3845 -3570 -4396 -2193 -2193 -4121 -3570 -3295 -3845 -5223 -4396 -3845 -3570 -3019 -3019 -6324 -7702 -6875 -6049
-2744 -5774 -4947 -4672 -4672 -5774 -7151 -8253 -7702 -7977 -9354 -10456 -11282 -12384 -12109 -12384 -11833 -12109 -14312 -15139 -15414 -15965 -15965 -15965 -15965 -15690 -15690 -15965 -17342 -18719 -14312 -6324
-10732 -17342 -15965 -16240 -16240 -16240 -16791 -17342 -15690 -16240 -17067 -18444 -18169 -17342 -17067 -16516 -16240 -15414 -15965 -17618 -18444 -17893 -17618 -17342 -17893 -18169 -18444 -18444 -18444 -14037 -1642 1388
-11007 -17618 -16516 -16791 -16516 -15965 -17067 -16516 -15414 -16791 -17342 -18169 -17893 -17893 -17342 -17067 -15965 -15139 -16240 -16791 -17067 -17342 -16791 -17067 -17893 -17893 -17067 -15965 -8803 3592 3867 -6600
-12109 -19270 -17067 -18169 -18719 -17618 -17893 -17342 -17067 -17342 -18169 -18719 -17342 -16791 -17067 -16516 -15414 -16516 -17342 -17618 -16791 -16791 -16240 -16516 -16791 -17342 -14312 -3570 5244 -1091 -12109 -13486
-11282 -17893 -15690 -15965 -16516 -16791 -16791 -16791 -16516 -16791 -15965 -12109 -12109 -12935 -13486 -12660 -10732 -11833 -11833 -12384 -12935 -16516 -16791 -15965 -15690 -10181 286 4969 -5774 -15690 -16240 -14863
-12384 -19546 -17893 -17893 -17893 -17893 -17618 -18169 -17893 -17618 -17893 -14863 -14312 -14312 -14588 -14863 -14037 -14037 -13761 -13486 -13761 -16516 -16516 -15139 -9079 1388 1388 -9630 -15690 -16516 -15965 -15139
9603 19986 21626 24905 24085 18893 18347 18073 18620 20533 21626 21352 21352 21352 20533 20533 19713 19440 20533 21352 21626 21626 21352 20806 19986 19986 20259 22172 24085 25998 26818 15614
11789 24631 27637 30916 30097 20806 17800 17800 17800 19986 22172 22172 19986 20806 18073 18893 20259 18893 19166 18893 19440 21079 20259 20259 20806 21899 26544 30097 29823 29550 30916 18893
10696 23812 27091 28730 29823 27091 22445 19166 17254 22172 26544 26818 25724 26271 24631 24085 25998 25998 25724 25998 26271 26818 25724 25724 25724 27091 29550 29823 28457 27637 30097 19166
14248 25451 26544 29550 30643 29004 23812 4684 1405 12062 14248 17254 17527 14521 14248 15614 18893 17527 17527 19713 19440 19713 18073 13975 25451 31190 29004 29277 30097 29823 31736 19713
14521 24358 24085 28457 30097 30370 27364 7690 10696 10422 1678 4138 4138 3318 2771 4684 5504 4957 4411 6597 6050 6050 7417 2498 19713 30916 28457 28184 29550 29004 30916 19440
13701 23812 24358 28184 29004 28457 25998 13975 22445 18347 11515 18073 17800 12608 13428 15887 21079 21626 20806 23812 21079 21352 22992 20806 26818 30370 30370 30370 29823 30370 32283 20259
13701 22992 23538 28184 28184 27364 15887 -2694 12062 13975 14248 16707 13975 8236 10149 12608 17527 16161 20533 18620 15341 18893 16161 19440 14248 17527 29004 30643 29277 30097 32009 20259
15068 23812 23265 27911 28457 24358 8783 -781 5504 9603 11789 8236 11242 7963 7963 8236 9056 7690 9329 7690 3591 7417 7690 16980 6324 9603 25998 29004 28184 29004 31190 19713
17254 25178 23265 28184 28730 24905 21626 22719 19166 18893 19986 19166 21352 19713 19986 20533 21352 21899 21899 21079 17527 19713 20259 23538 21626 22992 27364 28730 28730 29277 31190 19440
19713 26818 22719 27364 27637 27364 29004 26271 19440 19986 18620 19713 18620 18073 19440 19713 21626 22992 22172 19166 18347 18620 18620 22992 29550 29550 29277 29823 29823 29550 30916 18893
20259 29550 23538 27911 27637 26818 27364 24631 18347 19166 18620 16980 18347 19166 20259 21079 20533 19713 19166 19440 18620 19166 19713 23812 29823 29277 29004 28730 28730 29004 30916 19166
21079 30643 25451 30097 29004 25998 27637 29550 28184 27637 27364 27637 28184 28730 29823 29823 29823 29277 28730 28457 27911 27364 28184 28730 28730 28730 28184 27364 27637 28730 30916 19713
20259 29004 26818 25178 18347 10696 15887 28184 30643 30370 29277 29004 29550 29823 30370 30643 30370 29277 29004 28457 28184 28730 29004 28457 28184 29004 29550 30097 30097 30097 31736 19986
20533 29823 27364 21626 11789 3318 -4060 312 11789 22992 29277 29277 28457 29004 29823 30643 30643 30097 30370 29823 29004 29277 30097 30097 29823 29550 29550 29550 29277 29277 30643 18893
20533 30643 29550 32556 29004 22445 8783 -6519 -8159 -234 12882 24085 28457 30097 30916 31190 30643 30370 30097 29004 27637 27637 27911 28184 27911 27911 27911 27911 27637 28457 30370 18620
19986 31463 30097 32767 30370 30370 28457 17800 312 -7066 -2147 8510 21352 29277 31190 30370 29823 28730 28457 28184 27364 27364 28184 28730 28730 29277 29004 28457 28184 29004 30643 18893
20806 32556 29550 32556 31190 30643 30097 30370 18347 -4333 -9252 -6246 -2147 8783 21352 28184 30097 30370 29277 28457 28184 28457 28457 28184 28457 29277 29277 29277 29277 29004 30916 20259
21079 32767 29277 32556 32009 30916 30643 29277 27091 4411 -11164 -9525 -10618 -9252 -3787 6050 16161 23538 27637 29004 28184 28184 29823 29550 29277 29277 28730 28730 28457 28730 30916 20533
20533 32283 28184 31190 30916 30370 30643 29004 29277 8236 -10891 -9252 -10891 -10345 -9798 -10345 -8432 -3787 4138 12882 16980 23812 30370 30643 29823 29004 28184 27637 27637 28184 30370 19986
19986 32283 27637 30370 30097 30370 30916 30643 27091 1405 -17449 -15810 -14990 -12257 -10071 -8705 -9252 -11438 -13077 -13897 -13350 -6246 5231 13155 19166 24631 28457 29823 29277 29277 30916 20259
18893 32009 29550 29823 29823 31736 31190 30370 13155 -4333 -14717 -20455 -16629 -12804 -12531 -9798 -8978 -8705 -8432 -11438 -15536 -17722 -13897 -12804 -10618 -1327 6870 14794 22992 27637 29823 22172
16980 30643 30643 29550 29550 30643 30643 26818 11242 6870 9876 -2147 -16629 -15536 -17176 -5426 10969 12882 4411 -11164 -4060 39 -6519 -12804 -12257 5504 15614 15068 18893 22719 25724 20806
16707 30370 30370 29823 29823 29550 29550 29550 29550 30097 31190 24631 12335 12335 12608 17800 27364 29004 25451 15068 17527 21626 21352 16161 15614 22172 26271 27364 27911 25998 26271 20533
14248 26818 27637 25998 25178 24631 23812 23265 23265 22172 22719 21899 21352 21626 21899 22445 22445 21899 22445 24085 23538 22445 23538 24905 25178 22719 21352 21079 22719 22719 23812 18347
-3513 1678 4411 1678 1132 -508 -1874 -2147 -3513 -4333 -3240 -4060 -4333 -3513 -1601 3864 8236 8783 8783 9056 9329 9876 10422 12062 13701 14248 14794 14794 14794 13975 14521 8783
-781 4411 5504 5504 6597 6050 6324 6050 4957 5504 4684 3318 3591 3864 4684 4684 6597 5504 3591 4138 4138 3864 2771 3318 4138 4411 4957 4957 1405 312 312 -4880
-2694 -234 1678 1678 2225 1132 -1601 -3787 -4880 -6246 -7885 -6792 -7066 -7885 -7339 -7612 -7612 -9525 -11984 -12804 -13077 -13350 -13897 -14717 -14990 -14717 -14717 -14990 -16356 -17449 -13897 -10618
-14443 -16083 -14443 -15536 -15263 -13897 -14990 -16356 -15810 -17176 -18269 -18269 -17996 -17449 -17722 -17449 -17176 -16083 -16629 -18269 -18815 -18542 -17449 -16083 -16356 -16903 -16903 -16903 -17996 -15263 -2694 -2694
-12531 -14443 -13350 -14717 -14170 -14443 -16083 -15536 -14443 -15810 -16083 -15263 -14990 -15810 -15810 -16356 -15536 -14990 -16083 -16903 -17176 -17176 -16903 -16903 -17176 -16629 -16083 -15536 -10618 -234 1678 -10618
-14170 -16903 -14990 -16629 -15536 -15536 -16903 -16356 -16356 -17449 -17996 -17449 -15536 -15810 -16903 -16629 -15536 -16356 -16903 -17176 -16356 -16083 -16629 -17996 -17449 -16903 -14443 -5153 2771 -3513 -14170 -17449
-14170 -16629 -15263 -16083 -14990 -14443 -14717 -14717 -15536 -16083 -15263 -10618 -10345 -11438 -12531 -12257 -10618 -10891 -10618 -11164 -11984 -15263 -16083 -16629 -17176 -12257 -1874 3591 -6246 -15263 -16356 -17176
-13624 -17176 -17176 -18542 -17176 -15810 -15536 -16629 -16903 -17176 -17449 -14170 -13624 -14170 -14717 -15536 -14717 -14170 -13624 -13624 -13624 -16629 -16903 -16083 -11984 -2967 -2420 -11438 -16629 -17449 -16903 -17449
-16373 -15016 -20988 -25875 -27776 -23160 -22074 -21803 -21803 -23160 -31305 -29948 -22074 -19631 -20174 -20988 -16373 -9586 -8771 -9314 -8228 -12029 -17731 -19088 -3613 -3884 -22889 -15559 -13115 -20174 -19359 -15830
-15287 -12572 -17731 -25875 -22889 -16373 -20717 -20717 -20717 -24518 -32120 -27233 -16373 -15287 -19088 -20717 -13115 -10943 -11486 -12301 -10400 -12029 -19088 -18002 1546 -1169 -25604 -21260 -18816 -19359 -16373 -17459
-14201 -11215 -14473 -22889 -16645 -13930 -20445 -19359 -19359 -25332 -31034 -24246 -17731 -15830 -21260 -23432 -13658 -13115 -18002 -17188 -11486 -10943 -20988 -16916 3718 731 -27776 -22889 -15016 -12844 -14201 -20988
-10129 -13658 -12301 -19359 -12301 -15559 -19088 -16916 -18273 -26418 -29405 -23975 -22346 -20174 -23160 -23432 -10943 -7414 -13658 -15016 -10672 -11215 -20445 -15559 4532 3175 -21260 -13658 -6871 -8771 -16373 -23703
-8228 -9857 -3884 -16102 -12029 -17459 -17459 -15559 -17188 -28047 -29948 -28047 -25604 -24518 -20174 -16916 -14473 -13658 -14473 -14744 -13115 -11486 -20174 -12844 6433 8333 -10400 -10400 -7142 -8228 -13658 -10129
-11758 -11486 -11758 -13115 -14744 -18273 -16645 -18545 -18002 -28590 -29405 -26418 -20445 -17459 -14744 -14744 -15287 -15830 -15559 -18816 -22889 -11486 -15016 -12844 8333 12677 -7414 -9857 -8500 -3884 -3613 -7142
-15287 -16645 -25332 -18002 -14473 -13930 -14201 -20717 -20717 -29133 -26147 -17188 -11758 -10943 -10672 -16916 -24789 -19902 -8228 -22346 -27233 -8500 -10943 -12844 11048 14849 -4427 -4970 -4699 1546 -10672 -21260
-18002 -19631 -27233 -15016 -12029 -12844 -12301 -17459 -23160 -31305 -19631 -8500 -10400 -10129 -13658 -27233 -30491 -21803 -9043 -18545 -20445 -6599 -9857 -7414 5075 14577 -1441 -355 -355 731 -19902 -27504
-15559 -21260 -20717 -6328 -1712 -9857 -16916 -12572 -16102 -24789 -12029 -7957 -9857 -9586 -22889 -30219 -19902 -9043 -15830 -14744 -3884 -3341 -4156 -2798 2903 8333 -1169 460 -355 -2798 -25604 -28047
-13115 -19631 -19088 -3070 731 -626 -16373 -19088 -12572 -11758 -3884 -4156 -5242 -15287 -28590 -23975 -9043 -5513 -11486 -7685 -1984 -1441 -2798 -9043 5075 5890 -83 460 -1712 -8228 -30219 -27776
-10943 -18273 -19359 -3613 1003 1817 -6871 -20717 -23432 -11215 -5785 -4427 -83 -8771 -16916 -11486 -7685 -8500 -5785 -4156 -4427 460 -10943 -18545 7247 6704 -626 -355 -3070 -8771 -30762 -28319
-4699 -19631 -20445 -4970 188 1546 731 -13658 -20174 -9314 -10943 -4970 3446 -4156 1003 5890 1817 -1441 -3341 -1712 -2255 -2798 -9586 -8771 9419 4261 -3341 -83 -1169 -6599 -30219 -31577
-7957 -22617 -22346 -9043 -5242 731 1274 -1712 -1441 -626 -3070 3175 6161 -4156 -5513 1817 5618 2632 731 2360 3989 -1441 188 -1712 7247 5347 -7142 -5242 1274 -7142 -29133 -23160
-7685 -16102 -18002 -9857 -6871 -3884 2089 2903 5890 3989 6704 5347 4532 2903 1546 460 -83 -626 2903 5890 6976 4532 8333 2903 5618 5075 -4427 -3613 1274 -9043 -20445 -11486
-5513 -14473 -13658 -8228 -5785 -8500 2089 2089 4804 2632 731 2089 5890 6704 9419 7247 5347 5075 1817 2632 3446 3446 9962 10776 10233 460 188 -1712 -1984 -8228 -18002 -13115
-8500 -15559 -15559 -9314 -6599 -7414 -626 1546 5890 18378 3446 -12572 -355 5890 5890 9962 14849 12405 7247 5075 5075 -1169 6161 14577 14849 9419 731 -626 -3613 -16916 -26961 -11215
-10129 -12572 -13930 -9857 -4156 -1441 -1441 1003 -1441 15935 18107 -10400 -3070 8333 10505 11048 7790 9690 15663 15392 16749 12948 6161 4804 15120 18921 4532 -355 -4970 -22074 -22889 -1984
-9314 -9857 -6056 -7957 -2527 -6871 -3884 -5242 -3070 731 16749 11591 3989 7519 12677 12677 11319 10505 8604 10233 9690 10776 12405 8333 9690 5347 11319 -3070 -5242 -13930 -22617 -8500
-6599 -7685 -1441 -898 -3070 -12844 -8228 -9314 -2798 -4156 1003 21365 11319 3175 9419 7519 14577 16478 12134 14306 14577 8333 9962 10776 8333 3989 -5785 -14473 -11215 -9857 -15016 -3070
-4156 -4970 -898 -7957 -9586 -13387 -14473 -6871 -4427 460 -10400 3989 17292 9147 11048 14849 13220 12948 17564 17021 9962 7519 9962 9690 7519 6433 -13658 -13930 -16102 -17188 -3613 3446
-1712 -5242 -9857 -12844 -9857 -14744 -17731 -6056 -13658 -8228 -3070 -16102 460 15120 13220 17564 16478 12405 15935 18378 10505 9419 12405 10776 5618 3718 -5785 -9043 -13115 -8500 -3613 -2798
188 -8500 -18273 -6056 -5242 -13387 -14473 -8228 -8500 -16373 -1441 -7142 -9314 9690 19193 17021 15392 18378 11319 11319 12134 9419 7790 9690 5347 3446 -4156 -12029 -5513 2903 -4427 -6871
-3884 -11758 -15016 -5785 -3341 -8500 -15287 -11215 -2527 -4427 -10943 -83 460 8061 16478 20279 16749 16749 14034 8604 6161 9962 10505 11048 9962 6433 -1169 -7685 -1441 -2798 -7685 -7685
-6599 -9043 3989 14849 6976 -626 -10943 -13387 -6056 -355 -9586 -11215 5618 13491 12948 20279 17021 12948 12948 9147 9147 12677 10233 12948 10505 3718 1546 1546 -3613 -8228 -6871 -7957
-1712 5075 18107 22722 18650 8604 460 -4699 -5242 -8500 -5242 -3884 -355 13491 13763 19464 15935 12134 13763 10776 8333 19464 13491 10233 5890 1546 -898 -6599 -6871 -7957 -4970 -6328
-4156 -2527 3446 11862 19464 19193 9419 2903 1003 -7142 -9043 3446 5618 9147 14849 11862 4532 4261 13491 14306 11048 17021 14577 6976 4804 7790 -3613 -18273 -9314 -6599 -6328 -14201
-9314 -10400 -13930 -4970 10776 16206 17835 10233 2360 731 -5242 -6328 -1984 1817 5618 -2527 -13115 -7142 9690 15392 15663 9147 12948 11319 8333 2632 -8500 -22346 -9314 -9043 -15559 -13115
-12029 -8228 -20445 -22074 -8228 6161 11048 16749 13220 5075 188 -3070 -5785 -3070 -1712 -4970 -12029 -11758 8604 15392 11862 14306 11862 6704 7247 -4699 -22074 -16916 -7685 -15287 -12301 -10672
-9586 -8228 -19902 -28319 -26418 -4427 5618 13763 20822 15120 4532 460 -1441 -1712 -3070 1274 1003 -1984 5075 11862 9147 12948 14849 7247 -1712 -15559 -22074 -10943 -20174 -3070 11319 -5242
-8228 -9314 -18545 -19902 -27504 -20717 -1712 8333 16749 21093 16478 8061 4261 2089 -2527 -2255 -4427 -1712 3718 7519 9147 11319 8333 -83 -6599 -16373 -15559 -16645 -19088 5075 12134 -898
-8500 -13658 -25332 -14201 -21531 -25061 -19359 -2798 6704 13763 18921 18650 14034 8061 2903 5618 3718 -6599 -8500 -1712 -6599 -8228 -7957 -5513 1546 -1984 -4970 -4427 731 4804 7790 -5242
-12844 -24518 -27504 -13387 -16373 -23160 -26690 -18002 -1441 2903 6704 13763 18107 15663 10776 16478 22179 12134 -4970 -10672 -16102 -10943 -3613 3989 11862 6433 3175 3175 6704 4804 7790 731
-15139 -11558 -16240 -21198 -24779 -18169 -13211 -11833 -11007 -14588 -28360 -24504 -14312 -13211 -14588 -15690 -9905 -816 286 -540 837 -4121 -10732 -11282 3592 1663 -17618 -8803 -7426 -15414 -12935 -9905
-11833 -5774 -13486 -20923 -18444 -8528 -10732 -10732 -9630 -16791 -28911 -20648 -8253 -8528 -12660 -13761 -4396 -1642 -3295 -4672 -1642 -4121 -12660 -11007 7723 4418 -21474 -15965 -14312 -15690 -9079 -11558
-7702 -3845 -9630 -18444 -10732 -4947 -10181 -9079 -8528 -19270 -28360 -17342 -9354 -9630 -15690 -17342 -5498 -5774 -12384 -10732 -2468 -2468 -15690 -10181 9651 5520 -24228 -18719 -10732 -6875 -6875 -17618
-1917 -6324 -6324 -13761 -3845 -5774 -9630 -7426 -7977 -21474 -26707 -18444 -15965 -15414 -18995 -18719 -4672 -1642 -7151 -6875 -1366 -2468 -14863 -8803 10202 7448 -16240 -8253 -816 837 -7977 -20097
-816 -5223 1388 -8253 -2468 -7977 -9079 -7977 -8253 -23126 -26707 -23953 -20923 -18719 -13761 -10181 -4947 -2744 -4396 -6049 -5498 -3845 -13486 -5498 10753 13507 -3019 -1917 1663 2490 -5498 -4121
-4947 -5774 -6875 -6875 -7702 -9354 -8803 -12384 -9630 -24228 -26432 -22025 -12660 -8253 -4672 -4121 -5498 -6049 -6324 -12384 -18169 -3570 -6875 -5774 12130 17364 1939 1113 1663 5795 2490 -816
-7977 -7426 -20648 -12109 -9079 -6324 -8253 -16516 -13486 -25881 -23402 -9079 837 1663 1939 -6600 -17893 -14312 -2193 -18169 -23677 11 -2744 -4672 16537 19292 4969 4693 3867 10202 -6049 -17618
-10181 -10732 -20923 -4947 -5498 -7151 -7977 -14312 -18444 -28360 -13761 4418 4142 4693 -2468 -22576 -26707 -15965 -2193 -12109 -17618 562 -816 4693 14609 19843 7448 6897 5795 8825 -16516 -27258
-6875 -12384 -13486 4693 7172 -2468 -11833 -8528 -14312 -21749 -2744 5795 3592 3041 -16516 -27534 -14863 286 -7977 -10181 -3019 4418 8825 11579 12957 14885 7448 7448 6346 5244 -22576 -27809
-1917 -11558 -12384 6897 11028 8825 -10732 -14863 -11558 -9079 3867 5244 4142 -8253 -24779 -18444 286 5520 -2193 1388 7723 9100 9100 1663 12130 13783 7999 8549 6897 -540 -27809 -27258
-816 -12109 -13761 6070 11579 11855 1113 -15965 -18995 -2468 5244 1113 837 -8253 -14312 -4121 3316 2765 6346 10478 9100 11579 -1642 -9905 12681 14334 7723 9100 6070 -1917 -28635 -27534
11 -14863 -15690 4142 10478 12406 11579 -7702 -13211 4693 4142 -3019 -3845 -5774 3592 10753 8274 8549 7723 3316 286 2765 -1366 3592 18190 12957 6346 9376 6897 -1091 -28360 -30839
-4672 -18169 -17342 -540 3316 11304 13783 7999 5795 6621 1113 -1366 -2193 -8528 -5774 4418 4969 4142 2765 -1917 -816 -4396 -1091 3592 14609 14058 3316 6070 10478 -2468 -26707 -22025
-1917 -10456 -12384 -1917 1113 4693 13507 13232 8274 286 1939 -816 -1091 -1366 -2744 -3570 -4947 -4121 -1091 562 2214 -265 1663 -1642 5795 10753 4969 8549 11855 -3019 -15965 -7702
2490 -7426 -6600 -816 1939 -2468 11579 12406 4418 -4396 -5223 -3019 286 1663 5244 2490 -265 -1091 -4396 -3295 -2193 -1366 4969 5795 5244 11 6346 9927 9376 -3019 -14037 -7977
-540 -9079 -8253 -1366 1113 286 7723 11855 8274 13232 -540 -14863 -4396 286 11 4418 8825 5795 1388 -1091 -265 -5498 2214 12130 9927 4693 1388 10202 7172 -13211 -24504 -5223
-3019 -6324 -6324 837 4969 7999 7172 11028 4142 11028 11855 -14312 -6324 2765 4418 4969 1663 3592 10202 9651 11028 7723 562 837 12681 14885 -265 5520 5520 -17067 -19821 4418
-3019 -3019 2214 1663 6621 286 5795 3867 5520 -540 12406 8274 -265 1113 6346 6621 4969 4418 2490 4142 3041 5520 8274 3041 6070 1939 6346 -265 3041 -6324 -17893 -3295
-540 -1366 7172 5244 4969 -7151 11 -1366 5520 837 -540 17639 6070 -3570 3592 1939 8549 10478 6897 8549 7723 3041 7448 6070 3041 11 -7151 -9905 -5498 -1091 -7151 3041
3592 3316 7723 -3295 -265 -6049 -8253 562 3041 8274 -7426 562 12681 3592 6346 10202 7448 6897 11855 12130 4969 1388 5795 6070 2490 1939 -13211 -7977 -11007 -9905 7172 12681
6897 4693 -3019 -7977 -540 -5223 -10732 1939 -5774 -1917 4969 -13486 -1366 11028 8825 12957 11579 7172 9376 12130 6346 3867 6621 6070 1113 286 -3845 -2744 -7426 -1091 9100 10478
7999 -1091 -14037 562 1663 -6049 -6600 -540 -816 -8803 8549 562 -8253 7448 15986 12681 10753 13783 6070 5520 5520 3316 1663 4418 562 -816 -1642 -5774 1663 13232 8549 8274
3592 -5223 -11282 11 3592 -1366 -6875 -2193 7448 4969 -1642 6897 1663 7172 13783 15436 11579 12406 9927 5520 837 4418 4693 4969 3592 2765 -265 -3845 7999 11304 7448 7172
562 -3295 7448 18741 13507 9651 -540 -3295 6070 8274 -2193 -4947 6897 10478 8549 13507 10478 8825 9100 4969 3867 6621 3592 5520 3867 4693 11 3041 9100 7172 9651 7172
7172 10753 21220 26729 23699 18190 12957 6621 6070 -265 562 3592 4418 9927 7448 11304 8825 8825 9927 5244 2765 12681 6621 3592 1113 837 -4396 -2468 8549 5520 10202 9100
4418 3867 9376 18465 24801 25352 18741 14609 12681 2490 -1642 11028 13783 7723 8549 5520 286 1663 8274 7999 6070 11028 7172 286 -1091 2214 -7426 -13486 6070 7172 7723 -816
-2193 -3295 -7151 3041 18741 23148 24250 19292 14885 13783 6070 1113 5795 5520 3041 -5223 -13761 -8528 4418 8825 10478 4142 6897 5244 2214 -1642 -10456 -17342 6346 6070 -3295 -3845
-4672 -2468 -15965 -16240 -816 15160 19843 24801 21771 17088 13783 8274 5244 7448 4969 562 -4121 -7426 5244 8549 5795 10478 7172 1113 2214 -6875 -20372 -7151 6621 -4121 -1366 -1642
-1917 -3019 -16791 -23402 -22576 3316 15711 20944 24525 22322 16537 15160 13232 11304 9651 10478 9376 4418 3316 4969 3316 8274 9100 837 -5498 -15690 -17618 286 -10732 3592 20394 2214
1113 11 -12109 -12384 -23677 -15690 7172 18741 23423 26453 25076 19567 16813 15711 11579 9927 3316 562 11 2214 4142 6621 3316 -2468 -4121 -12109 -10456 -8803 -12384 13507 21495 5520
562 -5223 -19546 -4396 -15414 -20648 -12384 7723 18190 22046 25902 26178 22597 19843 15711 16262 11579 -1917 -7977 -265 -7151 -9354 -9354 -3295 7448 4142 1939 3041 9927 15986 17915 1663
-5774 -19821 -22851 -2193 -7426 -17893 -22576 -12384 10202 15986 17088 23148 26178 23974 20118 22873 25076 15711 286 -2744 -10181 -5774 2490 10202 17364 12130 12130 12130 15711 15436 17088 9100
-17449 -13624 -18542 -22914 -25100 -21275 -16083 -15536 -14990 -16356 -27833 -26193 -19362 -19089 -17722 -17449 -15263 -10071 -8978 -10071 -8432 -9798 -15810 -15536 -4606 -5699 -22641 -15263 -13350 -19908 -16629 -13077
-15263 -8978 -15536 -23187 -21548 -14443 -14990 -14717 -13624 -18269 -29199 -23734 -15810 -14170 -14990 -18269 -12531 -10891 -10891 -12531 -9798 -8978 -17176 -14717 -781 -4880 -25373 -20455 -18815 -19089 -12257 -13077
-11438 -7339 -11984 -21548 -16629 -11438 -14717 -13350 -12257 -20728 -29199 -21548 -16903 -13350 -17996 -22094 -12804 -13077 -17449 -16083 -10071 -8705 -18815 -14170 585 -4060 -26740 -20728 -13897 -10618 -10071 -17176
-5426 -10345 -9252 -18269 -11711 -11438 -13350 -10891 -11438 -22914 -27833 -21821 -20182 -16903 -21548 -22914 -10618 -7339 -12531 -12257 -8978 -10071 -18542 -12804 1405 -1874 -19635 -11164 -5153 -4880 -12531 -21821
-4606 -9525 -2147 -14717 -10618 -12531 -11438 -10345 -11164 -24554 -27833 -26466 -23461 -21001 -17176 -14990 -11438 -9525 -10618 -11711 -11711 -11164 -18815 -10071 3864 4138 -8705 -7885 -5426 -4606 -11164 -9252
-8705 -10071 -10618 -12804 -14443 -12257 -10071 -14443 -12804 -25920 -27559 -25100 -19089 -14990 -11711 -11164 -11438 -11438 -11164 -16629 -21821 -11164 -14170 -10071 6050 9056 -4880 -6246 -5973 -1054 -2694 -5973
-11438 -11984 -24280 -17176 -14170 -9525 -9525 -17449 -15810 -27013 -24554 -16356 -11164 -10618 -10071 -14170 -21821 -17176 -4880 -19635 -25100 -7066 -11438 -10891 9603 12882 -2694 -1601 -1874 4684 -8978 -19362
-13897 -14990 -25373 -11984 -10071 -11438 -10618 -15263 -19908 -28926 -18269 -8978 -10618 -10618 -14170 -26193 -29472 -20455 -6792 -13624 -19635 -5426 -11438 -8432 4684 13155 39 1678 1132 5231 -16903 -25373
-11164 -16629 -17722 -2694 1952 -7066 -15536 -11984 -17176 -24827 -11711 -8432 -9798 -9525 -21821 -29199 -20182 -8978 -14717 -14170 -9252 -4060 -6246 -5699 312 7417 1678 1952 1952 2771 -22094 -25647
-7612 -15263 -15810 1132 4684 3591 -13624 -17176 -14990 -13624 -4606 -4060 -5426 -15263 -27559 -23461 -8432 -5699 -11164 -9252 -4333 -2420 -5153 -10891 585 4957 1405 3318 3591 -3513 -27559 -24827
-6246 -14990 -16629 585 4957 5777 -2967 -17996 -22368 -10618 -4880 -4606 -3240 -10891 -17449 -11164 -6519 -8705 -6792 -4606 -4333 -1601 -11711 -17722 1405 2771 1405 6597 2498 -6246 -28379 -25647
-3513 -17176 -18269 -1054 4138 5777 5777 -11438 -18542 -8159 -8705 -9525 -5426 -7612 859 5777 1678 -3240 -5699 -5426 -5973 -7066 -10891 -7066 4957 312 1132 7417 1405 -6246 -28106 -29199
-7066 -20182 -20182 -4880 -1874 4684 6870 1405 -1874 -3240 -7339 -6792 -5153 -10891 -8978 -1601 1132 -1054 -3787 -5699 -3240 -7885 -7339 -5153 2771 1678 -3513 -234 2498 -6792 -27013 -22368
-5153 -13897 -16083 -5973 -3787 -1054 6870 6324 2498 -4606 -3513 -5973 -6519 -7066 -7612 -7612 -7885 -7066 -3787 -1601 39 -1601 -1054 -5153 -1327 859 -1874 312 3864 -7066 -17722 -10345
-2147 -12257 -11711 -4880 -2694 -7612 5504 5777 585 -7339 -8978 -7066 -4880 -4880 -1054 -2147 -4333 -5153 -7339 -5973 -4606 -1874 3591 3864 2225 -5426 585 1405 2225 -5973 -16629 -11984
-4880 -13624 -13624 -5973 -2967 -5153 1952 5231 4138 9876 -3787 -17176 -7066 -3513 -4333 -234 4684 1405 -3513 -5153 -4880 -8432 -234 10422 9329 1678 -4333 2771 1132 -15536 -27559 -11438
-7339 -10345 -11711 -6519 312 2771 1678 4411 -1054 7690 9876 -15263 -8159 585 1405 1678 -1601 -234 5231 5504 6324 3318 -2967 -1054 12335 13428 -4060 39 859 -19635 -22094 -1874
-7612 -7066 -3787 -5699 859 -4060 859 -2420 -1054 -3240 11242 6870 -1874 -781 4138 4138 2771 1405 -1327 1132 -234 1132 2771 -234 4684 859 4684 -4060 -2420 -11438 -20455 -7339
-5153 -4880 1678 312 -1327 -11711 -4060 -7612 -1601 -4060 -2147 16980 4411 -5426 2498 859 6324 7417 4138 6050 4684 -781 1678 1952 859 -1874 -9252 -12804 -11438 -8978 -12804 -1054
-1327 -508 3045 -7339 -7066 -11438 -11711 -5426 -3787 1952 -11164 312 10422 1132 5777 9329 5231 4411 9329 9603 3045 -234 1952 2225 39 -234 -15263 -9798 -14443 -15810 312 6597
1405 585 -6792 -12804 -7066 -11438 -14717 -3240 -11438 -7339 -1327 -16083 -3513 8783 7417 11515 10422 6050 7143 10422 5504 2498 3591 2771 -1327 -2420 -5699 -4333 -10071 -4333 2225 1405
3318 -4606 -17449 -5699 -4880 -11984 -10618 -4880 -6519 -14990 1132 -4606 -11164 4684 13155 10149 9876 13428 4957 3591 3045 1132 -1054 859 -2420 -3240 -5426 -9525 -1874 7690 -508 -2147
-508 -8978 -16083 -6792 -5973 -9798 -12257 -6792 1405 -1874 -8432 1132 -1874 3045 10149 11515 9329 11242 9329 3318 -1601 2498 1678 859 39 -3240 -8159 -7612 4138 1952 -4060 -2420
-4333 -7612 1678 10969 1405 -5153 -12257 -9798 312 3318 -7339 -9798 3045 6870 4957 9876 7417 7690 8783 3318 1952 4957 1132 2498 312 -7066 -8705 -781 1952 -3513 -2147 -2967
585 6050 14521 18620 12335 1405 -4880 -5973 -3240 -6519 -3240 -781 -508 6050 4684 7963 5504 7690 9876 3864 859 11515 4957 1405 -3240 -6792 -9798 -8432 -2147 -4880 -234 -1601
-1601 -1327 -234 8783 14248 12062 2498 -2420 -3240 -8705 -7885 7143 8510 3318 5504 2498 -2694 312 6597 6324 4684 9876 6597 -2147 -4606 -781 -10891 -18815 -4880 -3513 -2420 -10618
-7066 -7885 -16083 -7612 6870 10149 10149 3318 -2694 -2694 -7339 -7339 -781 -1054 -1054 -8705 -16629 -10618 1952 7143 8510 1678 4138 2225 585 -4333 -14170 -22368 -4606 -4333 -13350 -13624
-8705 -5973 -21821 -22368 -10618 859 5504 11515 7417 -1327 -4333 -7339 -8705 -6519 -6246 -5153 -8705 -11984 1952 6870 4138 7963 3864 -1874 -234 -9798 -23187 -13897 -4060 -11711 -11711 -13077
-6519 -7612 -21548 -27559 -27013 -9798 39 9329 13155 6870 -781 -4333 -4606 -6246 -7612 -234 1678 -2147 312 3318 1132 5777 5777 -2147 -9525 -19635 -20728 -6246 -19089 -4880 10696 -8432
-5973 -7612 -18815 -21001 -27559 -22641 -7339 2225 9876 16161 12062 2225 859 39 -5699 -5973 -10071 -7885 -2967 -234 3318 5231 312 -6246 -9798 -17449 -14990 -14717 -19635 -1601 5504 -4333
-8705 -11711 -24554 -15810 -21275 -24827 -21548 -8159 1132 8783 13975 13975 9876 4411 -781 1952 -1601 -13077 -13897 -4333 -9798 -12257 -11984 -7612 859 -1601 -4880 -4333 1678 585 2498 -6792
-13350 -23734 -26466 -13624 -16903 -23187 -27013 -21001 -6792 -3787 585 9876 15341 10422 6050 11515 14248 1952 -12257 -10891 -18269 -11711 -3240 3591 11515 6870 4684 4411 9056 6050 8783 859
9419 16206 22722 24894 28424 32767 32767 32767 32767 31953 28424 25980 25166 25980 24623 20007 17021 16749 15935 14849 11048 5075 -1169 3718 -5242 -6328 -6328 -12572 -8500 -6599 -9314 -8500
27066 30867 31682 28424 28967 32496 31953 29781 30324 28424 24623 21636 20550 21093 20279 16478 13491 12405 9690 460 4532 4261 -898 2632 -1984 -11758 -23975 -19902 -8228 -4970 -7685 -6871
32767 32767 31410 25709 24894 27338 26523 24080 23808 22179 18921 15935 14577 15392 14577 11319 9147 7247 6161 1003 731 3989 731 -3070 -10400 -23160 -32768 -23703 -7142 -2798 -5513 -5513
29238 27066 26252 23265 23265 21093 20279 18107 16749 15663 13220 10505 9419 10776 9419 7519 5347 4261 3989 3446 -83 -83 460 -5513 -18002 -23975 -26961 -19088 -3613 -1441 -3613 -4427
22179 18921 22179 20550 17564 14849 14577 12405 10233 9147 7519 5618 5347 6976 5890 4261 2632 2903 1546 2632 1003 -898 1817 -9586 -18273 -17459 -20988 -10672 -2255 -1441 -3070 -4427
15392 12405 12134 9962 7519 8333 9147 6976 5075 4261 3989 3446 3718 4261 3446 3446 2632 3989 2360 3446 3989 3175 -6328 -15287 -13658 -17188 -15830 -2527 1003 731 -3613 -4156
4261 2903 2903 2360 2903 2360 3989 2089 2632 3175 3718 4261 4804 5618 4532 5347 5347 5347 3446 4804 4532 -4970 -21260 -25061 -14473 -13658 -4699 460 1817 1817 -3884 -3613
-1984 -83 731 1003 2903 1546 3446 1817 2903 3989 5075 5890 6704 8876 7790 7519 5618 6433 5890 6161 731 -16102 -30491 -29405 -12301 -2255 731 -898 -626 731 -3070 -3613
-2798 188 1817 2089 3718 2632 4804 3175 3718 5347 6433 7247 6161 7790 10233 12134 8876 9962 8604 6161 -2798 -22074 -30219 -25875 -5513 3718 2903 188 -1712 -898 -2527 -3884
-1984 731 2903 2903 4261 2903 5347 4261 4261 5890 7790 10776 8604 7790 9962 11319 8061 5890 5347 3446 -7142 -18816 -21531 -19088 -4427 -355 -898 188 -2798 -2527 -2255 -4156
-83 1817 3718 3175 4532 2903 5075 3989 3718 5075 6704 7519 1546 3718 5075 7247 11048 16478 23265 24080 731 -9043 -15287 -22617 -10943 -8228 -7142 -2798 -3613 -3884 -3341 -4970
2089 3175 4532 3446 4261 2903 4532 3446 3175 4804 2903 1817 4532 15392 20550 21093 22994 21908 22179 18107 9962 17292 5618 -22617 -26690 -23160 -6056 -3070 -4427 -5242 -4699 -5785
3989 3718 4804 3718 4804 3989 3446 3175 2632 2089 5075 10505 12405 9419 3175 -2798 -5242 -8771 -13658 -18002 -3884 25709 20550 -8228 -30491 -32120 -17188 -2527 -7142 -6599 -5513 -6871
5075 3446 4804 3989 5618 5618 1274 2632 1274 5347 3989 -4156 -8500 -9043 -20717 -28862 -26147 -20445 -27233 -29133 -1441 22722 22994 8604 -23703 -32391 -28862 -15559 -15287 -11758 -7142 -8228
5347 3718 5618 4532 5075 4532 -1169 731 2089 460 -11215 -15559 -10672 -11758 -21531 -28047 -28862 -20445 -25875 -16373 13491 20550 21636 21093 -6328 -29676 -29133 -28047 -24518 -18816 -12572 -10129
4804 3718 6161 5075 3446 1817 3718 1546 -2255 -16102 -14473 -10672 -5242 -12844 -23160 -24789 -24246 -15016 -2798 15392 21093 19464 21636 18921 -4699 -17459 -23975 -29133 -27504 -12572 -6871 -11486
4532 3718 5890 5075 2089 -3070 1817 -1169 -12029 -9857 -17731 -15287 -10943 -15559 -11486 8061 18107 25437 30324 29781 24351 24351 23265 -3070 -20988 -8771 -19631 -28590 -16373 3718 4804 -11215
4804 4261 4532 3175 -2527 -15287 -18273 -15830 -12029 -13658 -26147 -26418 -24246 -27233 3989 31682 30053 29781 27609 25709 25437 26523 6433 -18273 -18545 -11215 -12844 -12844 2089 9690 11319 -9314
4804 3989 2903 2360 4261 -14744 -21803 -19902 -15830 -25061 -27776 -28047 -21260 -22889 8061 24894 20007 17564 17835 22451 25709 26523 12948 -6056 -8771 -2798 2632 6433 7247 6161 10776 -9857
4804 3989 188 15120 17292 -13387 -25061 -22346 -18545 -28319 -29676 -27776 -18545 -16102 8876 18650 15392 14577 19193 20550 18650 21908 26252 14577 6976 8333 6433 6976 6704 5618 2903 -16102
3989 2089 7790 29510 15120 -9586 -23703 -22617 -19902 -31034 -31034 -31034 -28590 -20717 9419 16478 13763 16206 16206 -2798 -15287 -9586 9690 19193 15663 12134 9419 7519 5890 2903 -13115 -23703
1274 731 10233 10233 3718 -5242 -21803 -21531 -26418 -32768 -31577 -29948 -25875 -19359 9962 14849 12677 17564 -3341 -28319 -28590 -28319 -20988 6433 16749 12405 4532 2089 731 -15830 -28319 -23432
-355 1817 -6056 -26961 -14473 -4699 -19902 -20988 -29133 -32120 -31034 -18002 -9586 -7142 10776 13763 14034 11862 -22617 -26147 -21260 -23703 -30219 -15016 6433 2903 -2255 -2255 -17731 -30219 -28319 -20988
-1169 -355 -14201 -25875 -18002 -3070 -15559 -25604 -30491 -30219 -27504 -14473 -12572 -4699 16749 16749 17835 3718 -26690 -22346 -25875 -26690 -26418 -26690 -4699 1817 -626 -9857 -28047 -28319 -22617 -18002
-4427 -6328 -14744 -16916 -17731 -3341 -13115 -26418 -29676 -25604 -20988 -14744 -15016 2903 17292 14577 14849 -2527 -25604 -19359 -19631 -22889 -26690 -30219 -14473 2089 -355 -17731 -29133 -24789 -20445 -18002
-10400 -12029 -17459 -17731 -18273 -5513 -13658 -28319 -28590 -21531 -13387 -7957 -7685 5347 10505 10233 12134 -3341 -25332 -18545 -14744 -20717 -23975 -29405 -22889 -4699 -7957 -25061 -30762 -26147 -23160 -20445
-14201 -14201 -16645 -17731 -18545 -8228 -10400 -21260 -17459 -7414 3175 10776 11862 13763 15663 15392 15392 -355 -24789 -19359 -7957 -9043 -20174 -26690 -29405 -15016 -18002 -30762 -32391 -29133 -26147 -23160
-14201 -14201 -15287 -12844 -16373 -9857 -15287 -21260 -19902 -17731 -13930 -10672 -9314 -7957 -7414 -7957 -7414 -11486 -25332 -17731 -18002 -17188 -26147 -28590 -32768 -29405 -31305 -32768 -32120 -31305 -29405 -25061
-13658 -11486 -14473 -19359 -21803 -23432 -29948 -32768 -32768 -32768 -32663 -32120 -32120 -31848 -31305 -31034 -31034 -30491 -31848 -16102 -15830 -21260 -18816 -29948 -32768 -32768 -32768 -32768 -32391 -31305 -29948 -25332
-12301 -9857 -12029 -21260 -28319 -31305 -29676 -27233 -30219 -31305 -30219 -30219 -30219 -30219 -30219 -30762 -31305 -31577 -32391 -27776 -17188 -14473 -22617 -32120 -32768 -32768 -32663 -32663 -32120 -31034 -28319 -25061
-14201 -12572 -14201 -19088 -21531 -21260 -18002 -18273 -26961 -29405 -27233 -26418 -25604 -25332 -26147 -26418 -27504 -28319 -29676 -30762 -28590 -28047 -31848 -32391 -31848 -32120 -31848 -31848 -31034 -29948 -26690 -25604
-15287 -14473 -13387 -12844 -10129 -11486 -14473 -18816 -25332 -23703 -22346 -22617 -21260 -20174 -20445 -20717 -22074 -23703 -25875 -26418 -24789 -24789 -28862 -30762 -30219 -29676 -29948 -30491 -29133 -26961 -25875 -26147
-23677 -20372 -18169 -17893 -15690 -12384 -11833 -11558 -10181 -11282 -13761 -15690 -15965 -15414 -15414 -18444 -20097 -20097 -16240 -2193 -19546 -18444 -20097 -23126 -27809 -24504 -21198 -23953 -25881 -28911 -28084 -28635
-15414 -14037 -12660 -15139 -15414 -13486 -14037 -15690 -15139 -16240 -18169 -19546 -20097 -18995 -18719 -21198 -22576 -22300 -23126 -22576 -22851 -24228 -25605 -24779 -24504 -21198 -25605 -26432 -26156 -28084 -27809 -28911
-14037 -15139 -14037 -16791 -17893 -17067 -18444 -20372 -20648 -21474 -22025 -22851 -23402 -22300 -22025 -23402 -24504 -24228 -25605 -26156 -24228 -24779 -25330 -24504 -20648 -24504 -30288 -30013 -28084 -28360 -28635 -29186
-18444 -18995 -17067 -17342 -16791 -20648 -22025 -23953 -24228 -24228 -24504 -25055 -25330 -24779 -24504 -25055 -25881 -25605 -26432 -25881 -25055 -26156 -25881 -23677 -22300 -28911 -30839 -29737 -27809 -28635 -29462 -29186
-18169 -18169 -15690 -17618 -19546 -23953 -25055 -26432 -26156 -25881 -26156 -26707 -26707 -26707 -26156 -25605 -26156 -26156 -26156 -26156 -26156 -20648 -15414 -22300 -26983 -28911 -30288 -26983 -26432 -25330 -28635 -29186
-17618 -17893 -20923 -24779 -26707 -26707 -26983 -27809 -27534 -26983 -26707 -26983 -27258 -27258 -26432 -25330 -25881 -25605 -24779 -25605 -24779 -8253 -7977 -17342 -22576 -26432 -25605 -21749 -22025 -21474 -27258 -28635
-24504 -26156 -27534 -28360 -27809 -27534 -27809 -28084 -27809 -27809 -26983 -26707 -27258 -26983 -25881 -24228 -25055 -25330 -24228 -25605 -19821 -9354 -18719 -23677 -18444 -22851 -22025 -21474 -23953 -25605 -27534 -28084
-29186 -29186 -29462 -28911 -27809 -27534 -27809 -27809 -27258 -27534 -26707 -26432 -26983 -26432 -25881 -23126 -22851 -21474 -19821 -20648 -15965 -16240 -28911 -30839 -24504 -23677 -25330 -25055 -26983 -27809 -27809 -28084
-29186 -28911 -28911 -28911 -28084 -27809 -27534 -27534 -26983 -27258 -26156 -25605 -23677 -18444 -19821 -17618 -17618 -17893 -18719 -18995 -17067 -22851 -29186 -29462 -26707 -26983 -27258 -26432 -26707 -27534 -28084 -28360
-28635 -28911 -28911 -28911 -28084 -28360 -27809 -27258 -27258 -26983 -25055 -20372 -16791 -12935 -18169 -19546 -20372 -21198 -20097 -17893 -18444 -20372 -20648 -21749 -22576 -24228 -26983 -26983 -26983 -27258 -28360 -28360
-28360 -28911 -28635 -28911 -28084 -28084 -28084 -27534 -26983 -26983 -23953 -19270 -20372 -15690 -16791 -13486 -5223 3867 11855 16813 286 -5223 -13211 -24779 -18444 -17067 -23402 -26983 -27258 -26983 -28911 -28635
-28084 -28911 -28360 -28635 -27258 -27258 -27809 -27258 -26983 -25881 -25330 -20648 -10456 7723 15160 18465 22597 22597 21771 20394 15160 23423 7999 -27809 -27258 -23677 -14588 -22851 -28084 -27809 -29186 -29186
-28360 -28360 -27809 -28084 -27258 -27258 -26983 -26707 -26983 -25055 -15690 -3019 5795 8825 4693 -1642 -6324 -9630 -14312 -17067 -1642 30034 24801 -12384 -29737 -31114 -20097 -14588 -26707 -28084 -29186 -29462
-28360 -27809 -26983 -27809 -27534 -27534 -26983 -26707 -26707 -14037 -5498 -8803 -11833 -10181 -19546 -28911 -29186 -24504 -29737 -29462 286 27004 27831 8825 -23953 -31941 -27809 -17618 -24779 -28635 -28911 -29462
-27258 -27534 -26432 -27809 -27258 -26983 -28635 -28084 -18719 -10456 -17893 -22576 -17067 -12384 -20097 -27258 -30839 -22025 -25605 -13761 18741 25627 23699 22597 -5498 -30013 -29462 -27534 -26432 -27809 -28360 -28911
-26707 -27809 -26707 -27534 -26983 -23677 -17342 -19546 -12935 -19546 -18444 -17618 -11833 -12660 -21198 -23402 -24228 -13761 286 20118 27555 25627 25902 23974 -1366 -18169 -28084 -30013 -25330 -14312 -16791 -29186
-26983 -28360 -26983 -27534 -24779 -19270 -7426 -8528 -13761 -8253 -16791 -15690 -11558 -14312 -9079 10753 20118 27555 32767 32767 28657 28932 27280 -540 -23677 -17618 -29186 -31390 -14037 4693 -1642 -28635
-26983 -28084 -27258 -26707 -22851 -21749 -19270 -14863 -9630 -11282 -23677 -22576 -20372 -25055 6897 32767 32767 32767 30309 28381 28106 28381 4418 -25330 -30839 -26983 -22851 -15414 2765 10753 7723 -24504
-27809 -28635 -27809 -23402 -8253 -14588 -21198 -18995 -13211 -23402 -27258 -26432 -18444 -20372 11028 28657 25076 22597 22046 26178 29208 28932 11028 -13486 -18169 -9079 1388 7172 7723 7448 10202 -19821
-28635 -29737 -23402 286 14334 -9079 -23953 -22300 -16516 -27534 -30839 -28084 -16240 -12109 12957 23423 20944 20394 24250 25076 22873 25902 28657 14885 7999 12406 12130 10753 8549 7723 3592 -22300
-28911 -31114 -6049 26729 18465 -3295 -20923 -21198 -18169 -31114 -31390 -30013 -25330 -15690 14885 22322 19567 21771 20669 286 -12109 -5774 13507 24250 21220 16813 14885 12681 9100 4693 -13486 -29186
-30013 -28360 2490 11579 7448 1388 -18719 -19546 -25605 -32768 -31114 -27809 -21474 -14037 15711 20669 18465 22597 11 -26983 -26707 -25605 -18444 11028 21771 16813 9651 6621 3592 -15139 -30288 -29186
-31114 -24228 -11007 -24779 -11007 1939 -16791 -19270 -28635 -31941 -29462 -14037 -4121 -1642 16537 19567 19843 16537 -20923 -25605 -20372 -22025 -28360 -12109 10478 6897 2490 1663 -16240 -31114 -31390 -27258
-31114 -24779 -18719 -24228 -14588 3592 -12384 -23953 -29737 -29186 -24504 -9630 -7151 837 22597 22597 23423 7999 -25055 -22025 -25055 -25330 -25055 -25330 -1642 6070 4142 -6600 -27534 -30563 -26983 -24779
-31114 -28084 -18995 -15965 -14312 3592 -9905 -24779 -28084 -23126 -16516 -9905 -10181 8549 23148 20394 20669 1663 -23677 -18444 -18719 -21749 -26156 -29737 -12660 6621 4418 -15414 -30013 -28360 -26156 -25330
-31941 -30013 -20923 -16791 -14863 1388 -10181 -26156 -25605 -17342 -7977 -3295 -3295 10753 16262 15711 17915 1113 -22576 -17342 -13211 -19270 -24228 -29737 -21749 -265 -3295 -23402 -31941 -30288 -29462 -27809
-30839 -29186 -23126 -17618 -14588 -1642 -5223 -17067 -11558 -540 9927 16537 17088 19843 21495 20944 20669 3592 -22300 -17342 -5774 -6875 -19546 -26156 -28084 -12109 -14863 -29462 -32768 -31941 -30563 -27809
-28635 -28360 -25881 -15414 -13761 -5498 -10456 -17342 -14863 -11833 -8803 -6324 -5223 -2744 -2744 -3845 -3845 -9354 -23677 -15965 -16240 -15690 -25330 -27534 -31665 -28360 -30013 -32492 -32216 -32216 -30839 -27258
-27534 -26156 -25881 -23677 -21749 -21749 -27809 -31941 -31114 -31114 -30563 -30563 -30288 -29462 -29186 -29462 -29737 -29737 -31390 -15414 -15139 -20648 -18444 -29462 -32767 -32768 -32768 -32767 -32216 -31390 -30013 -26983
-24779 -23677 -23126 -25055 -27534 -28911 -26983 -25055 -27534 -28084 -27534 -27534 -27534 -28084 -28635 -29737 -30839 -31114 -31941 -27258 -16791 -14312 -22576 -31665 -32767 -32492 -32492 -32216 -31390 -30013 -27258 -25881
-24228 -23677 -22576 -20097 -17342 -15414 -11558 -12660 -21749 -23953 -21474 -20648 -20372 -21749 -23126 -24228 -25881 -26432 -28084 -29462 -27534 -26983 -31114 -31390 -30839 -31390 -31114 -30839 -30013 -28360 -25330 -25605
-22300 -22300 -17618 -9905 -3845 -3295 -5774 -11282 -18719 -16791 -14863 -14312 -13486 -14037 -14588 -15414 -17618 -19821 -22025 -22576 -20923 -21749 -27258 -28911 -28360 -27809 -28084 -28635 -27809 -26156 -25055 -25605
-27559 -28106 -27286 -28379 -28652 -28379 -29745 -30565 -30292 -30292 -30838 -30565 -30019 -29472 -29745 -31112 -30838 -31112 -21548 -7612 -25100 -24827 -23187 -28926 -27559 -23734 -20455 -23187 -25920 -28926 -29472 -29745
-27559 -27833 -28379 -30019 -29199 -28926 -30292 -31112 -30019 -30565 -30838 -30838 -30565 -30019 -30019 -30838 -30838 -30838 -26740 -25920 -29199 -29472 -29472 -29199 -22094 -18542 -24827 -25100 -25920 -28926 -30019 -29472
-29199 -30019 -30292 -31112 -30019 -30019 -30838 -31112 -30019 -30019 -30019 -30019 -30019 -29472 -29745 -30292 -30019 -30292 -27833 -28652 -30019 -29199 -29472 -28379 -20182 -21548 -27559 -27833 -27013 -29472 -30292 -29472
-30838 -30292 -28926 -28106 -26193 -30019 -30292 -30292 -29745 -29472 -28926 -29199 -28926 -28652 -29472 -29472 -29199 -29745 -28379 -28652 -30019 -28379 -26740 -24827 -22914 -25100 -26466 -27286 -27013 -29472 -29745 -28926
-27833 -25920 -23187 -24007 -24827 -29472 -29199 -28926 -29199 -28926 -28652 -28926 -28652 -28379 -29199 -28926 -28652 -29199 -28926 -29199 -28926 -21001 -13624 -20455 -26740 -26740 -27286 -25373 -27286 -27013 -27559 -28652
-24554 -22914 -25100 -27833 -28652 -29472 -28652 -28926 -29745 -29745 -28652 -28379 -28106 -28379 -29199 -28652 -28379 -28106 -28106 -29199 -25647 -7885 -5699 -14990 -21821 -27286 -25920 -22368 -24827 -23734 -26740 -28652
-27833 -28106 -28379 -29199 -28926 -28926 -28379 -29199 -29472 -29745 -28379 -27286 -27559 -27833 -28379 -27833 -28652 -27286 -27286 -29199 -21001 -7612 -14717 -20182 -16629 -23461 -23461 -23461 -25647 -26740 -29472 -29199
-30292 -29472 -29472 -29199 -28106 -28379 -27833 -28652 -28652 -28926 -27833 -27286 -27286 -26193 -26740 -25920 -26740 -25373 -24007 -25100 -17722 -14170 -25647 -28379 -22914 -24007 -26740 -27559 -28652 -28926 -30019 -29199
-29199 -28379 -28652 -28926 -28106 -28379 -27286 -28106 -27559 -27833 -27286 -27013 -25920 -21275 -21821 -20182 -21275 -22368 -21821 -21821 -17176 -19362 -27013 -28652 -25647 -27833 -28652 -28379 -28926 -28926 -28926 -28926
-27833 -27833 -28106 -28926 -27833 -28379 -27286 -27559 -27286 -27286 -25647 -21821 -20455 -17722 -20182 -20728 -22368 -23734 -20455 -17449 -16356 -14990 -16903 -20728 -21548 -25373 -28106 -27833 -29472 -28652 -28106 -28379
-27833 -28106 -28106 -28652 -27833 -28379 -27559 -27559 -27559 -26740 -23734 -20182 -22368 -17449 -17449 -13897 -7066 1405 12882 18073 1952 -234 -8159 -21821 -17449 -17722 -23187 -26466 -28652 -28379 -27833 -28379
-28652 -28379 -27286 -28106 -27286 -27833 -27559 -27833 -27833 -26193 -24554 -20455 -10071 9056 16707 19713 23538 23538 26271 24085 17254 27091 12062 -23461 -25920 -21821 -11984 -21001 -28379 -28652 -28106 -28652
-28926 -28379 -27013 -27559 -26740 -27286 -27559 -27286 -27833 -24554 -14170 -1601 7690 13155 9056 3045 -1054 -5426 -8159 -10891 3318 32767 27637 -8159 -27833 -28652 -16903 -11164 -24280 -27559 -28652 -28926
-28106 -28106 -27013 -27286 -26466 -26740 -27833 -27286 -25647 -12531 -2967 -5699 -7612 -5153 -14443 -24280 -25100 -21548 -26466 -24827 6324 32767 32767 14521 -19635 -29199 -24827 -13077 -20182 -26466 -28652 -29199
-27013 -27559 -26193 -27286 -26740 -26193 -28106 -26193 -16356 -8432 -14990 -18542 -12531 -8432 -16083 -23734 -27833 -20455 -23461 -10345 23538 32283 32009 30097 312 -25100 -25920 -24007 -22641 -25100 -27559 -28926
-26740 -27559 -25920 -27286 -27286 -22914 -15536 -16083 -9525 -16629 -15536 -14717 -8705 -9798 -17449 -19908 -21548 -11711 2771 23538 32009 31736 32767 29277 3318 -12531 -24007 -27286 -22368 -11164 -13897 -28652
-26466 -27286 -25920 -26466 -24554 -18269 -5699 -5973 -9525 -4333 -14717 -14443 -10345 -11711 -5426 14248 22992 30643 32767 32767 32767 32767 32009 2771 -19635 -10891 -23461 -27833 -10345 9603 3318 -26466
-26193 -26740 -26193 -25373 -21275 -19635 -15810 -11438 -4880 -7066 -21275 -21275 -18815 -21821 10969 32767 32767 32767 32767 32767 32767 32767 9876 -20455 -25373 -18542 -14990 -10071 7690 16434 13428 -20728
-26466 -26740 -26740 -21821 -5973 -11164 -14717 -13077 -8159 -19089 -23461 -22094 -14170 -16083 16434 32767 30370 28184 28184 32009 32767 32767 17254 -7612 -12257 -2147 8783 13701 13701 12882 15068 -16083
-27559 -28379 -22368 3045 18073 -4333 -16629 -15810 -11438 -23461 -27286 -23734 -11164 -6792 19440 30097 27091 27091 31190 30916 27637 30370 32767 21352 13975 18073 18347 16980 14248 12335 7417 -19635
-27833 -29199 -3513 31463 23812 2498 -14170 -15536 -13350 -27013 -28652 -27013 -20728 -9525 21079 28457 25724 28730 27911 6597 -7066 -1327 19166 31190 28457 23812 21079 18347 14248 9056 -10071 -27286
-27559 -24554 6870 17800 13155 7417 -12257 -14443 -21548 -30019 -28106 -23734 -16356 -7612 21899 26818 24631 28730 6050 -21275 -22368 -21821 -13624 17254 29277 24631 16161 12335 8236 -11164 -27013 -27559
-28652 -20455 -6246 -17722 -4880 7963 -10345 -14170 -25373 -29199 -25373 -8978 1952 4684 22719 25724 25998 21626 -15810 -20728 -16083 -18542 -24280 -6792 17527 15068 9603 7417 -11438 -27286 -28926 -25647
-29745 -21821 -14990 -17996 -8432 9603 -5973 -18815 -27013 -25920 -19635 -3787 -781 7143 28730 28730 29550 12608 -20728 -17176 -21001 -21548 -21275 -20455 4411 13701 11242 -1054 -23187 -27833 -25100 -22914
-29199 -24827 -15263 -10071 -8159 9329 -3513 -19635 -25100 -19362 -10891 -3513 -3787 14794 29277 26544 26818 6324 -19362 -13624 -13897 -16903 -21548 -25373 -7612 13155 10969 -9798 -25920 -26193 -24554 -23461
-28652 -25373 -16083 -10345 -8705 7143 -3513 -21001 -22094 -12804 -1601 3591 3318 16980 22172 21899 23812 5777 -17996 -11984 -7612 -13350 -18542 -25373 -17449 4684 2498 -17722 -28106 -28379 -28106 -25647
-28106 -24827 -17722 -11164 -7339 4957 1678 -10618 -5699 5504 17254 23538 23538 25451 26818 27091 27364 9329 -16629 -11438 -234 -1054 -13624 -21821 -24554 -7885 -10345 -25100 -29199 -28652 -27559 -25100
-27013 -25100 -21001 -9798 -7339 312 -4880 -11438 -8705 -5699 -2420 39 1405 3045 3318 2498 2771 -3240 -17996 -10345 -10618 -9798 -19908 -23734 -28652 -24554 -26740 -29472 -28926 -28379 -27013 -24280
-25373 -22641 -21548 -19362 -17449 -17996 -24280 -27833 -27286 -27286 -26466 -26466 -25647 -24554 -24007 -24280 -24554 -25647 -27559 -10891 -9798 -14990 -13350 -26193 -30292 -29745 -30019 -30292 -29745 -28652 -27559 -24007
-22094 -20182 -19089 -21001 -22914 -24827 -22914 -21001 -23461 -24280 -23461 -23461 -23734 -24554 -24827 -25920 -27013 -28652 -29472 -23461 -11711 -8432 -18269 -28926 -30565 -29745 -29745 -30019 -29472 -28106 -25373 -23461
-21001 -19908 -17996 -14990 -11164 -9525 -5973 -6792 -15810 -18269 -15810 -14990 -15536 -17996 -19362 -20182 -21548 -23734 -25373 -25373 -22094 -21001 -26740 -28926 -28926 -28652 -28379 -28379 -27559 -26193 -23187 -23461
-19089 -17722 -11984 -3513 3864 3864 1132 -4060 -11711 -9798 -8159 -7885 -7339 -8432 -8978 -9525 -11711 -14717 -17722 -17722 -15263 -15810 -22368 -25920 -25920 -24554 -24554 -25373 -24280 -22641 -21821 -23461
-9314 -11758 -10400 -9857 -8228 -7414 -7685 -8500 -9043 -7414 -12029 -26418 -29948 -29133 -28862 -28862 -29676 -29948 -30491 -31305 -31305 -30491 -29948 -26961 -26147 -26961 -23432 -27233 -29133 -28047 -28047 -29133
-8500 -12572 -9586 -355 5075 2089 -3884 -6599 -7414 -8500 -20988 -30219 -30762 -31034 -30219 -29676 -27504 -25332 -26961 -26690 -28047 -28047 -19902 -15830 -18816 -18545 -15830 -17731 -22617 -24246 -17459 -21260
-8500 -10672 -1441 8333 8061 5890 2632 -626 -3070 -10129 -22889 -23432 -22617 -23160 -20717 -20174 -18273 -18816 -21260 -25875 -23703 -26147 -19631 -19088 -22889 -14744 -19631 -16916 -16916 -19359 -11758 -18002
-9857 -4699 2903 2089 1274 188 -355 188 -355 -10943 -21260 -19359 -17459 -8500 -11215 -11215 -17459 -15287 -13930 -21803 -20988 -25332 -23975 -19359 -18816 -14201 -18273 -22074 -16102 -12301 -14473 -25332
-14473 -8500 -5513 -5242 2360 -626 -4427 -2255 -3341 -10129 -17459 -16645 -13658 -7142 -14473 -11758 -15287 -20717 -20988 -13658 -16645 -21260 -17188 -15559 -19359 -21260 -18816 -23160 -25332 -21531 -24246 -27233
-22346 -19359 -17188 -11486 460 -626 -5513 -4156 -6328 -7685 -12572 -16102 -10400 -13658 -10672 -12301 -15830 -14744 -13115 -10129 -16102 -20445 -17188 -17188 -18273 -25604 -23160 -23703 -25604 -27776 -26147 -26690
-21260 -21531 -21260 -15830 -3884 -2527 -6599 -5513 -5513 -4970 -9857 -18816 -18816 -15830 -13115 -15559 -13930 -13658 -12844 -13387 -20717 -19902 -19902 -20174 -14473 -18002 -16916 -18816 -23975 -26418 -21803 -24789
-15287 -14744 -15559 -16102 -7414 -4427 -6328 -4156 -3613 -3884 -7685 -17188 -20988 -19902 -17731 -11758 -13658 -18545 -21531 -12029 -17731 -22889 -19088 -22889 -23432 -17459 -19088 -20717 -23160 -26147 -20717 -21803
-12572 -3613 2360 -5785 -3070 -1984 -4427 -3884 -4699 -6056 -8228 -16102 -18816 -18002 -11758 -13658 -13658 -15559 -14201 -14201 -16645 -22617 -19902 -22074 -20445 -19631 -22617 -21803 -19902 -22617 -22074 -23703
-1441 1003 8876 2903 460 -2527 -4427 -3070 -5242 -6871 -3070 -8771 -16373 -16916 -14473 -14744 -7142 -8228 -4970 -6871 -16645 -21531 -23160 -21803 -20174 -19359 -22346 -23160 -20717 -19631 -19631 -24246
9690 188 2632 4804 5075 188 -6328 -4156 -5513 -1984 12134 8333 -2798 -3070 -626 188 7247 5075 -3070 -3341 -2798 -1441 -4427 -10943 -12029 -15830 -20174 -19359 -19359 -17731 -11758 -13387
10505 1274 -7142 1003 9147 7247 -626 -3613 -1984 6976 17292 12948 6433 7790 14306 14034 13491 12134 3989 4261 12677 14577 14306 12677 9147 460 -6871 -7685 -9857 -18002 -16916 -10400
9690 5890 -83 5075 5618 4261 9690 8333 11862 16478 15392 9962 5890 9690 12948 13220 14306 14306 12677 13220 15663 12948 11862 15935 14306 12677 5347 -2798 -7142 -11486 -16102 -19631
10233 9147 10233 11048 -7685 -12029 8061 14849 18921 17021 7790 1546 3175 10505 5890 6704 15663 16478 16206 16478 17292 15392 11862 15392 15392 14306 14577 5347 -898 3718 -83 -22074
11591 12677 12677 5618 -18002 -20174 3446 14034 18107 11862 188 -355 3718 7519 2089 3718 15935 18378 18378 18921 19736 19736 17564 17021 17835 18650 20007 14577 5618 11319 15120 -7142
14034 14306 11591 -1984 -18545 -22346 -3070 12948 18107 10233 1546 6433 6433 4532 2089 8333 18921 19464 19736 20279 21093 21636 18921 18107 20550 21365 21093 17292 3989 3175 12134 1003
15392 14034 7519 -7957 -15016 -18273 -7414 10505 18107 14849 11862 12677 7790 3989 3175 13763 20550 19464 20279 20279 21093 21365 17835 17835 20822 21365 21365 17292 5347 -2798 1003 -3341
15392 10776 -1169 -11486 -14201 -17188 -13387 7247 18378 20550 19736 15120 9419 5890 3989 13763 18921 18650 19193 18378 19464 18378 17835 19464 20822 20550 19736 15663 5347 -2255 1546 -626
15392 3446 -9857 -13658 -14744 -17459 -22074 -3341 15663 21636 21908 18378 15663 10233 4261 11319 15663 15663 16206 17292 17564 16206 18650 20007 20279 19193 15663 11048 5075 3175 6704 3446
9690 -6056 -13658 -15287 -15559 -15287 -21531 -19631 3446 19464 21636 18650 16749 14306 10505 11591 11862 11319 15392 17021 14306 15392 19464 20007 19464 15935 7790 6433 9962 9962 10233 6161
731 -11486 -14744 -15559 -15559 -15016 -15559 -22074 -13115 12948 19464 18921 14034 10505 10505 8876 7519 7519 9690 9962 7247 12405 19464 20007 20279 12677 731 6704 14034 14034 13220 9147
-7685 -13658 -14744 -14201 -14201 -14201 -13930 -15559 -21531 2632 17835 19464 12134 1817 -4427 -4970 -3341 -6871 -8228 -7957 -12029 460 17021 19193 21365 13491 -2527 2632 14306 15392 15663 13491
-12572 -15016 -15287 -13930 -13387 -13658 -13387 -13930 -21531 -5513 17564 19736 11591 -1712 -16102 -19088 -16916 -17459 -19631 -17731 -18816 -16373 7247 18378 20822 20007 6161 -1169 9690 15663 14034 12948
-14473 -15287 -15287 -14744 -13930 -14473 -13115 -13115 -19359 -9314 17292 18650 10505 3989 -10943 -17188 -16916 -13658 -13658 -14744 -13930 -19902 -10672 7247 14034 10505 2632 -6056 -3884 8061 8333 9962
-15016 -14473 -14201 -13930 -12301 -10400 -7685 -5785 -10672 -6056 17564 16749 9690 9962 -5242 -12572 -12572 -9857 -9857 -11758 -11758 -14201 -18816 -16102 -14744 -21260 -22889 -22074 -21803 -12301 -83 9147
-15016 -13930 -11215 -8228 -5242 -2798 -2255 -83 -3070 -1169 19464 16206 9419 7247 -2798 -5785 -7414 -7142 -7957 -7957 -8771 -10943 -12301 -20717 -27504 -27776 -26961 -26961 -26961 -25604 -18002 -3884
-13658 -11215 -6599 -3884 -4427 -4427 -3884 -3070 -5242 -1984 17564 16749 6976 188 -4156 -3884 -7142 -7414 -6056 -5785 -6328 -9586 -17188 -25061 -28319 -28319 -28319 -28590 -28047 -27233 -26418 -22346
-9314 -5785 -4699 -5785 -6871 -6871 -6871 -6056 -8228 -6599 14577 17292 2089 -9314 -7142 -2798 -4156 -3341 -626 -2527 -4699 -13387 -24789 -27776 -28319 -28590 -28590 -28047 -28590 -28047 -27504 -27504
-5513 -6056 -6328 -7957 -8228 -8500 -8228 -7685 -7957 -2255 13763 13491 -5242 -15559 -6328 -2527 -3070 -83 2632 188 -7685 -23432 -28862 -28862 -29133 -29133 -28590 -27776 -27776 -28047 -29405 -28047
-5242 -6056 -6056 -5785 -4427 -4699 -6328 -5513 -1712 6976 14577 5890 -5513 -4427 -83 1003 1274 1003 -355 -898 -13658 -28590 -29405 -28862 -29133 -28862 -28590 -29133 -28319 -28590 -30219 -28319
-3070 -3070 -1441 -83 1817 -83 -3613 -2798 3718 10505 10233 1003 1003 5075 4532 3718 2360 -83 -83 -3613 -20445 -28590 -28590 -28047 -28319 -28047 -27504 -28319 -28319 -24246 -23975 -28047
2903 1546 2089 2360 1274 1003 188 -1984 188 5347 4532 4261 6704 5890 4804 5075 3989 4261 3175 -13930 -25875 -27776 -27776 -26961 -27504 -27233 -27233 -27776 -27504 -12301 -12844 -26418
-16240 -17893 -13761 -9905 -8528 -9079 -9905 -9079 -8253 -7977 -12935 -26707 -29737 -28635 -28635 -28635 -29462 -29737 -29737 -29462 -30013 -30288 -30013 -27258 -26983 -28084 -24504 -28360 -30288 -30288 -29737 -30288
-15965 -18444 -12384 -816 4142 -540 -7151 -7977 -7426 -9630 -22576 -31390 -31114 -30839 -30288 -30013 -27534 -25605 -26707 -26156 -27809 -28635 -20648 -17067 -21474 -21474 -18719 -20372 -25881 -28635 -21198 -23953
-15690 -15965 -4947 5244 4142 562 -3019 -4947 -5498 -12384 -25055 -25055 -23402 -23677 -20648 -20097 -18169 -18719 -21474 -26156 -24779 -28084 -21749 -21474 -26707 -18995 -23953 -20923 -21474 -24779 -16240 -21198
-14863 -9079 -3019 -6049 -7702 -9630 -10456 -8528 -6324 -14037 -23402 -20648 -18444 -9079 -11558 -11558 -17893 -15690 -14312 -23126 -23126 -28360 -27534 -22851 -23126 -18444 -22576 -26432 -21198 -18444 -18995 -27809
-17342 -12384 -13211 -16791 -10181 -13761 -17618 -14588 -12660 -14588 -19821 -18169 -14863 -7977 -15690 -12935 -16516 -22025 -22300 -15139 -18995 -24779 -21198 -19546 -23677 -25330 -23126 -27258 -29737 -26983 -28360 -28635
-23677 -23126 -24228 -21474 -11558 -13761 -19270 -18169 -19270 -15965 -17618 -18444 -11558 -14863 -11833 -13486 -17342 -15965 -14037 -11282 -17893 -22851 -19270 -19546 -22300 -29737 -26707 -26707 -28360 -31114 -29737 -29462
-22300 -25881 -28635 -25605 -15690 -14863 -19821 -19546 -19821 -17067 -17893 -22851 -20372 -16516 -14312 -16791 -15139 -14863 -14037 -14588 -22300 -21749 -21474 -22025 -18444 -22025 -20097 -21749 -26156 -28360 -24779 -27809
-17342 -20097 -24228 -26983 -18995 -16240 -18995 -17342 -17618 -18719 -19270 -22851 -22300 -20097 -18719 -12935 -14863 -19821 -22851 -13211 -19546 -24779 -20648 -24779 -27534 -21474 -22300 -23402 -25330 -28084 -23953 -25055
-17342 -9905 -6324 -15965 -13761 -13211 -16240 -16240 -18169 -20648 -19546 -21749 -20097 -18169 -12660 -14863 -14863 -16791 -15414 -15414 -18169 -24504 -21474 -23953 -24504 -23677 -25881 -24504 -22576 -25881 -26432 -28084
-9905 -6875 1388 -4947 -9079 -12935 -15690 -14863 -17618 -18995 -11558 -12660 -17893 -17893 -15690 -15965 -8253 -9354 -6049 -7977 -18169 -23402 -24504 -23677 -24504 -23402 -25881 -25881 -23126 -23126 -24779 -29186
-816 -8253 -4121 -1642 -4121 -10181 -16791 -15139 -17067 -10181 7172 6346 -3570 -4396 -1642 -816 6346 3867 -4396 -4396 -4121 -3019 -5774 -12660 -15965 -19546 -23402 -22851 -22851 -21749 -16516 -18169
837 -5498 -14037 -7977 -2468 -3295 -8803 -11833 -11007 2214 15160 12130 6070 6346 11579 12681 12957 10753 1388 3041 11579 13232 13232 11304 7172 -1366 -9905 -14037 -17618 -24228 -22576 -14863
562 -1917 -9354 -6324 -4947 -3295 4142 2765 6070 12957 13232 7723 4142 7448 8825 10753 13783 12957 10202 11855 14609 11855 10753 14609 12681 11304 2765 -9354 -15414 -17342 -20372 -22851
286 -1091 -1366 -816 -13761 -15690 5244 12130 15986 14058 3592 -3570 -1366 6346 562 3316 14609 15160 14058 15160 16537 14334 11028 14058 13507 12957 12681 11 -7977 -540 -2744 -23402
837 1388 1388 -3570 -19821 -20648 1939 12681 17364 9651 -5223 -8253 -3570 1113 -4672 -816 14334 17088 16537 17639 18741 18741 16537 15436 15711 17364 18741 10478 -265 6621 12681 -7151
1663 2765 2765 -6600 -16516 -21198 -4672 11579 18190 8274 -5498 -4121 -3845 -3570 -6324 2765 16813 18465 18190 19016 20118 20669 17915 16262 17915 20118 20394 14334 -1642 -3295 8549 1113
3316 3592 1663 -7977 -10456 -15690 -8803 8825 17639 13232 5795 2214 -3295 -5498 -6049 7999 18741 18190 18465 19016 20394 20394 17088 16537 18465 20394 20944 15711 1113 -10181 -4672 -5498
5244 2765 -3845 -8253 -8253 -12660 -12109 5520 15986 19843 17639 9376 1388 -3570 -5498 8549 17915 16813 15711 17088 18741 17639 17088 18465 19843 19843 19016 14885 2765 -9079 -7151 -7702
5795 -2468 -9354 -7702 -7977 -12660 -20097 -4121 13232 20394 20669 15436 11579 4693 -3295 6897 14609 13507 12681 15986 16813 15436 17915 19567 19843 17915 12957 6621 -816 -5498 -4121 -6324
1388 -8803 -10181 -7702 -8803 -10456 -18995 -18995 2765 17639 19843 17364 15986 12957 5795 8549 10753 9651 12406 15986 13507 14609 18465 19843 19567 14058 1939 -2744 -816 -1091 -1917 -4947
-4121 -11007 -9354 -8253 -9354 -9905 -11833 -19821 -12384 11579 17915 18190 14058 10478 8549 7172 6346 6070 7999 9100 6346 11855 18741 19567 19843 9927 -6049 -3570 1939 1939 1113 -2468
-8528 -9905 -9079 -8803 -9079 -9079 -9354 -11833 -19270 1939 16262 18190 10478 286 -4672 -5498 -4672 -8253 -9354 -9354 -13486 -540 16262 18465 19567 9927 -9354 -6875 3041 3867 4969 3592
-9905 -9630 -9354 -8803 -8528 -8803 -8803 -9354 -18169 -5774 16262 17915 8825 -4121 -14588 -17342 -15965 -16516 -18169 -16516 -18169 -16791 6070 16813 18741 17088 1388 -7151 2214 6346 4969 3592
-9079 -9630 -9079 -8803 -9354 -10456 -9354 -9354 -16240 -9630 15986 17364 8825 2765 -8253 -13486 -13486 -9905 -9630 -9905 -10732 -19270 -12935 4418 12957 9376 1113 -7702 -6600 2490 837 286
-8528 -9079 -9905 -10732 -10181 -8803 -6324 -4121 -9630 -7426 15986 15160 7999 8549 -5774 -12935 -12935 -9630 -9905 -12384 -12660 -15965 -22300 -19270 -14863 -21198 -22851 -22025 -22300 -14863 -4947 1113
-8803 -9905 -9630 -7702 -6049 -4121 -3570 -1366 -4672 -3295 17088 14058 7172 4693 -6600 -10181 -11558 -11558 -12660 -14037 -14037 -14588 -15139 -22025 -25055 -24779 -23953 -23953 -24504 -25055 -20097 -8528
-9630 -9079 -6324 -4947 -6875 -7151 -6875 -5774 -8253 -4672 14885 14058 4418 -2744 -8528 -9079 -12384 -12660 -11833 -12935 -11833 -12109 -17893 -23402 -23402 -23126 -23126 -23402 -23402 -24504 -25605 -23677
-8803 -5223 -4947 -6600 -8528 -9079 -9079 -8253 -10456 -9905 11304 14058 -1366 -12660 -9905 -5774 -7151 -6600 -4121 -5774 -6049 -12384 -22300 -23953 -23126 -23126 -23402 -22851 -23677 -25055 -25330 -25605
-6875 -6875 -6600 -8253 -9630 -10181 -9905 -9630 -10732 -5774 10753 11028 -7977 -17618 -7702 -3845 -4672 -1642 837 -816 -6875 -20648 -24779 -24228 -24779 -24504 -24228 -23126 -23677 -24504 -24779 -24779
-7151 -7426 -6600 -6324 -6875 -6875 -7977 -8253 -5774 2765 11304 3592 -7151 -5498 -3019 -2193 -1642 -1642 -2744 -3019 -13211 -25881 -25055 -24504 -25055 -24504 -24228 -24504 -24779 -24504 -23677 -25055
-5498 -5223 -3570 -2468 -1642 -2744 -4947 -5223 -540 4693 4418 -4121 -3570 562 -1642 -2468 -2744 -4396 -3845 -5498 -19546 -25605 -24228 -23953 -23953 -23677 -23402 -23953 -24504 -20923 -20097 -25605
-540 -2193 -2468 -2744 -4121 -2744 -1642 -3845 -3845 -2193 -4121 -4121 -1642 -2744 -4121 -3295 -3019 -1366 -1091 -14863 -23953 -23677 -23677 -23402 -23126 -22851 -22851 -23402 -23126 -10732 -14037 -25330
-22914 -22914 -14990 -8432 -9252 -11711 -12531 -10618 -8159 -7885 -13077 -25920 -28379 -26740 -25647 -25647 -26466 -26740 -27559 -28926 -28379 -27833 -28926 -27833 -27013 -27833 -24280 -28106 -29472 -27559 -27559 -28379
-21821 -22914 -14990 -2147 1132 -4880 -11711 -11711 -8978 -9525 -21548 -29472 -29199 -28652 -27286 -26740 -24554 -22368 -24007 -24554 -25647 -27013 -22368 -21275 -24554 -24554 -21821 -24007 -28379 -29199 -22368 -24007
-20455 -20182 -8705 1405 -781 -5699 -9525 -10345 -8978 -13350 -25100 -24280 -22368 -22641 -22368 -22094 -19908 -20728 -22641 -25373 -23461 -27286 -23734 -25373 -29199 -23187 -27833 -25647 -25373 -27286 -19635 -22368
-19635 -12804 -7066 -11438 -13897 -16903 -17996 -14717 -10891 -17176 -25920 -22914 -19908 -10618 -14990 -15536 -21548 -19362 -17996 -24554 -23461 -28106 -28106 -25647 -25647 -21548 -25373 -28652 -24554 -21821 -22094 -28926
-22094 -15810 -17176 -22094 -16629 -21275 -25647 -21275 -18269 -19908 -24827 -22368 -18269 -10891 -17176 -13897 -17449 -22914 -23734 -18815 -21275 -24827 -22641 -22641 -25373 -26466 -24007 -28379 -30019 -27286 -28926 -29745
-26740 -25647 -26740 -24554 -17176 -20455 -26466 -25373 -26740 -24280 -23734 -22094 -14170 -16629 -13077 -14717 -18542 -16903 -16083 -15263 -19908 -22914 -21001 -22914 -24554 -30292 -28379 -28106 -28926 -29472 -28926 -29472
-24007 -28106 -30292 -28106 -21275 -21548 -27013 -27286 -27833 -25373 -23734 -25647 -22094 -18542 -16083 -18542 -17176 -16629 -16356 -17996 -24007 -22368 -23187 -25647 -21821 -24554 -22914 -23734 -27559 -29472 -27559 -29745
-18542 -22641 -26466 -30565 -25100 -22914 -26466 -25373 -25920 -25920 -24007 -25373 -24280 -22368 -20455 -14717 -16629 -21548 -24827 -16356 -21275 -25100 -22641 -27286 -29472 -24554 -24554 -25373 -27013 -29745 -28106 -28926
-19089 -12804 -9798 -20455 -20182 -20182 -23734 -24554 -26466 -27833 -24280 -24007 -21821 -20182 -14717 -16629 -16629 -18542 -17176 -18542 -20182 -24827 -23187 -26740 -27013 -26740 -28106 -26466 -24007 -26193 -27559 -28926
-13077 -10071 -1874 -8432 -15263 -20455 -23461 -23461 -26466 -27286 -17449 -15536 -19362 -19635 -17176 -17449 -10071 -11164 -8432 -11711 -19908 -23734 -26193 -27013 -27286 -26466 -28106 -27286 -24554 -25647 -26740 -29745
-5426 -11984 -6519 -3787 -9525 -16903 -24007 -22914 -25373 -18542 1132 2771 -5973 -6519 -3787 -2694 4411 2225 -6519 -7885 -6246 -3787 -7885 -15536 -18542 -22641 -26193 -25100 -25920 -26740 -22641 -23187
-3787 -9798 -17176 -10345 -5699 -6519 -12257 -16356 -16629 -1874 12335 9329 2225 2225 9056 10422 10422 8783 39 859 9603 11515 11242 9329 5777 -4060 -14170 -19089 -22641 -27833 -26193 -19089
-5153 -7066 -13350 -9252 -7339 -5153 2771 312 2225 10696 10696 4684 -234 2771 6050 8236 10969 10969 8783 9876 12608 9876 8783 13155 12062 9056 -1601 -14717 -20728 -21001 -23461 -25373
-6792 -7066 -5973 -4333 -16903 -16903 4957 11242 13701 11789 312 -7885 -5973 1952 -3240 -508 11242 13155 13155 13428 14248 12335 8783 12608 13155 11515 9329 -3787 -11984 -4880 -6519 -25373
-5973 -4060 -3240 -8159 -24827 -23461 1678 12608 15887 6870 -9798 -14170 -8978 -2967 -9525 -5699 10422 15068 15887 15887 16707 16707 14521 14248 15614 16434 16707 8236 -2967 3045 8783 -10891
-2967 -1054 -1054 -11711 -24007 -26193 -5973 10969 16434 5231 -11164 -11984 -9798 -7339 -11711 -2967 12335 16161 17800 17254 18073 18620 15887 15068 18347 19713 19440 13428 -2147 -5153 4411 -4880
312 585 -2694 -14443 -19908 -22914 -11438 7690 15887 10149 312 -5153 -9252 -10071 -12804 1952 14794 16161 17254 17254 18073 18347 14794 15068 19166 20259 20533 15614 859 -12257 -8978 -12531
2498 -1054 -10071 -17176 -18815 -21548 -17176 4138 15887 17800 13975 4684 -3513 -9525 -13897 3045 16161 15614 13428 15068 16707 15614 15068 16980 19713 19713 18620 14248 859 -13350 -11711 -13077
3045 -7066 -17176 -17996 -19089 -21821 -25647 -6519 12882 19713 18893 12608 7690 -508 -10071 3045 14794 13701 11515 13975 14794 13428 15887 17800 18620 16707 11515 5231 -3513 -10071 -8432 -10891
-1601 -14717 -19089 -18542 -19362 -19635 -25100 -22641 585 17527 19713 15887 13155 9329 1678 6597 11515 10696 12608 14248 11515 12608 16434 17527 17254 11515 -508 -5426 -4060 -5153 -5699 -8978
-8432 -17996 -18815 -18815 -19635 -19362 -19362 -25647 -16629 10422 17527 16980 12335 8236 5504 5504 6050 6324 7963 7417 4411 9603 16707 17527 18073 7690 -8705 -7066 -1874 -1874 -2420 -6246
-14170 -17996 -18815 -18815 -18542 -18542 -17996 -19635 -24827 -1054 14248 16161 8783 -1327 -7339 -8159 -6519 -9252 -10071 -10618 -14717 -2147 14248 16980 20259 9876 -11164 -10071 -1054 39 859 -781
-17449 -18542 -19089 -18542 -17996 -17996 -17449 -17996 -25647 -9525 13701 15614 7417 -5699 -18815 -22368 -21275 -21548 -22914 -21001 -22368 -19908 3591 15887 19440 16707 -508 -10345 -2420 1405 -234 -1054
-19362 -19908 -19635 -19089 -18542 -19362 -17996 -17996 -24007 -12531 14521 15887 7417 1132 -14170 -21001 -21821 -19362 -19362 -19362 -19635 -25920 -15810 4684 13428 9603 1132 -7612 -8159 -2420 -4060 -4060
-19635 -19635 -20182 -20455 -17996 -15810 -13350 -11164 -15810 -9798 14521 13701 6324 6870 -9252 -17449 -17996 -16083 -16629 -19089 -19635 -21275 -23461 -16083 -8159 -13624 -15536 -14443 -16629 -14443 -6246 -1874
-18815 -19089 -17996 -15536 -11711 -8978 -8432 -6519 -8978 -5699 15068 11789 4957 2771 -7885 -11438 -13077 -13077 -14443 -16356 -16903 -16629 -13897 -16903 -16083 -15536 -14717 -14443 -15536 -17996 -15810 -8705
-16629 -15263 -11984 -9798 -10345 -10071 -9525 -8705 -10891 -7339 12335 11515 1952 -5153 -9798 -9798 -12531 -12257 -10891 -11984 -11711 -11711 -14717 -17722 -17176 -16903 -16903 -17449 -16083 -14717 -18269 -19908
-11164 -7612 -7066 -8432 -10618 -11164 -11164 -10345 -12804 -12531 8236 10969 -4333 -15810 -13077 -7885 -8432 -6519 -2967 -4060 -5426 -11164 -17722 -17176 -17176 -17449 -17449 -16903 -16903 -15810 -16629 -18542
-7066 -7066 -7066 -8705 -10618 -10891 -10071 -10071 -11711 -8978 6870 7417 -10891 -20728 -11438 -7066 -7066 -3513 -234 -781 -5153 -16629 -18815 -16903 -16356 -16083 -15810 -14990 -14990 -16356 -17722 -16083
-7066 -7612 -7066 -7066 -7066 -5973 -5973 -6792 -5973 -781 7143 312 -9525 -7612 -4880 -4060 -3787 -4060 -5699 -4880 -10071 -17722 -17176 -17722 -16356 -15536 -15263 -15536 -15263 -16903 -19362 -16083
-6246 -5973 -4333 -3240 -3240 -3240 -4606 -5426 -2147 1678 1405 -6519 -5153 -508 -2147 -3240 -4060 -5699 -5426 -5973 -15536 -17176 -15810 -16629 -15263 -14717 -14443 -14990 -15536 -14443 -16083 -17176
-2147 -3787 -3787 -4060 -6246 -4606 -2694 -5973 -6792 -3787 -5426 -5153 -2694 -3513 -4333 -3240 -2694 -1054 -508 -12804 -18815 -15810 -14717 -14717 -14443 -13897 -14170 -14443 -14990 -5973 -10345 -17449
-24518 -16916 -23432 -28047 -19359 -26147 -26147 -24518 -24246 -26418 -29133 -32120 -29676 -27233 -28047 -28862 -31034 -28862 -25604 -18545 -13658 -19902 -24789 -24789 -23975 -25332 -27233 -27504 -27504 -28862 -30491 -29133
-30491 -27504 -20717 -21531 -12301 -16373 -25875 -27776 -29133 -29405 -29948 -31305 -30219 -20174 -24789 -27504 -29676 -31034 -29948 -24518 -19359 -19088 -18545 -19359 -23160 -26147 -28047 -28862 -28862 -30491 -30762 -29405
-19088 -29676 -25875 -24246 -15830 -14744 -12572 -7142 -15287 -28319 -30219 -31848 -30762 -24789 -25061 -25604 -25332 -29676 -29676 -24518 -22889 -20717 -17459 -17731 -19359 -20717 -16373 -18273 -27233 -30762 -29948 -28862
-12029 -21260 -23703 -27504 -27504 -21531 -15016 -16645 -20717 -25604 -28590 -31034 -27233 -28319 -27504 -19902 -19088 -25332 -28862 -25061 -28047 -20988 -15559 -16102 -5513 7247 14849 -2255 -19359 -24246 -27776 -29948
-20988 -28047 -29676 -30219 -31034 -31034 -28862 -29405 -28590 -27233 -30219 -30762 -27776 -27233 -29133 -13930 -13930 -28047 -28862 -27233 -23160 -22074 -18545 -4427 10505 17564 19736 5347 7519 460 -29676 -32663
-25604 -21260 -27776 -32391 -31848 -30762 -28047 -27776 -27233 -25604 -30762 -31577 -30491 -28862 -28590 -18002 -9857 -27233 -31034 -29405 -26690 -17731 1817 6976 13491 6704 -16916 -9314 23808 20550 -14473 -30219
-26690 -26147 -26147 -32120 -31848 -31848 -26690 -22889 -13930 -16102 -28319 -30219 -31034 -31034 -29405 -23703 -13658 -23160 -32120 -31034 -23160 460 13763 11319 21908 3989 -15830 -9857 15935 28424 -355 -28047
-20174 -26418 -30219 -32120 -32120 -31848 -29133 -26690 -13658 -13387 -29405 -26147 -29405 -31848 -28319 -23160 -21260 -24518 -30219 -26690 -9314 10505 16749 18650 28424 8061 -19088 -18545 -626 25980 6976 -27233
-25061 -25604 -30219 -31034 -31577 -31577 -31305 -23975 -22346 -22889 -30762 -21803 -22617 -31305 -27233 -23703 -22617 -27504 -24518 -6599 6161 13220 22451 26795 29510 -3884 -19088 -11215 15392 28967 9690 -26418
-27776 -26418 -29676 -29405 -30491 -30219 -30762 -22346 -22074 -18545 1546 15663 17835 1274 -21531 -28590 -21803 -24246 -10672 9962 15935 19736 24351 31953 26252 -14201 -19902 -16916 3175 24351 3989 -26690
-28319 -26147 -24789 -23432 -30219 -29405 -28047 -20174 -10672 7519 22451 28424 32767 32767 24623 7790 3718 3718 9962 13491 22179 27066 25980 32767 24623 -15830 -19902 -20717 -11215 5618 -3884 -26690
-25332 -22346 -19359 -20445 -28319 -22074 -10129 -7957 -4970 18107 26252 32767 32767 32767 32767 31139 30596 26252 19193 17835 21908 28152 29238 32767 23808 -15016 -19088 -21803 -26690 -25332 -19631 -28047
-19088 -11486 -10400 -16645 -15830 -1169 -1712 -16645 -5785 22722 31682 32767 32767 32496 32225 31953 30867 27609 22994 21908 24351 24080 30596 32767 16749 -16645 -17731 -22074 -26961 -31577 -27776 -30762
-15830 -1169 -2798 -7957 2632 8604 -2255 -17731 -6056 21636 31953 32496 30324 31139 31682 32225 32225 29510 26252 22179 22722 17564 28967 32767 1003 -19902 -20717 -26147 -24246 -23432 -19088 -29133
-13658 -1441 -6871 2089 12405 8876 1003 -18002 -3613 21365 28424 31139 25980 30596 32225 32767 32767 32767 29238 21908 23808 17564 25980 30053 -7414 -23432 -23432 -27776 -26690 -20717 -20445 -27233
-17188 -14473 -7414 12134 13491 7519 2632 -20445 -10672 19736 27066 29781 22451 27609 31410 32767 32767 32767 31682 20550 22179 22451 25980 26795 -9586 -26418 -27504 -29948 -31305 -30491 -27776 -25332
-25061 -28590 -6871 14306 10233 11048 2632 -22617 -23975 1817 24351 28152 14577 19736 28152 31682 32767 32767 32225 14306 11048 27609 30596 22722 -16916 -29133 -30762 -32120 -32120 -29948 -23160 -19088
-30762 -28590 -5785 7519 9147 14034 4261 -22074 -26690 -16916 13491 27338 6161 5890 19193 26795 29510 31139 31139 3718 -626 25709 32767 8333 -29133 -29948 -31577 -32391 -31305 -29676 -24246 -16102
-31577 -24789 -11215 -1441 9962 17564 6161 -22889 -26690 -23703 3718 21636 -15016 -14744 -3341 11319 18921 24080 25709 -6328 -10672 21093 28152 4532 -28047 -30762 -32120 -32663 -31848 -31034 -28047 -19631
-28047 -18816 -18273 -9857 10233 18107 10505 -17188 -32391 -31305 -7685 18921 -20717 -31848 -26418 -19088 -10129 -4156 -2527 -22074 -21260 6976 20822 22179 1274 -19631 -31848 -32768 -32391 -31034 -31577 -26961
-23703 -18002 -23432 -15287 4532 15120 12134 -15559 -31577 -30491 -21260 11591 -15287 -32768 -32391 -30762 -22074 -23975 -31034 -31577 -27504 -23703 -12029 7519 -3884 -2255 -26147 -32768 -32391 -31577 -31034 -27776
-21260 -22074 -24518 -15287 -626 12677 11048 -18002 -22074 -7142 -22889 -2255 -12301 -32768 -31577 -30762 -25061 -27233 -31305 -31034 -30762 -31034 -26690 2632 -16102 -8500 -21260 -32768 -32391 -32391 -31305 -28590
-23975 -26147 -22346 -16102 -9043 2903 -355 -24246 -20988 4804 -20717 -13115 -8500 -30219 -30762 -30491 -26961 -28590 -31034 -30219 -31034 -30491 -32391 -7685 -355 1274 -13658 -32768 -32663 -31577 -25604 -22346
-26961 -27233 -21531 -18816 -16645 -11215 -15830 -29405 -26147 -2527 -21803 -12844 -626 -27233 -31034 -29948 -25604 -29133 -30491 -30219 -30491 -31034 -31305 -15830 2360 2632 -8228 -32768 -32391 -30762 -19359 -13115
-28862 -28319 -25875 -25061 -21803 -18002 -22074 -30219 -26418 -1984 -23432 -21260 2089 -19902 -31305 -26961 -20988 -25875 -31034 -30762 -31305 -30762 -23703 -15830 -355 5618 2360 -28862 -31577 -31848 -31034 -26961
-28319 -27504 -28590 -29133 -28862 -26961 -26961 -27504 -27504 -2255 -18273 -25061 -3884 -12572 -29133 -26147 -21260 -21260 -30219 -29676 -30762 -31034 -14473 -10129 2089 10776 2632 -25875 -29948 -30491 -30219 -30762
-28047 -25875 -27233 -30491 -29676 -31305 -31034 -29948 -28047 460 -9314 -31848 -16373 -4699 -23703 -28047 -26690 -19631 -28047 -26418 -29133 -31577 -14201 -11215 -4427 18921 -10129 -30219 -27776 -25875 -26961 -28862
-30491 -29133 -29133 -29948 -28319 -31577 -31305 -30762 -29133 -1712 3446 -28047 -25332 -6599 -15016 -27776 -26418 -24789 -24789 -24518 -23703 -28590 -21531 -12844 -6056 12134 -11486 -21260 -17188 -13930 -12301 -13115
-31577 -31305 -31848 -31848 -30762 -31034 -31577 -31577 -31034 -19359 14034 -7414 -27233 -15287 460 -21803 -21803 -16916 -15830 -11215 -12029 -14473 -11486 -6056 -8228 6704 -13658 -25332 -20988 -20174 -16373 -16102
-31848 -31848 -32120 -32391 -31848 -31034 -31305 -30762 -29948 -29405 -19359 -16916 -12301 -7685 12405 731 -18816 -17731 -19088 -16645 -19359 -17459 -9857 -7685 -13115 -15016 -20445 -30491 -30762 -31848 -31577 -31577
-31305 -31577 -32120 -32120 -31034 -26690 -25604 -23432 -19088 -20174 -24246 -18273 -14473 -17459 -83 13763 -9043 -15830 -19902 -15287 -16645 -14744 -10400 -14201 -25604 -26147 -15830 -28047 -32768 -32768 -32768 -32663
-31034 -31848 -32391 -32391 -31577 -29133 -25332 -20174 -15016 -13387 -12844 -12572 -14473 -19902 -17459 -1169 -8771 -14473 -15559 -17188 -17459 -15830 -13115 -16373 -21803 -23703 -24789 -30219 -32391 -32663 -32768 -32120
-23953 -16240 -22576 -26707 -18995 -26707 -26707 -25055 -24779 -26983 -29737 -32767 -30288 -27809 -28635 -28360 -30013 -28635 -26156 -20372 -15690 -23402 -28635 -28635 -27809 -29462 -29737 -29186 -29186 -30839 -32492 -31665
-30013 -26707 -19821 -20648 -11558 -16791 -26432 -28360 -29737 -30013 -30563 -31941 -30839 -20648 -25055 -27258 -28911 -30839 -30288 -25605 -21198 -21749 -21474 -22300 -26432 -29462 -30013 -29737 -30288 -31941 -32216 -31114
-18169 -28911 -25055 -23126 -15414 -15139 -12935 -7426 -15690 -28911 -30839 -32492 -31390 -25330 -25605 -25881 -25055 -29737 -30288 -25055 -23953 -22576 -19270 -19821 -21749 -23126 -17618 -18995 -28084 -31665 -30839 -29737
-11007 -20372 -22851 -26707 -27258 -22025 -15414 -17067 -21198 -26156 -29186 -31665 -27809 -28911 -28084 -20372 -19546 -25605 -29462 -25055 -28360 -22025 -16516 -17342 -6600 6346 14609 -2193 -19270 -24504 -28084 -30013
-20097 -27258 -28911 -29462 -31114 -31665 -29462 -30013 -29186 -27809 -30839 -31390 -28360 -27809 -29737 -14588 -15139 -28635 -29186 -26983 -22851 -22025 -18995 -4672 10478 17639 20118 6070 8274 1113 -29186 -32492
-24779 -20372 -27258 -31941 -31665 -31390 -28635 -28360 -27809 -26156 -31390 -32216 -31114 -29462 -29186 -19270 -11558 -28360 -31114 -28635 -25605 -17067 2765 7999 14334 7448 -16791 -9079 24525 21495 -13761 -30013
-25881 -25605 -25605 -31665 -31941 -32216 -27258 -23402 -14312 -16516 -28911 -30839 -31665 -31665 -30013 -25055 -15414 -24228 -32216 -30288 -22025 1663 15160 12681 22873 4969 -15414 -9354 17088 29759 837 -27809
-20097 -27258 -31114 -31941 -31941 -31665 -29186 -26432 -12935 -12660 -29186 -26156 -29462 -31665 -28360 -22851 -21198 -24504 -30288 -26432 -9354 10478 16813 18741 28932 8274 -18995 -17893 286 27280 8274 -26707
-25330 -27534 -31665 -31114 -31114 -31390 -30839 -23402 -21474 -22025 -30288 -21198 -22025 -30839 -26707 -23126 -22025 -26983 -24228 -6324 6346 12406 22046 26453 29483 -4396 -18995 -10732 16262 30309 10478 -25881
-28084 -28084 -31114 -29462 -30013 -30013 -30288 -21749 -21474 -17618 2490 16813 19016 2214 -20923 -28084 -20923 -23677 -10181 10478 15986 19016 23974 31962 26178 -14863 -20097 -16516 3867 25352 4693 -26156
-28635 -27809 -26156 -23126 -29737 -29186 -27534 -19546 -9905 8549 23699 29759 32767 32767 25902 8825 4693 4693 10753 14058 22873 26729 25627 32767 24525 -16516 -20097 -20648 -10732 6070 -3295 -26707
-25605 -23953 -20648 -20372 -27809 -21474 -9354 -7426 -4396 19016 27555 32767 32767 32767 32767 32513 31962 27280 20118 18741 22597 28106 28932 32767 23974 -15690 -19546 -22576 -27258 -25881 -20372 -28360
-19270 -12935 -11558 -16516 -15139 -265 -816 -16240 -5223 23699 32767 32767 32767 32767 32767 32767 31962 28657 23974 22873 25076 23699 30309 32767 16813 -17067 -18444 -22851 -27809 -32492 -28911 -31665
-15965 -2468 -3845 -7426 3592 9651 -1366 -17342 -5498 22322 32767 32767 31687 32513 32767 32767 32767 30585 27280 23148 23699 17364 28932 32767 837 -20372 -21474 -27809 -25605 -24779 -20372 -30563
-13761 -2744 -7977 2765 13783 9927 1939 -17618 -3295 22046 29483 32513 27280 31962 32767 32767 32767 32767 30309 22873 24525 17364 26178 30309 -7702 -23953 -24504 -29462 -28360 -22300 -22025 -28635
-16791 -14312 -7151 13232 14334 7999 3316 -20097 -9905 21220 28381 31136 23699 28932 32767 32767 32767 32767 32238 20944 22322 22322 25902 27004 -10181 -26983 -27534 -30013 -31941 -31665 -29462 -26983
-24504 -28084 -6049 15436 10753 11028 3316 -22025 -22851 3316 25627 29483 15711 20944 29483 32513 32767 32767 32238 14058 10753 27280 30585 22597 -17618 -29737 -30563 -31665 -31941 -30839 -24504 -20923
-30288 -28084 -4947 8549 9651 14058 4693 -21749 -25881 -15690 14885 28657 7172 6897 20394 27555 29759 31411 31136 3316 -1366 25627 32767 7999 -30013 -30839 -31390 -31665 -31114 -30288 -25881 -18444
-31114 -24228 -10456 -540 10478 17639 6897 -22576 -25605 -22300 4693 22873 -14312 -14037 -2193 11855 19016 24250 25627 -6875 -11282 20944 28106 4142 -28911 -31390 -31941 -31941 -31665 -31941 -29462 -22025
-27809 -18444 -17618 -9354 10753 18190 11304 -16516 -31665 -30288 -6600 20118 -20097 -31390 -25881 -18995 -10456 -4672 -3019 -22851 -22025 6621 20669 22046 837 -20372 -31665 -32216 -32216 -31941 -32768 -29462
-23402 -17618 -23126 -14863 4969 15160 12957 -14863 -30839 -29462 -20648 12681 -14588 -32767 -31941 -30839 -22576 -24504 -31941 -32492 -28360 -24504 -12660 7172 -4396 -2468 -25881 -32768 -32216 -32492 -32492 -30013
-20923 -21749 -24228 -14588 -265 12681 11855 -17618 -21198 -5498 -22300 -1366 -11558 -32492 -31114 -30839 -25605 -27809 -32216 -31941 -31665 -31941 -27258 2214 -16516 -9079 -20923 -32768 -32492 -32768 -32768 -30563
-23677 -25881 -22025 -15690 -8803 3041 286 -23953 -20097 6621 -19821 -12660 -7702 -30013 -30288 -30563 -27534 -29186 -31665 -31114 -31665 -31114 -32768 -8253 -816 837 -13211 -32768 -32492 -32216 -26983 -23677
-26707 -26983 -21198 -18444 -15965 -10456 -15139 -28911 -25330 -1366 -21198 -12109 286 -26707 -30563 -29462 -25055 -28911 -30288 -30288 -30013 -29462 -30563 -16516 1113 1939 -7702 -32767 -31941 -30839 -19546 -12935
-28635 -28084 -25605 -24779 -21198 -17342 -21198 -29737 -25881 -816 -22576 -20372 3316 -18995 -30839 -26432 -20648 -25605 -30839 -30563 -30288 -28360 -22576 -17342 -2193 4969 2214 -29462 -31941 -32216 -31390 -27534
-28084 -27258 -28360 -28911 -28360 -26432 -26432 -26983 -26983 -1642 -17893 -25055 -3570 -12384 -29186 -26432 -21749 -21749 -31114 -30288 -30839 -29737 -14312 -11833 11 9651 1388 -27809 -31941 -32492 -32216 -32492
-27809 -25605 -26983 -30288 -29462 -31390 -31114 -29737 -28084 837 -9905 -32767 -17067 -5498 -24779 -29462 -28084 -20923 -29737 -27809 -30288 -31390 -15414 -14312 -7151 18190 -12109 -32768 -30839 -29186 -30288 -32216
-30288 -28911 -28911 -29737 -28360 -32216 -31941 -31390 -29737 -1917 2214 -30013 -26983 -7977 -16516 -30013 -28911 -27258 -27258 -26983 -25881 -30288 -24779 -17067 -9354 11028 -13761 -24504 -20372 -17342 -15690 -16240
-31390 -31114 -31665 -31665 -31114 -32216 -32767 -32767 -32216 -20372 12681 -9630 -30013 -17893 -1917 -25055 -25055 -20097 -19270 -14588 -15139 -17893 -15965 -11282 -12109 5244 -15414 -27809 -23677 -22576 -18719 -18444
-31665 -31665 -31941 -32216 -32492 -32767 -32768 -32492 -31941 -31665 -22576 -20372 -15690 -11007 9376 -2744 -23126 -22300 -23402 -21198 -23677 -22025 -15690 -13761 -17618 -17067 -21474 -31665 -31941 -32768 -32767 -32768
-31114 -31390 -31941 -31941 -31665 -28360 -27258 -25330 -20648 -22300 -27534 -22300 -18444 -21198 -3570 9927 -13761 -20372 -24779 -20097 -21474 -20097 -16791 -20372 -30013 -28360 -16240 -28084 -32768 -32768 -32767 -32767
-30839 -31665 -32216 -32216 -31390 -29186 -25605 -20923 -16240 -15414 -17067 -17342 -19270 -24504 -22300 -6049 -13761 -19821 -20648 -22300 -22851 -22025 -19546 -22025 -26432 -27258 -27258 -31390 -32216 -31941 -32767 -32767
-22641 -16083 -23187 -28106 -20182 -25920 -26193 -24827 -24554 -26193 -28106 -31112 -28652 -26193 -27286 -26466 -27833 -27013 -25373 -20182 -15810 -22641 -27559 -26740 -25100 -26466 -28379 -29199 -28652 -28926 -29745 -28652
-28652 -26740 -20455 -22094 -12804 -16629 -25920 -28106 -29472 -29472 -29199 -30565 -29199 -19089 -23734 -25647 -27286 -29472 -29199 -25373 -21275 -21275 -20455 -20455 -23734 -26466 -28379 -28926 -28926 -30019 -29745 -28379
-17996 -28926 -25373 -24280 -16083 -14717 -12531 -7339 -15263 -28106 -29745 -30838 -30019 -24007 -24280 -24554 -23734 -28379 -28926 -24554 -23461 -21821 -18269 -17996 -18815 -19635 -15536 -17722 -26466 -29745 -28926 -27559
-11438 -20455 -23461 -27286 -27013 -21275 -15263 -16903 -21001 -25920 -27833 -30019 -26466 -27559 -26740 -19362 -18542 -24827 -27833 -24007 -27286 -20728 -15263 -15263 -3787 9603 17254 -234 -17176 -22368 -26193 -28106
-21001 -27286 -28379 -28926 -30019 -30565 -29199 -29472 -28379 -27559 -29745 -30019 -27286 -26193 -28106 -13897 -14717 -27833 -27833 -25647 -21548 -20728 -17449 -2420 13428 21079 23812 9056 10696 3045 -27559 -30838
-25647 -21275 -26466 -30565 -30292 -30292 -28106 -28106 -27286 -25920 -30019 -30565 -29745 -28106 -28106 -18815 -11438 -27559 -29745 -27013 -23734 -15536 4138 10422 17527 11242 -12531 -5153 27637 23265 -12531 -28379
-27013 -26193 -25100 -30292 -30292 -30838 -26740 -23187 -14170 -16356 -27559 -29199 -30019 -30292 -28652 -24554 -15810 -23734 -30838 -28106 -19362 3318 16707 15068 26271 8783 -10891 -5153 20259 31736 1952 -25920
-19908 -27013 -30019 -30565 -30019 -30019 -28106 -26193 -13897 -13350 -27833 -24554 -27833 -30292 -27013 -22914 -21821 -23734 -27286 -22094 -4060 14794 20806 22445 32283 11515 -15263 -14443 3591 29823 10422 -24280
-24280 -27286 -30838 -29745 -28652 -29199 -29472 -22914 -22094 -22641 -28652 -19908 -20728 -29199 -25373 -22914 -22094 -25647 -21001 -1601 12062 17800 26544 30370 32767 -1327 -16083 -8159 18893 32556 13155 -23461
-27013 -28106 -30565 -27833 -27833 -27833 -28926 -21001 -21548 -17722 3318 17800 19986 3318 -19362 -27013 -20728 -22094 -7339 14794 21079 24085 28184 32767 29277 -12257 -17449 -13897 6324 27637 7143 -23734
-27833 -28106 -26193 -21821 -27286 -27286 -26193 -18269 -9252 9329 24358 30643 32767 32767 26818 9603 5231 6050 13428 18073 26818 31190 29550 32767 26818 -14717 -17996 -18269 -8705 7963 -1327 -24554
-24554 -24280 -20728 -19089 -25647 -20182 -8159 -5426 -2694 20806 28457 32767 32767 32767 32767 32767 32767 29277 22719 21899 25998 32009 32556 32767 25724 -14170 -17996 -20455 -25373 -24007 -18269 -26466
-18269 -13077 -11711 -15263 -13350 859 585 -13897 -2420 26271 32767 32767 32767 32767 32767 32767 32767 30643 26271 25178 27637 27091 32767 32767 18073 -15810 -17176 -21275 -25920 -30292 -27013 -29472
-14990 -2694 -4060 -6246 5231 10422 39 -14443 -1874 25998 32767 32767 32556 32767 32767 32767 32767 32767 29550 25178 25724 19986 31190 32767 1952 -19635 -20455 -26466 -24554 -23734 -19089 -28652
-12804 -2967 -7885 3864 14794 10696 3591 -14443 859 26271 31463 32767 28184 32767 32767 32767 32767 32767 32556 24631 26271 19986 28184 31463 -6792 -23187 -23734 -28106 -27013 -21275 -21001 -27013
-16083 -14170 -7066 13701 14794 8510 4684 -17722 -6792 24358 29823 31736 24631 29823 32767 32767 32767 32767 32767 23265 24631 24358 27637 28457 -8432 -25647 -26466 -28652 -30292 -29745 -27559 -24827
-23734 -27559 -5699 15614 11242 11515 4138 -20182 -20455 5777 27091 30370 16707 21899 30370 32767 32767 32767 32767 16707 13428 29004 32009 24085 -15810 -27833 -29199 -30292 -30292 -28926 -22641 -18542
-28926 -27013 -4060 9329 10149 14794 5777 -19908 -23461 -13077 16161 29550 8236 7963 21352 28184 30097 32556 32767 6050 1678 27364 32767 9603 -27833 -28652 -29745 -30292 -29745 -28652 -23734 -16083
-29472 -22914 -9525 585 11242 18073 7690 -20728 -23187 -19908 6324 23812 -12804 -13077 -1327 12608 19440 25451 27637 -3787 -8432 22719 29550 5777 -26740 -29199 -30292 -30565 -30019 -29745 -27286 -19635
-25920 -16629 -15810 -7339 12062 18620 12062 -14717 -29199 -27559 -5153 21079 -18542 -29745 -24554 -17996 -9525 -3240 -781 -19908 -18815 8510 22172 23538 2771 -18269 -30019 -30565 -30565 -30019 -30838 -27013
-20728 -15263 -20728 -12257 6597 15887 13701 -13077 -28379 -27013 -18815 13701 -13350 -31112 -30292 -29199 -21821 -22914 -29472 -29472 -25100 -22368 -10891 8783 -2694 -781 -24280 -31112 -30565 -30292 -30292 -27833
-18269 -19089 -21548 -11984 1132 13428 12608 -15810 -18815 -2967 -20455 -234 -10071 -31112 -29745 -29472 -24554 -26193 -29472 -28926 -28379 -29472 -25100 3864 -14443 -7066 -19362 -31112 -30565 -30838 -30565 -28652
-20455 -22914 -18815 -12804 -7066 3591 1405 -22094 -17722 9056 -17996 -11164 -6519 -28379 -28652 -29199 -26466 -27559 -29472 -28379 -28652 -28926 -31112 -6246 859 2498 -11711 -31112 -30838 -30019 -24827 -22368
-23734 -24007 -18542 -15536 -13897 -9252 -13897 -27286 -23734 312 -18815 -9525 2771 -24007 -27833 -28106 -25100 -28379 -29472 -29199 -29199 -28379 -29199 -14443 3591 4684 -5699 -31112 -30019 -28926 -17996 -11438
-25920 -25373 -22914 -22094 -19089 -15810 -19908 -28379 -24554 312 -20182 -17722 5777 -16629 -28106 -25373 -20728 -25373 -30019 -30019 -30019 -28106 -21548 -14990 1132 8236 4684 -27559 -29745 -30292 -29472 -25647
-25373 -24554 -25647 -26193 -26193 -25100 -25100 -25647 -25647 -234 -15536 -22368 -1054 -9525 -26466 -24827 -21548 -21275 -29472 -29472 -30019 -29472 -13624 -9798 3045 12608 3864 -25647 -29745 -30019 -29745 -30019
-25100 -22914 -24280 -27559 -27013 -29472 -29472 -28106 -26466 2225 -7612 -30019 -14443 -2967 -22094 -27559 -26740 -20455 -28926 -27286 -29199 -30292 -14443 -12531 -4606 20533 -9525 -30565 -28106 -26466 -27559 -29472
-27559 -26193 -26193 -27013 -26193 -30292 -30019 -29472 -27559 -508 4138 -27559 -24554 -5973 -14443 -28379 -27833 -25920 -26193 -25920 -25100 -29472 -23461 -14990 -7066 12882 -11438 -21821 -17722 -14717 -13077 -13624
-28652 -28379 -28926 -28926 -28652 -30292 -30838 -30292 -30019 -18542 14521 -7612 -27559 -15536 312 -23187 -23734 -19089 -18269 -13350 -14170 -17449 -14990 -9252 -9798 6870 -13350 -25373 -21275 -20182 -16356 -16083
-28926 -28926 -29199 -29472 -30019 -30565 -30565 -30292 -29745 -29199 -20455 -18269 -13624 -9252 10969 -1327 -21548 -20728 -21821 -19635 -22368 -21821 -14717 -11984 -15536 -15536 -19635 -29472 -30019 -30838 -30838 -30838
-28379 -28652 -29199 -29199 -29199 -26193 -24827 -22914 -18542 -19908 -25373 -20455 -16356 -19362 -1874 11515 -12257 -18815 -23187 -18269 -20182 -19635 -15536 -18542 -27833 -26466 -14990 -26193 -30838 -30838 -31112 -30838
-28106 -28926 -29472 -29472 -29199 -27286 -24007 -19089 -14170 -13350 -15263 -15536 -17449 -22641 -20182 -4333 -12257 -17996 -19089 -20455 -21001 -20455 -17722 -20182 -24827 -25647 -25373 -29472 -30292 -30292 -30292 -30019
-24518 -23975 -23432 -21531 -19088 -16916 -14201 -11215 -11486 -12572 -12844 -13387 -14744 -17459 -20717 -21260 -21531 -22074 -22617 -23160 -23160 -23160 -22617 -23160 -22889 -22617 -22346 -22346 -22889 -22889 -23160 -23432
-20174 -18002 -17731 -16916 -15559 -16102 -14473 -11758 -12029 -12844 -13115 -14201 -15287 -16645 -20988 -22346 -21803 -22889 -23975 -23160 -22889 -23432 -23160 -22346 -22889 -23160 -22346 -21803 -23160 -23703 -23703 -24246
-17459 -17188 -15830 -14744 -15559 -16916 -16102 -15287 -16645 -17188 -17188 -17188 -16373 -16645 -19902 -21803 -21803 -22346 -22889 -22617 -22889 -23160 -22617 -21531 -21803 -22346 -22617 -19088 -20717 -24789 -24518 -24789
-18273 -20717 -19631 -18545 -18545 -18816 -18816 -19359 -20988 -21260 -20988 -19631 -18002 -17731 -18545 -19631 -19902 -20174 -20717 -22074 -19631 -22074 -22889 -21803 -21260 -21260 -21803 -14744 -18273 -23975 -23160 -23160
-21260 -22889 -22889 -22617 -21531 -20988 -21803 -21803 -21531 -21531 -21803 -21260 -20717 -19631 -19088 -20174 -19902 -20174 -20717 -19902 -14473 -20717 -21531 -20445 -20174 -20445 -20988 -12301 -18273 -22889 -21531 -21803
-24518 -24789 -23432 -22617 -22617 -21803 -22074 -21803 -21260 -21260 -21803 -20988 -21260 -19902 -18545 -20717 -20445 -20717 -21531 -18545 -13115 -19902 -19902 -18545 -19088 -20445 -19631 -12572 -18816 -21803 -21260 -22346
-26147 -24518 -22617 -22074 -23160 -22074 -22074 -22074 -21260 -21260 -21531 -19902 -20717 -20717 -18816 -20445 -19902 -20174 -21260 -18273 -15559 -20174 -19631 -19359 -19631 -20717 -18273 -14473 -19902 -18545 -20174 -22889
-24789 -23432 -22617 -23432 -24246 -23432 -23160 -23432 -22889 -23160 -22074 -20174 -20717 -19631 -16645 -19902 -20445 -19359 -21803 -18273 -17459 -21803 -20717 -16373 -17731 -20988 -18273 -16102 -20988 -14744 -20174 -22889
-24518 -24246 -23432 -23975 -24789 -23703 -22889 -23432 -22889 -23160 -22617 -20717 -21531 -16373 -10943 -17459 -18816 -16916 -21803 -17188 -18273 -23432 -21803 -10129 -16373 -20717 -18273 -18545 -20717 -12844 -20988 -22346
-25332 -25332 -23975 -23975 -24246 -23432 -23160 -23703 -22889 -22074 -22617 -18002 -19631 -19902 -10129 -15830 -16645 -17188 -21260 -16373 -19088 -23160 -20445 -11215 -18545 -19088 -18816 -19631 -18545 -14473 -22889 -22617
-25604 -26147 -25332 -24789 -24789 -23703 -22889 -23975 -23160 -22074 -21803 -13115 -18273 -22074 -15287 -17188 -18002 -18545 -20174 -15830 -18816 -22346 -18816 -15287 -19088 -18545 -20445 -15559 -14473 -17731 -23432 -23160
-24518 -24246 -24518 -24246 -24518 -23432 -23160 -23975 -23432 -23432 -23432 -17731 -18545 -21260 -18273 -16916 -18273 -18273 -16645 -12844 -16373 -18545 -18002 -18816 -20174 -21803 -22074 -19359 -16373 -17188 -22617 -22889
-23975 -22889 -22889 -22889 -23160 -22889 -23703 -24518 -23975 -24246 -24789 -22889 -19088 -19088 -17459 -15016 -15830 -16645 -14473 -12029 -14473 -17731 -20988 -19631 -19359 -19631 -20988 -22346 -21531 -18816 -18545 -20445
-23432 -22889 -22346 -22346 -22346 -22346 -22346 -23432 -23432 -22346 -23432 -22889 -22074 -20445 -17731 -12029 -13930 -20988 -23975 -22074 -20717 -22889 -22074 -18816 -13930 -13930 -20445 -21531 -21531 -19631 -16645 -19902
-23160 -23432 -21531 -21531 -21803 -21531 -20988 -22346 -22889 -21260 -22074 -22346 -22617 -21531 -19088 -16373 -18273 -20174 -21260 -22889 -22889 -22346 -22074 -20174 -19631 -19088 -20174 -20717 -19631 -19631 -19902 -19359
-23703 -24246 -21260 -21260 -22074 -21531 -21260 -22346 -22889 -22074 -22074 -21260 -20445 -21531 -20988 -19088 -16373 -14473 -16373 -22889 -23432 -22889 -22617 -21803 -21260 -20717 -19902 -19088 -18273 -19631 -19631 -18816
-24246 -24246 -22346 -22074 -21803 -22346 -22074 -22889 -23703 -23432 -21803 -20174 -21260 -21803 -22617 -20174 -16916 -13387 -14744 -23432 -21803 -21260 -20445 -21531 -22074 -20988 -18545 -19088 -17188 -19631 -18002 -17731
-23975 -22889 -22617 -22889 -21531 -21803 -22074 -23432 -23703 -23975 -21803 -21260 -24246 -19631 -18273 -19088 -20445 -17459 -16645 -20717 -19359 -19359 -19088 -19359 -20445 -19631 -18273 -18545 -17731 -21531 -19088 -20174
-23703 -22617 -21531 -20988 -21260 -21260 -20988 -22346 -22617 -22617 -22346 -20988 -22074 -24518 -21260 -19088 -19631 -22346 -18545 -16916 -17459 -20445 -19359 -18273 -18545 -19359 -20988 -19359 -19359 -23703 -22074 -22074
-22889 -22889 -21260 -19631 -20717 -21531 -20988 -21531 -21803 -21531 -22346 -21531 -18816 -23975 -25604 -21803 -22074 -23703 -17731 -12844 -12301 -15830 -15559 -17459 -16916 -18002 -21260 -21803 -19902 -22889 -23703 -22346
-22346 -22074 -21260 -20717 -21531 -22346 -21260 -21803 -22074 -21260 -22074 -21803 -21260 -19902 -23432 -23703 -25061 -20445 -15830 -11215 -7957 -7685 -7957 -13658 -16373 -15830 -19902 -21260 -19088 -19902 -22074 -20174
-21803 -20445 -20174 -21260 -23703 -23432 -21803 -22889 -23160 -21260 -21531 -21803 -23432 -21803 -20988 -21803 -27776 -20717 -13387 -11486 -7142 -6056 -9586 -14744 -18545 -18273 -19902 -17731 -19631 -18816 -18816 -20174
-21531 -19631 -19902 -21531 -24246 -23703 -23432 -23432 -23975 -22074 -22074 -22617 -23975 -22346 -20445 -20988 -26147 -24246 -16645 -12572 -10672 -9314 -13115 -17459 -19088 -19359 -18545 -16645 -21531 -21531 -18816 -20445
-20988 -20445 -20174 -20717 -23160 -22074 -22617 -23703 -23975 -21803 -22346 -23160 -23703 -22617 -19359 -20174 -24789 -25061 -21531 -17188 -14201 -13387 -17459 -18816 -19359 -18816 -18816 -17188 -20988 -19631 -18002 -19902
-20717 -20717 -20445 -21803 -22617 -21803 -21803 -22346 -22889 -20988 -21260 -22346 -22617 -22074 -19088 -22074 -25061 -25604 -22889 -20717 -17188 -16916 -18273 -20174 -19088 -17459 -19902 -18816 -21260 -19359 -15287 -17459
-22346 -20717 -21803 -22617 -22074 -22346 -22346 -20174 -21260 -20174 -19631 -19902 -20445 -19088 -17459 -20174 -22617 -23432 -22074 -17459 -16916 -15559 -14473 -18273 -18545 -18002 -20174 -20445 -19359 -20174 -18273 -17459
-22617 -20988 -22074 -22889 -22074 -22074 -22889 -20174 -20445 -20717 -18545 -19088 -19088 -16373 -14744 -12844 -17459 -19902 -19088 -15559 -10943 -5785 -9586 -19088 -20445 -19631 -21531 -22346 -21260 -22074 -21531 -20988
-22617 -20988 -23160 -22617 -21531 -20988 -22617 -20988 -20174 -20445 -17459 -17188 -17731 -16102 -14473 -10672 -15559 -18273 -15830 -14201 -7685 -4156 -10400 -18816 -19631 -21260 -22889 -23703 -23160 -24246 -22889 -22346
-22346 -20717 -23703 -22074 -20717 -20174 -21803 -21260 -19631 -18816 -16916 -16373 -17731 -18273 -14473 -11486 -11758 -17731 -10672 -4427 -6056 -8500 -14201 -20174 -19359 -21260 -23432 -24246 -23703 -26690 -25875 -23160
-21803 -21260 -23703 -21531 -20988 -21531 -21803 -20445 -17731 -16916 -18002 -17459 -19088 -16645 -14201 -15287 -11486 -14201 -4427 -6599 -14473 -15559 -18273 -22074 -20988 -20988 -21803 -22889 -25061 -28319 -25875 -23160
-22074 -22074 -22889 -21531 -20174 -22346 -20174 -17188 -16102 -13658 -13930 -15287 -15830 -9586 -12301 -15559 -14744 -10672 -8771 -17459 -19359 -15830 -16645 -18273 -18002 -21260 -22074 -23160 -25875 -27504 -25061 -24246
-21531 -19359 -17731 -17459 -14473 -15287 -13658 -13930 -13115 -7957 -6871 -12572 -11758 -9043 -14201 -17188 -15559 -16645 -18273 -16916 -16102 -13930 -14744 -20174 -20445 -20174 -22889 -23432 -23975 -26418 -21531 -23703
-17067 -15690 -14588 -12935 -10456 -8803 -6324 -3570 -3845 -4672 -4947 -5498 -6324 -9079 -12109 -12384 -12109 -12384 -12935 -13211 -12384 -12384 -12660 -13761 -14312 -14312 -13761 -14037 -14588 -15414 -16240 -17342
-13211 -10181 -9354 -8253 -7151 -7702 -6324 -3295 -3295 -4396 -4396 -5498 -6324 -7702 -11833 -13211 -12109 -13211 -14037 -13211 -12109 -12935 -13211 -13211 -14312 -14863 -14037 -13486 -14863 -15690 -16240 -17342
-10456 -9354 -7702 -6049 -6875 -7977 -7151 -5774 -7151 -7426 -7426 -7702 -6875 -7151 -10456 -12384 -12109 -12660 -12935 -12660 -12384 -12384 -12660 -12109 -13486 -14037 -14312 -10732 -12384 -16516 -16791 -17618
-11282 -12935 -11282 -9354 -9079 -9079 -9354 -9079 -10181 -10456 -10181 -9079 -7977 -7702 -8528 -9905 -10181 -10456 -10732 -12109 -8803 -11282 -12935 -12384 -12384 -12935 -13211 -6324 -9630 -15139 -14863 -15414
-14037 -14863 -14037 -12660 -11282 -10732 -11833 -10732 -9905 -9630 -9905 -9630 -9905 -8803 -8528 -9630 -9905 -10456 -10732 -9905 -3570 -9630 -11282 -11282 -11282 -11833 -12384 -3570 -9354 -13486 -12935 -13761
-15965 -15690 -14037 -12109 -11282 -10732 -11282 -10456 -9354 -9354 -9905 -9354 -9354 -7702 -7977 -8528 -9079 -9905 -10732 -8528 -2193 -9079 -10181 -10456 -10732 -11558 -11007 -4121 -10732 -13211 -12109 -13211
-16516 -14863 -12660 -11282 -11558 -10456 -10456 -10456 -9905 -9905 -10181 -8528 -7977 -7702 -8253 -7151 -7702 -8528 -9354 -8253 -5223 -9630 -10732 -12384 -11833 -12109 -10181 -7151 -13211 -11558 -11282 -13211
-15139 -13761 -12935 -12660 -12935 -12109 -11833 -11833 -11558 -11833 -10732 -8803 -7977 -6875 -6875 -7702 -8528 -8253 -10456 -8528 -7426 -11558 -12109 -9079 -10456 -13211 -11282 -9630 -15139 -7977 -11558 -13761
-14863 -14588 -13761 -13211 -13486 -12384 -11833 -12109 -11558 -11833 -11282 -9630 -9354 -4121 -2468 -6875 -7702 -6049 -11007 -8253 -8803 -13211 -13211 -3019 -9354 -14037 -12109 -13211 -15965 -6875 -13211 -13761
-15690 -15690 -14588 -13761 -13211 -12384 -12109 -12384 -11558 -10732 -11282 -6600 -7426 -8528 -3019 -6600 -6049 -6600 -11007 -8253 -9905 -13211 -12109 -4121 -12109 -13486 -13486 -15139 -14588 -9079 -15965 -14588
-15690 -16516 -15690 -14588 -13761 -12384 -11833 -12660 -11833 -10732 -10456 -1917 -6324 -11282 -9354 -9079 -7977 -8253 -10456 -7977 -9905 -12384 -10181 -7977 -12935 -13761 -15965 -11833 -11007 -12935 -16791 -15690
-15139 -14863 -15414 -14312 -13761 -12660 -12109 -12935 -12109 -11833 -11833 -6600 -7702 -11282 -12384 -10456 -9905 -9905 -7977 -5774 -8528 -9905 -10732 -12935 -14312 -15965 -16791 -14863 -12660 -12660 -16516 -15965
-15139 -14312 -14312 -13761 -13486 -12660 -12935 -13211 -12109 -12109 -12660 -11558 -9354 -9354 -10456 -10456 -11007 -12109 -7977 -6049 -9079 -11558 -15690 -15414 -14312 -12384 -13211 -15690 -16516 -13486 -12660 -14312
-14863 -14312 -13761 -13486 -12935 -12384 -11558 -11833 -11282 -10181 -11007 -10732 -10732 -10181 -10181 -7977 -11007 -18995 -18169 -14863 -14588 -16240 -16516 -13761 -7977 -6049 -12109 -14588 -16240 -13761 -10456 -14037
-14588 -14863 -12935 -12660 -12384 -11558 -10456 -10732 -10181 -8803 -9354 -9354 -9905 -11282 -12384 -12384 -17067 -20372 -15690 -13486 -14863 -14588 -14588 -12935 -12384 -11282 -11833 -13761 -14037 -13211 -13761 -13761
-14863 -15690 -12660 -12384 -12384 -11558 -10456 -10732 -10456 -9354 -9354 -8528 -9905 -14037 -16516 -15965 -16240 -16240 -11558 -12660 -14588 -14863 -14037 -13211 -12935 -12935 -11558 -12109 -12384 -12660 -13211 -13486
-15690 -15965 -13761 -13211 -12384 -12384 -11282 -11282 -11282 -10732 -9079 -9079 -15414 -19270 -21198 -17893 -16791 -15690 -11007 -13211 -13211 -13761 -12109 -12384 -13486 -13486 -10181 -12109 -11282 -12109 -11282 -12660
-15414 -14037 -14037 -14037 -12109 -11833 -11282 -11833 -11282 -11282 -9079 -10732 -22300 -21198 -19821 -17893 -19821 -19546 -13761 -11558 -11282 -12109 -10732 -10181 -11833 -11833 -9905 -11282 -11282 -13486 -12109 -15414
-14588 -12660 -12935 -12384 -11558 -11007 -10181 -10456 -9630 -9630 -9354 -9630 -17893 -24779 -22851 -19821 -19546 -23126 -17067 -11558 -11007 -12935 -10181 -9079 -10181 -11282 -12660 -11282 -11558 -15139 -14863 -17067
-13761 -13211 -12935 -11282 -11007 -11558 -10456 -9630 -8803 -8528 -9354 -9354 -11007 -20648 -26156 -23126 -22300 -24228 -17618 -10732 -8253 -9630 -6875 -8253 -8528 -9905 -12935 -13761 -11833 -14588 -16791 -17618
-14037 -14037 -14312 -12935 -12384 -12660 -11007 -10456 -9354 -8528 -9630 -9354 -9905 -13211 -22025 -24779 -25055 -20923 -17067 -11282 -6875 -3845 -816 -4947 -7977 -8528 -12384 -13761 -11833 -12660 -16240 -16240
-14588 -14312 -14588 -14037 -14863 -14037 -12109 -12109 -11282 -9354 -9905 -9630 -9905 -11833 -17342 -22576 -27809 -21198 -14863 -12384 -7151 -3570 -3295 -6600 -10732 -11007 -12660 -10456 -12660 -12935 -14037 -16791
-15139 -14863 -15414 -14588 -15965 -14863 -13761 -12935 -12384 -10732 -11007 -10732 -10456 -11558 -15414 -21198 -26432 -24779 -17342 -11833 -9354 -5774 -6600 -9354 -11282 -12660 -11833 -9630 -15139 -17067 -15414 -17893
-15414 -17067 -16240 -14312 -15139 -13486 -13486 -13486 -12935 -10732 -11558 -12109 -11282 -12109 -14037 -20097 -25330 -25330 -20923 -14312 -10456 -8253 -10181 -11007 -12384 -12660 -12660 -10732 -15414 -16240 -15690 -17893
-15690 -17067 -16240 -15139 -14312 -12935 -12660 -12109 -11558 -9905 -10732 -11833 -11282 -12935 -13486 -20097 -24779 -25055 -20372 -15965 -11833 -10732 -10456 -11833 -11833 -11282 -12384 -11833 -16240 -17067 -14588 -17067
-17618 -15965 -17067 -15965 -13761 -13211 -12935 -9630 -10181 -9630 -9630 -9905 -10181 -11007 -12109 -16240 -20923 -20923 -17067 -10732 -9630 -8253 -6875 -9630 -11282 -11558 -11833 -12935 -14037 -16516 -16791 -16516
-17893 -16240 -17618 -16516 -14037 -13486 -13761 -10181 -9905 -10732 -9079 -10181 -10732 -9354 -9905 -9630 -13486 -14037 -11282 -6324 -1091 4142 -816 -10732 -13211 -13211 -14037 -15139 -14863 -15139 -16516 -16791
-17618 -16240 -18719 -16516 -14037 -12660 -13761 -11282 -10456 -11558 -9079 -9354 -10732 -9630 -9905 -7426 -9079 -9630 -5774 -3019 4693 7448 -1091 -11282 -12660 -14588 -15965 -17067 -16240 -17342 -17893 -18169
-17618 -15965 -19270 -16240 -13486 -12384 -13211 -12384 -11007 -10732 -9354 -9354 -11007 -11833 -9354 -7151 -3570 -7977 -265 7172 6346 2765 -5223 -13486 -12935 -14588 -17342 -17893 -16516 -21198 -22576 -20648
-16791 -16516 -19270 -15965 -14312 -14312 -13486 -12109 -9905 -9630 -11282 -11007 -11833 -10181 -8528 -9354 -3019 -4947 5244 3592 -3845 -5774 -10181 -16240 -14588 -13761 -16240 -16791 -17342 -22025 -21749 -19821
-17067 -17067 -17342 -15690 -13486 -14588 -12109 -8803 -7151 -5223 -6875 -8253 -7426 -1917 -5223 -8528 -7426 -3295 -816 -8803 -9905 -6875 -8803 -11833 -11282 -14312 -16240 -17067 -18169 -20097 -20097 -18995
-15690 -12660 -9905 -10732 -7426 -6600 -5223 -5223 -2193 2765 2214 -4672 -1917 286 -5774 -9630 -9354 -11007 -12109 -8803 -6875 -4672 -6049 -12109 -13211 -13211 -15414 -17067 -18169 -20372 -18995 -18719
-6792 -5699 -4606 -2694 859 4411 9056 12062 11242 10149 9876 9603 8510 5504 1132 39 585 39 -1601 -2420 -2420 -2967 -2694 -3787 -4333 -4333 -4060 -4060 -4880 -5699 -6519 -8159
39 2498 3045 4684 6324 6324 8236 11515 11789 10696 10696 9876 9056 7417 2771 859 859 -781 -2694 -2420 -1601 -2147 -2147 -1874 -2967 -3787 -2967 -2420 -4060 -5699 -6792 -8159
3864 4684 6050 8236 7690 5777 6050 7417 7143 6870 6870 6870 7963 7690 4684 2498 1132 -234 -1601 -1874 -1327 -1327 -1327 -508 -1874 -2694 -2967 585 -1327 -6519 -7612 -8705
2225 312 1678 3591 3864 3318 2771 2771 2225 1952 2225 3318 5231 6324 6050 5231 3045 1952 585 -1327 1678 -781 -2147 -1327 -1601 -2147 -2694 4411 859 -5699 -5699 -6792
-2147 -3513 -2967 -2147 -781 39 -508 39 312 312 39 859 1678 3318 4957 4411 3045 2225 859 859 6050 -234 -1601 -1054 -1327 -2147 -2694 5777 39 -4333 -3787 -5153
-5153 -5973 -4880 -2967 -2420 -1601 -1327 -781 39 39 -781 312 312 2771 4411 4138 3045 2225 859 1952 6324 -781 -781 39 -781 -2420 -1874 4957 -1601 -4333 -2967 -4606
-5973 -5426 -4333 -2694 -2967 -1874 -1874 -1327 -234 -234 -508 1132 859 1678 3318 4411 3864 3591 2498 1952 2771 -1601 -1054 -781 -781 -1874 39 3591 -2967 -2967 -2147 -4333
-4880 -4333 -4060 -3513 -3513 -2694 -2420 -2420 -1874 -2147 -1054 859 1132 2771 4138 3318 2498 3864 1405 1952 1405 -2694 -1874 2225 1132 -1874 312 1952 -3787 859 -1874 -4333
-4880 -4606 -4333 -3787 -3787 -2967 -2147 -2420 -1874 -2147 -1601 39 39 5231 8236 3318 2771 6050 1405 3318 1405 -3240 -2694 8236 1952 -2147 39 -781 -4060 2771 -2694 -3513
-5973 -5973 -4333 -3240 -2967 -2147 -1874 -2420 -1874 -1054 -1601 3045 1952 1132 7690 2771 3591 4957 1678 4138 1678 -2147 -1054 6870 -1054 -1874 -1874 -3240 -2694 1132 -4606 -3787
-6792 -6519 -5153 -3513 -2694 -1601 -1054 -2420 -2147 -1054 -1054 7690 3591 -1601 859 -234 1132 3045 2498 5231 2771 -234 1405 3045 -2420 -3513 -5699 -1327 -508 -2147 -5153 -4333
-5973 -4880 -4606 -3513 -3240 -1874 -1327 -2147 -1601 -1601 -1601 4138 2771 -781 -1874 -1054 -508 859 4684 6870 3591 1952 585 -2420 -4333 -5973 -6246 -4333 -2420 -1601 -4606 -4333
-5699 -4333 -4333 -4060 -3513 -2420 -2147 -1874 -508 -508 -1054 39 2225 2225 585 -508 -1054 -2694 3591 5777 1678 -508 -5426 -5699 -4333 -781 -781 -4060 -5699 -2147 -1327 -2967
-5153 -4606 -4060 -3787 -3240 -2147 -1054 -781 -508 585 -234 -234 585 1952 1132 1952 -2420 -11164 -7066 -2420 -3240 -4606 -5153 -3240 2771 6050 859 -2694 -5426 -2694 585 -2967
-4880 -5153 -3240 -3240 -2694 -1327 312 -508 -1054 312 -234 -234 312 312 -1327 -2967 -10071 -14443 -5699 -234 -2147 -2147 -2147 -781 -508 859 859 -1874 -3240 -2420 -2694 -2420
-5153 -5973 -2967 -2694 -2694 -1327 312 -508 -1601 -508 -508 39 -508 -3240 -6246 -7612 -10618 -11984 -2694 585 -1601 -1874 -1054 39 -508 -781 1405 -234 -1601 -1874 -2147 -2147
-5973 -6246 -4060 -3787 -2694 -2147 -508 -1054 -1874 -1327 39 312 -6246 -8978 -11984 -11438 -11984 -12531 -3240 -508 -508 -1054 859 1132 -508 -1054 2498 39 -508 -1601 -234 -1054
-5699 -4333 -4060 -4333 -2147 -1601 -508 -1054 -1054 -1054 1132 -781 -13350 -11438 -11438 -12531 -15263 -16356 -7066 39 585 -508 1952 3045 1132 312 2771 585 -508 -2967 -1327 -4060
-5426 -2967 -2420 -1874 -1054 -234 1405 585 312 859 1678 1132 -9252 -17176 -16083 -13350 -13897 -18542 -10618 -2420 -1327 -2420 2225 4411 2771 859 -508 585 -234 -4606 -4606 -7612
-5153 -4060 -2420 -508 -508 -508 1405 1405 859 1952 1952 1952 -1601 -13624 -20182 -16629 -16083 -18815 -11984 -3513 -508 312 5777 6050 4957 1952 -1327 -2147 -234 -4060 -7339 -8978
-5153 -4606 -4060 -2420 -2147 -1874 312 312 312 1952 1952 2225 585 -5153 -16356 -19908 -19362 -15810 -12257 -5699 312 5777 12062 9603 5504 3045 -1054 -2420 -781 -2967 -7066 -7339
-5426 -4880 -5153 -4606 -4880 -3513 -1054 -1327 -1054 1132 1952 2225 1405 -2694 -11438 -18542 -22094 -16083 -10618 -7612 -234 6050 9329 7690 2498 39 -1601 859 -1874 -3787 -5153 -7885
-5699 -5426 -6519 -5699 -6246 -4606 -3240 -2420 -2147 312 859 1405 1132 -1327 -8159 -16629 -21001 -19635 -12531 -5973 -1601 4138 5231 3045 312 -1601 -1054 1132 -4606 -8432 -6792 -8978
-5699 -7612 -7885 -5973 -5699 -3787 -3240 -2967 -2420 312 585 39 39 -1054 -5153 -14443 -19908 -19908 -14990 -6792 -1054 2498 859 -508 -2147 -2147 -2147 -234 -5426 -8159 -7612 -9252
-6246 -7339 -7066 -6246 -5153 -2967 -1874 -1054 -781 859 312 -1327 -2147 -1054 -2967 -13350 -18815 -19362 -13897 -6519 -1327 -234 585 -1601 -2420 -1327 -2967 -2147 -6792 -10345 -8432 -10891
-8705 -6519 -6792 -6519 -4333 -2967 -1874 1678 859 859 585 -781 -2147 -508 -1601 -8432 -13624 -13897 -9252 312 1952 3318 5231 312 -2147 -2420 -3513 -4060 -4880 -9252 -10891 -11164
-8978 -6792 -7339 -6792 -4333 -3513 -3513 312 859 -508 585 -508 -1327 -1874 -2147 -234 -3240 -4333 -508 6597 13701 18620 12335 -1601 -5426 -4060 -5153 -6246 -5153 -5426 -7885 -8705
-8705 -6792 -8432 -6519 -4333 -3240 -4333 -1601 39 -1327 585 312 -781 -3787 -3513 3591 3045 2771 7417 11242 20806 24085 12882 -2147 -5426 -5426 -6792 -7885 -6792 -7339 -8978 -9798
-8705 -6519 -8978 -5699 -3513 -3240 -4606 -2967 -508 -508 39 312 -1327 -4606 -1327 4411 8783 5231 14248 21079 21626 18893 9056 -2967 -4333 -5426 -7885 -8432 -7339 -12257 -14990 -13350
-7885 -6792 -9252 -5153 -4333 -5426 -5699 -3513 312 312 -2147 -2147 -3240 585 3591 1952 8236 8510 19713 16434 8510 7963 3864 -3787 -4606 -4880 -6792 -7612 -8432 -12531 -13350 -11984
-7885 -6792 -6519 -4333 -2694 -4880 -3240 859 4138 6324 4138 1678 2498 11242 8236 2225 2771 8236 11515 2771 1678 6324 4684 1132 -508 -4606 -5973 -7066 -9252 -10345 -11711 -11164
-5973 -781 1952 1952 5504 5504 6870 7690 12062 17800 16434 8783 12335 14248 6324 585 585 -2147 -2967 2771 7417 9876 7143 39 -2420 -2420 -3787 -6246 -9252 -12257 -12804 -13350
-6871 -15559 -2527 1817 1546 2632 1274 1546 731 2089 1003 1817 1817 1274 2089 -626 -1169 -898 1546 3175 -1712 -4970 -20174 -20988 -5785 -898 -4699 -5513 -3613 -2798 -2255 -2798
-7957 -2798 -83 731 2360 1274 1003 2903 1817 1274 2360 2360 2632 731 731 -355 1003 3175 2089 1546 188 -5242 -22074 -18545 -10400 -11486 -6056 -898 -1712 -1441 -1169 -1984
-1169 -355 731 1817 1003 1817 2632 2632 1817 1546 2903 1274 -626 -898 731 2089 2360 1546 188 -83 731 -9043 -23975 -18002 -18002 -16645 -3070 1274 -355 -1169 -1441 -1169
2632 460 188 1003 188 1003 1274 1546 3175 3718 2903 731 -1169 1546 3718 4532 2360 2632 1274 -83 1546 -10400 -25061 -18273 -18816 -16645 -5513 -626 -2527 -2255 -1984 -1712
1003 1546 1003 1003 188 460 1274 2903 3446 3718 3175 2360 3446 2360 3446 4261 1003 1546 2903 2360 2903 -12029 -25061 -18545 -19631 -18002 -11758 -6056 -3884 -1169 -2798 -1984
-83 2903 3175 1546 2903 3718 2903 4261 3718 2903 4804 2360 2903 1274 731 2360 1274 1274 2089 2089 4261 -13115 -24246 -18273 -19902 -18545 -14744 -6599 -898 -1169 -3341 1817
2360 3446 2089 2360 1546 1274 3175 3989 3175 2903 3446 1546 3446 4532 2089 188 2089 1003 2903 1274 5618 -11486 -24518 -18545 -19088 -19359 -16373 -12844 -4427 1003 -1441 7247
4261 3175 1817 731 460 2089 4532 3446 2360 5618 4261 3989 3989 731 -3070 -355 1274 1546 5618 5890 5075 -10672 -23703 -18545 -18816 -20174 -17731 -16645 -6599 3989 -1984 14034
3175 3718 188 -3070 460 3989 2632 731 4261 7247 2903 9962 7519 1817 2632 1546 1546 4261 5890 5075 3446 -9857 -22889 -19088 -19359 -20174 -18816 -18002 -5513 2089 5347 19193
2632 3175 1274 731 1274 2089 1817 5618 4532 4804 5618 12948 16206 4532 5347 4261 3718 1003 2903 2903 3175 -9043 -22617 -19359 -18545 -19631 -19088 -17731 -13115 1274 15120 14034
2632 2089 731 3446 2632 1003 3446 6704 3175 3175 5347 8876 14849 5618 5075 4532 3175 2360 3175 4532 3989 -4970 -20988 -19631 -18002 -19359 -19359 -18816 -15016 11319 14034 2089
2089 731 2360 5618 2632 1003 731 1817 3989 -1441 7790 8061 2089 2360 3718 4261 4532 3175 4532 5618 3718 -355 -18002 -19631 -18002 -19902 -19902 -20717 -11486 16478 1546 -83
188 -1169 1546 1003 -83 731 -83 1274 4532 -7414 3989 10776 -2255 1003 5347 6704 4261 1546 3718 3989 5075 460 -17731 -18816 -18002 -20717 -20445 -21531 -3613 10233 -12029 1003
1274 460 2089 3989 4532 3446 3989 3989 4261 -11215 -1169 6704 -7957 2360 5618 6161 5075 5618 3718 3175 5347 -626 -18273 -17188 -21531 -22074 -21260 -18816 5075 -1712 -18273 1817
-2527 -1169 731 4261 2632 3989 5347 5075 4532 -11758 -10943 -9857 -20174 -4156 3718 1817 2089 4532 3175 1003 3446 -626 -17459 -18545 -24246 -21803 -22889 -9586 5347 -15287 -18545 1817
188 3175 3989 2632 2089 2903 2360 3989 4804 -13658 -14201 -16373 -25875 -12844 3175 3989 2632 -1984 2089 1003 -1169 -2255 -17731 -20445 -22074 -19902 -23160 -12301 -9043 -23703 -22074 2632
2360 3989 4261 1546 1817 1817 4804 6161 4532 -13658 -19359 -20174 -23975 -19088 -3613 1817 6976 4804 2089 1274 1546 188 -16373 -16102 -13115 -21803 -19359 -18002 -24789 -25604 -22074 3718
-83 1003 460 731 3989 3175 2360 3446 4804 -15830 -24518 -24518 -22617 -18816 -12301 -898 3989 5890 1003 1274 -355 -5513 -10400 -10943 -7142 -15016 -17188 -5513 -21260 -25604 -20988 4261
1003 3175 4532 4532 4532 2632 1274 -626 731 -17459 -25604 -25875 -23703 -15830 -16373 -3341 8061 5618 -1712 -1712 -5242 -8771 -9043 -10129 -14473 -19631 -16916 2903 -12029 -24789 -19902 5075
731 2089 4261 5347 2360 1003 3446 3446 1003 -17188 -26147 -26961 -24246 -16102 -16373 -9857 460 1003 -1984 -4699 -2798 -3613 -10672 -9857 -14744 -20988 -13387 5618 -5513 -26147 -18545 6704
-1169 1817 3446 3718 2089 2632 4532 3175 -355 -17459 -25332 -27233 -23703 -17731 -16645 -12844 -13658 -7414 -2255 -7142 -10400 -8771 -15830 -19088 -20174 -22889 -12844 2632 -3341 -21260 -15287 6976
731 731 1003 2903 -83 731 4261 3446 -898 -17188 -25061 -26690 -22889 -19359 -18002 -16102 -15830 -11215 -10943 -14201 -13658 -10400 -16373 -21531 -23160 -24518 -13658 -4156 -8771 -14473 -5513 6161
-1169 460 -626 -898 -355 -1984 -1712 1003 -898 -19902 -26147 -26147 -23160 -20445 -18002 -16102 -18273 -19088 -20717 -20174 -9586 -10943 -21803 -22889 -22074 -24246 -16102 -9857 -8771 -4970 -626 4532
-3070 -2798 -1984 -83 -1984 -2255 -4970 -2527 -2798 -20717 -26147 -25604 -23703 -20174 -17188 -15016 -21260 -24789 -25875 -22346 -8228 -14201 -24789 -25604 -25875 -26147 -18816 -4699 -2527 -2798 -1712 2903
188 -3070 -5513 -5785 -7142 -355 -4427 -4427 -7957 -18545 -23703 -25061 -21531 -19359 -20445 -23160 -25061 -28319 -27504 -15559 -15559 -22889 -24789 -25604 -28590 -28047 -21803 -6056 3175 -1712 -1712 1817
-1712 -1441 -5513 -6328 -2255 -898 -3070 -898 -5513 -19902 -21260 -23975 -21803 -21260 -25875 -27776 -28319 -30762 -23975 7247 -3341 -24518 -28862 -28047 -28590 -29133 -26961 -11758 -3341 -4699 -1441 1003
-6056 -2798 -3613 -1169 -355 -3884 -3070 4261 -5513 -24246 -23432 -24246 -20988 -23432 -26690 -28047 -29133 -30762 -28047 -7414 8333 -4427 -15559 -18816 -22889 -22074 -16645 -8500 -83 -626 -1984 1546
-7142 -9314 -5513 -3884 -1712 -2798 -2798 -626 -7142 -24246 -27233 -26418 -22617 -23975 -28047 -29405 -29405 -29948 -30219 -26961 -11486 3718 10505 8876 4532 -3884 -6328 -1984 -4427 -4156 -2255 2632
-4699 -9586 -8771 -8228 -2798 188 -3884 -3613 -1712 -19088 -27776 -28047 -26418 -26147 -29133 -29676 -29676 -30219 -29676 -29948 -24789 -3341 3446 7247 12405 9419 5347 11048 5075 2903 1546 4261
-5242 -4970 -4427 -5242 -1441 2360 -1441 -83 2089 -11486 -25875 -29676 -28047 -27233 -29676 -29133 -27776 -28590 -29948 -30762 -17459 3446 2360 731 2632 14034 19736 20007 20822 19464 17021 14306
-4970 -4427 -3341 -1441 -355 1003 -2255 -4427 -4970 -2527 -18545 -29676 -29133 -28319 -28862 -29405 -28319 -28590 -29133 -17731 4261 9419 2089 -3613 -1712 4532 5075 7519 12405 17021 20550 20822
-9857 -1441 -83 1003 -4156 -7685 -7414 -7142 -3613 188 -6328 -20988 -26690 -29133 -25875 -23432 -23975 -20174 -9314 4804 9419 -355 -8771 -9857 -10943 -12572 -10943 -8771 -5242 -355 6433 9419
-5498 -8803 10753 15986 14334 14609 15986 18465 18465 19567 19292 19016 18741 18465 19843 15711 9927 7999 10753 15436 12406 7723 -14863 -17618 4418 12406 6897 10478 13783 14058 13783 12957
-816 9100 14334 15986 18465 18465 18465 19843 19567 19016 20394 20118 20118 19016 17915 12130 10753 15711 15986 15711 15160 5795 -19270 -14863 -4121 -3019 6346 14058 14334 14334 14058 13507
12957 16262 18465 19016 18465 19567 19843 19843 19567 19016 20394 19016 18190 17639 17088 14885 15986 16262 14058 12957 14334 -265 -21198 -14863 -14312 -12384 9100 16537 15160 14885 14609 14609
19567 18190 18465 19016 18190 19292 19567 19567 20669 21220 20944 19016 16813 17088 17088 15436 15986 15986 14058 12130 14058 -2744 -22851 -15414 -15414 -13211 4969 15711 14058 14334 14609 14058
19016 19567 18741 18190 18190 18741 19843 20944 21220 20944 21220 20669 19567 16537 15436 15160 14609 15711 16262 14609 14885 -4947 -23126 -15414 -16791 -15414 -5774 8274 12957 15160 14609 14058
19016 19843 19292 18190 19567 20944 20669 21771 21220 20394 21771 19567 19843 18465 16813 17088 16262 14609 14334 15160 17088 -5774 -22300 -15139 -17342 -15414 -11282 4693 15160 14609 13783 15436
19292 19016 18741 18465 17915 19567 20669 21220 20669 20669 20944 19567 21220 21495 19016 17915 18741 15986 15436 14334 19292 -3570 -22025 -14863 -15965 -15690 -13486 -7151 8825 15436 12957 19292
19567 18741 19016 17364 17639 19567 21495 19843 19843 23148 20669 18465 22046 19567 14885 17364 18741 19292 20669 19843 19843 -2744 -22300 -15414 -15139 -16240 -15139 -13761 4142 19292 14058 24801
20118 20394 17088 14334 18465 20944 20118 18465 20944 20944 3316 -265 7999 19843 20394 19292 18465 20118 20669 20669 19843 -816 -21198 -15139 -14863 -16516 -15965 -14863 2765 18465 20669 29759
20118 20118 17915 16813 19292 20394 19292 21220 21220 10753 -10456 -9354 2765 18190 23148 21495 21220 19292 19016 18741 19843 562 -21749 -15690 -14037 -16240 -15690 -15414 -8528 13507 24525 23974
19016 18741 15711 17639 18741 17639 19016 20669 19843 4418 -12660 -11282 2214 18741 23423 22322 21220 19292 18190 19292 19567 5244 -19821 -16791 -13761 -16240 -15690 -16240 -11558 20394 21220 12957
18190 17364 16537 17364 17088 15711 16537 18190 20118 -1366 -14037 -11282 -2744 15436 21220 21220 21771 20394 20118 20669 19016 11028 -14863 -17618 -13211 -15690 -15690 -17893 -7151 25627 10202 11579
17364 15711 16537 13232 13232 14609 15160 19016 20394 -2744 -15414 -12109 -6875 13232 22597 23148 21495 19016 20669 20669 20394 13232 -14588 -16516 -8528 -15414 -16791 -18444 3316 20118 -1366 13232
19016 16813 18190 18190 18741 18741 19567 20394 21220 -3845 -16791 -15690 -9354 17639 23974 23423 22046 20944 20394 20669 21220 12957 -16791 -15414 -9354 -17893 -18995 -15690 13507 8825 -7426 13507
15711 15711 17088 19016 18465 19843 21495 21220 20669 -5223 -19546 -20372 -19270 9927 21220 18741 19292 20118 19567 19292 21220 12130 -18169 -18719 -16791 -18444 -20923 -5498 15160 -4121 -8528 13507
16262 19292 17639 15436 17088 18741 19016 20669 21771 -6600 -20648 -21474 -25055 -6324 20118 22322 20118 14334 18465 18465 17364 11028 -16516 -18444 -19546 -15965 -18444 -6875 1113 -14312 -15139 13232
17915 19016 18465 16813 18465 20118 21495 21771 20944 -7977 -23402 -23402 -22300 -16791 9376 20944 22597 20394 19292 17915 18465 10478 -14312 -12384 -11282 -15690 -17067 -11282 -15139 -17067 -14863 14058
16813 16262 15436 16262 20118 19843 20118 20669 20669 -11282 -25881 -23953 -21749 -20648 -6600 15436 19016 19567 14885 14885 10478 -4672 -15690 -13486 -7151 -16791 -18169 -4396 -11282 -16240 -13761 14885
18190 19016 19292 20118 20118 17915 19567 16813 17364 -12384 -25605 -25055 -23126 -19546 -15139 4693 15986 9100 -540 -2468 -11833 -20097 -20923 -21749 -23126 -26707 -20372 -3019 -7151 -15414 -13211 15711
18465 18741 19567 20669 17915 17088 20944 19567 16537 -13211 -25881 -25881 -23677 -19546 -15965 -8528 -1366 -2193 -7977 -11558 -14863 -19821 -21749 -23953 -26156 -27258 -18995 -3019 -8528 -20097 -11833 17088
16262 18190 19292 18190 18465 20118 20669 19292 15436 -13211 -24779 -25605 -23677 -20097 -16240 -11282 -12384 -8803 -7151 -11282 -15139 -15414 -18169 -22576 -26156 -27258 -17342 -5223 -9354 -20648 -8528 17639
16262 16262 17088 17639 16262 19016 19567 19292 14885 -12660 -24228 -25330 -23126 -20648 -17618 -15139 -14863 -13486 -15414 -17893 -14312 -11833 -19270 -20923 -22576 -26983 -18995 -9630 -12660 -11282 4693 17088
15160 17088 15986 15160 15711 15711 14885 17088 13507 -16240 -25605 -25055 -23677 -20648 -17618 -15965 -18169 -22025 -23677 -22300 -10181 -10732 -22300 -21749 -19821 -22300 -19270 -9354 -816 8825 12957 15711
13507 14058 14609 15711 13783 14334 12130 13783 10753 -18169 -25330 -24228 -22576 -19821 -17067 -15139 -21198 -26983 -27809 -22851 -8253 -13761 -23126 -23402 -25055 -24504 -15139 7172 12681 13783 11304 14609
15711 12130 9927 8825 6621 13783 11304 13507 4969 -17342 -22851 -23953 -20097 -18719 -19821 -22576 -25330 -29186 -28360 -16791 -15139 -21474 -23126 -23402 -28360 -28084 -17893 5520 18190 12957 10478 12957
15986 13783 7172 4969 10478 13783 12130 16537 4969 -18719 -20097 -23402 -19821 -19546 -24779 -26707 -28635 -31114 -26432 -816 -9905 -25055 -27809 -26983 -28635 -28911 -26707 -3295 11304 9651 10753 12406
10753 13507 9100 11579 15711 13232 12681 20394 4969 -22576 -22300 -23126 -19270 -21474 -25330 -27258 -29186 -30563 -28084 -14037 -3570 -11282 -19270 -20923 -23126 -18995 -12109 3041 14058 13232 9927 12681
8274 7723 9651 12406 14334 12957 11028 14334 4418 -22025 -26432 -25605 -21749 -22851 -26707 -28635 -28635 -29737 -29462 -27534 -18719 -6600 286 -265 -1366 -540 2765 12406 12130 10753 9651 13783
9927 5795 6897 7723 11304 14609 9927 10753 10753 -14037 -26983 -26983 -25330 -25055 -28084 -28635 -28635 -29186 -29186 -29737 -26707 -11007 -6324 -3570 1939 11 2490 14058 7723 7448 8825 14609
7723 8274 9651 9376 13507 17915 14058 15160 17088 -540 -23953 -28635 -26983 -26432 -28911 -28084 -26432 -26707 -28911 -30563 -20648 -5223 -6875 -8803 -6875 -1642 6346 6346 1113 2214 4142 13232
9100 8274 10202 11304 15160 15711 13783 12406 10202 11579 -12660 -29186 -28084 -27258 -27809 -28084 -26983 -27258 -29462 -20923 -4396 -816 -6600 -11833 -11007 -7426 -6600 -5223 -3295 562 5244 9927
4693 10202 7448 7448 5795 3316 5795 7999 10478 15160 6621 -14863 -23402 -27258 -25055 -24779 -25330 -22851 -14863 -4396 -1366 -9905 -15414 -16240 -16791 -15414 -14863 -14588 -12660 -8803 -2468 -540
-10891 -13350 -1327 3045 3591 5504 2498 1952 1678 3591 39 1952 2498 2771 3864 -234 -234 859 2771 5231 312 -2420 -13350 -12257 -1601 312 -2967 -5426 -5699 -4060 -2147 -1601
-9525 -3787 -234 1678 3318 2771 1678 3864 2225 1678 1678 1952 2498 39 585 1678 3045 4684 3591 3591 585 -2967 -14170 -8159 -4060 -7339 -4606 -508 -1874 -1054 39 312
-1601 -508 -781 1678 859 1405 3045 3864 1132 859 3045 1132 -781 -2694 1132 3591 3318 2225 312 -234 39 -6246 -15810 -8705 -8432 -8432 39 1678 -234 312 -234 312
1405 -781 -1601 -781 -1054 312 39 859 3591 4684 3045 312 -1327 1952 5231 6050 2771 3045 1678 -508 859 -7612 -17722 -9525 -8978 -7885 -1054 -234 -2967 -2147 -1601 312
-781 1132 312 -781 -1601 -1327 39 2225 3591 4411 3318 2498 4138 1952 4684 6050 1132 1952 3318 3045 3591 -9252 -17996 -9525 -10071 -8432 -4060 -4333 -5153 -1054 -2694 -1054
-4060 3318 3045 859 1952 2771 1132 4684 4138 3591 6324 3591 3591 -508 1132 3045 2771 3591 3864 2771 6050 -9525 -17449 -9252 -10345 -8159 -4880 -4333 -1601 -508 -2694 5231
3045 4684 1132 2225 859 -781 2498 5231 3591 2498 2771 1952 4411 6050 3045 1405 5777 1952 6324 3318 8236 -7339 -17722 -8432 -8159 -8705 -6246 -4880 859 6324 1405 16707
4957 3318 -508 312 -234 -234 4138 3045 2498 5231 4138 4684 3045 -234 -3240 859 1132 1952 6597 7963 8510 -6519 -16903 -8705 -7339 -9252 -7339 -6519 312 8783 859 24085
2225 3045 -781 -5426 -1874 3864 1952 39 5231 7690 312 3864 585 -1327 2771 859 -234 5777 9603 8510 6324 -5153 -17176 -9525 -7612 -9525 -8432 -7612 1678 2225 6597 32767
859 2225 312 -781 -1327 585 39 7690 4411 2771 -7885 -4060 3318 3045 6870 1952 859 -234 4957 4411 4411 -6519 -17449 -9798 -7339 -9252 -8159 -6792 -4060 4411 21352 32767
1405 1678 -781 3045 3864 1132 4684 10422 3045 -508 -8705 -5699 6597 4411 4138 1952 1405 1678 3591 5777 4957 -3240 -16629 -10891 -6792 -9525 -7885 -7885 -5153 19440 30370 30097
2498 312 1678 6870 4957 1952 2225 2225 4411 -4060 -8159 -4880 3045 4138 1132 1952 3591 1678 3045 5231 3864 1952 -13897 -11711 -6246 -8978 -8432 -9525 1132 29823 25178 29550
-1327 -2967 1405 2771 859 -781 -1874 -1327 3318 -5426 -9798 -7066 -4333 2771 3045 4411 1952 -781 859 2225 6050 2771 -13624 -10891 -2694 -8432 -9525 -10618 10696 30916 18893 30643
-1054 -1874 1678 4957 4411 2771 3864 2225 2498 -7066 -10618 -10618 -10618 39 2498 4411 3045 4684 1678 2225 5504 39 -15536 -10618 -4333 -10345 -11711 -8159 21899 27091 14794 31736
-4880 -3240 39 4138 2498 5231 4684 1952 3045 -8432 -15263 -17176 -16903 -4606 2225 -1327 312 5231 2225 -1874 2225 -781 -15810 -13350 -10891 -10891 -13350 2225 28730 18073 12608 32556
-781 3864 5231 3591 1952 2225 -2147 1132 1952 -10071 -16903 -18542 -19635 -7612 3864 859 39 -5426 859 -781 -2420 39 -12257 -13350 -14443 -8159 -8978 5231 20259 8236 5504 31736
312 4411 3591 859 -508 -2967 2771 4684 2225 -8978 -19089 -19089 -16629 -11711 -3240 -1327 7417 4684 -508 -1601 -2420 1952 -8978 -7339 -4333 -8705 -7612 7417 6050 3864 5504 32009
-1601 1952 -781 -1874 3864 1952 -781 2498 5504 -11438 -21275 -19089 -16903 -15536 -8432 -2147 4957 8236 312 -234 -1874 -4880 -9252 -8159 -781 -10618 -9525 8510 11515 5777 5231 31190
-508 2225 4411 2771 4957 2771 -2694 -4060 -1327 -13077 -20728 -20728 -19089 -15810 -8978 39 7417 4138 -4880 -3240 -7885 -14990 -16629 -17449 -17996 -21275 -12804 1405 9876 8236 5777 31736
-2694 312 3864 5231 1952 -1054 859 859 -1874 -14170 -20728 -21548 -19089 -15263 -7885 -1601 4138 3591 -2694 -5973 -10345 -15810 -17449 -21001 -21821 -22094 -14990 -2420 -1054 -781 6870 32767
-3787 1405 3318 3864 1952 312 3045 1132 -2694 -13897 -19362 -21275 -18542 -14170 -7885 -3240 -5699 -1601 -1054 -5426 -9798 -10345 -11711 -15536 -21001 -22914 -13624 -4060 -7339 -9798 7143 32767
1678 2498 1678 5504 -234 -2967 3864 4411 -234 -11711 -19089 -21001 -18815 -14170 -9798 -8432 -9252 -7885 -10345 -13350 -9252 -6792 -14170 -13077 -11711 -19635 -15536 -7066 -11711 -13897 13428 32767
-1874 312 -1874 39 -234 -4333 -1327 1405 585 -15263 -21001 -21275 -18815 -14443 -9252 -8159 -11984 -16356 -19362 -17996 -4606 -5426 -17176 -14717 -8978 -12257 -16356 -12804 -10891 -6246 16434 32767
-4880 -5699 -2420 312 -1601 -3513 -5426 -2694 39 -16356 -21548 -20182 -16356 -12257 -7612 -4880 -14990 -23187 -24007 -18542 -2147 -7339 -14990 -14717 -18542 -15810 -10345 -2967 -3787 -2967 17254 32767
39 -2967 -7066 -8705 -9252 -1327 -4880 -7885 -8159 -14443 -19089 -18815 -13077 -11711 -13077 -16083 -20728 -26466 -25373 -12531 -10345 -15263 -14170 -14443 -23734 -21821 -8705 1132 7143 1952 18893 32556
-3787 -2694 -8978 -8159 -3240 -3513 -4880 -2420 -2967 -14443 -15263 -18542 -14443 -13624 -19362 -22641 -24827 -28106 -23461 859 -7612 -20455 -21821 -19089 -24554 -24007 -18269 -5699 -2967 -781 22172 30643
-7612 -3513 -6246 -2420 -2967 -8705 -6246 5777 -2420 -19089 -19089 -19089 -14170 -16083 -20728 -23461 -25647 -27286 -25100 -12804 -3240 -10618 -17176 -16629 -17996 -16356 -10345 -4880 2225 5777 24358 30097
-8159 -10618 -6519 -4880 -508 -2694 -1601 1405 -6519 -21001 -23734 -22368 -17176 -17996 -22641 -24827 -25920 -27013 -26466 -24827 -19635 -9252 -1054 312 585 -1327 -1601 1678 -1601 4957 25998 30370
-4060 -9252 -8705 -8432 -234 2771 -2694 -1874 1678 -16629 -24554 -25100 -22641 -21548 -24554 -25373 -26193 -27559 -27013 -27013 -25920 -14443 -10891 -6519 -234 -234 312 7143 -3787 6050 24358 30097
-4606 -3513 -2694 -5973 -1601 2771 -781 859 6870 -9798 -22914 -26740 -24554 -22914 -25647 -25100 -23461 -24554 -26740 -28106 -19089 -7066 -11438 -13624 -10345 -3787 4138 3591 -2420 1952 8783 19713
-5426 -4606 -1601 -2420 -1874 859 -3240 -5153 -3513 -1327 -15263 -26466 -25647 -24007 -24554 -25373 -23734 -24280 -26740 -19362 -3787 -2967 -11711 -17722 -16083 -11164 -10071 -8978 -6519 -1327 3591 8783
-10618 -1601 -2694 -2147 -5973 -7885 -6792 -5973 -3513 -234 -5699 -17449 -23187 -25647 -24007 -23734 -23461 -20728 -13897 -5153 -3240 -13624 -21548 -21548 -21001 -20182 -19908 -19635 -17176 -12531 -5426 -3787
28424 27609 27338 26523 25980 25166 24351 24080 24080 24080 23808 23537 23808 23808 23537 23537 24623 24894 24894 24623 23265 23537 24623 24894 25980 25437 24623 24080 23808 22451 21365 21365
29510 28424 28152 27609 26795 25437 24623 24623 24351 24351 23808 23537 23537 23537 23265 22994 24080 24894 24894 24894 22994 22994 23808 23537 23537 22994 22451 22451 22451 21908 21093 21093
28152 28152 28424 27881 26795 25437 24623 24351 24894 24623 24623 24623 24623 24623 24894 24080 24623 25437 25437 25166 23537 22722 22451 21908 21636 21093 20550 21093 21636 21908 21365 21365
26795 26252 26523 26523 26252 24894 24080 23808 24351 24351 24351 24623 24894 24894 24894 24351 24080 24894 25166 24623 23808 22451 21093 20007 19464 19464 19464 19736 20550 21365 21093 20822
26252 25437 24894 24894 25166 24351 23808 23265 23265 23265 22994 23265 24623 25437 24894 24080 24351 24351 23537 22722 22451 21365 20007 18921 18378 18650 18921 19464 20279 20822 20279 20279
25980 25437 25980 25166 24080 23537 24080 24080 23265 23808 23537 21636 21093 20007 21636 22994 17835 20007 22722 22722 22451 21365 20550 20007 19736 20007 19464 19464 20279 20822 20279 20822
25709 25437 26252 25980 25166 24080 23808 24351 24623 19464 10233 460 8604 11319 4804 7247 -626 8061 12677 15663 19193 21636 21908 21908 21365 21365 20822 20822 21093 21365 21365 22722
24894 24894 25980 26523 26523 25980 25166 24623 25980 8604 -13115 -16645 3989 11591 -9314 -6599 -1169 8061 8333 7247 7790 12134 16206 18107 20279 20822 20279 20007 20550 22179 22451 24351
26795 25437 25709 25980 26252 26252 26252 25437 26523 6161 -16916 -17188 -5513 2632 -4427 -1169 1274 9690 9962 9419 8061 6704 7519 9147 12405 15120 15935 17292 18107 20550 21908 23808
27066 25709 25709 25437 25709 25709 26252 26252 26523 11048 -14201 -13930 -9586 -5785 -3341 5890 2360 9419 9962 9419 9147 9419 8876 7519 7519 7247 6976 15120 18107 19736 21093 23537
24623 24351 24894 25166 25437 25166 25166 24894 24623 24894 14306 7247 16206 20007 13220 14849 3446 8604 9419 9419 9419 9419 9419 9147 9147 8061 7519 15120 18650 19193 20550 23265
24623 23808 24080 24623 24894 24080 23808 22994 18378 21365 18107 12134 15120 18921 19193 16749 2360 8061 8876 9690 9690 9147 9147 9147 9147 8061 8604 16206 19193 19464 20279 21365
23808 23537 23808 23808 23265 23265 23265 18921 9690 13220 9690 8333 5890 6704 12948 11048 1274 9419 9419 9690 9690 9147 9147 9147 8876 8333 8876 16478 19464 20279 21093 21365
19464 13763 14849 18921 21365 21908 20279 12948 12405 14577 7519 3175 -5785 -5242 460 1546 188 10776 9690 8876 8876 8876 8876 8876 8876 8604 8876 15120 15392 17021 16749 16206
-83 -6328 -5513 -4970 3446 7247 7247 9147 15392 17835 8333 188 -11215 -8500 -3884 -2527 -1984 10505 9690 8333 8333 8604 8604 8604 8604 8333 8061 10505 7519 13220 11319 6704
-8228 -11215 -12572 -10672 -6056 2903 5347 6704 14577 18107 8876 188 -11215 -9586 -4699 -1169 -3070 8876 8876 8061 8333 8333 8333 8333 8333 8876 6976 -83 -1712 2632 2903 1274
-4427 -6871 -10129 4532 10233 17292 15392 11048 14306 15120 10233 4261 -3884 -2255 1546 -83 -1712 8333 7790 6976 7790 8061 8061 8061 8061 8604 5075 -3613 -5242 -3070 -4427 -2255
5890 3718 -626 12405 22722 25980 22994 18921 16206 12405 9690 7247 7519 8333 6161 -2527 -1712 8876 7790 6704 7247 7247 7519 7790 8061 8061 6161 6976 9147 5890 -898 -6599
-3341 -4699 1274 12405 18107 20279 14849 11862 8333 8876 9962 5618 6161 5890 -626 -8500 -5242 6976 6704 5890 5890 4804 3718 3175 1817 3175 -898 -5513 3718 8061 2360 -11758
-30219 -28862 -10943 -1984 -3070 6433 10505 11319 8333 8061 8333 3989 5890 5618 2903 -12572 -13115 -3070 -3613 -7957 -10129 -13387 -17188 -18816 -21803 -11215 -10129 -12844 -898 6976 -3070 -19902
-28319 -27233 -16102 -3884 -6056 2632 9419 3989 10505 -1169 -19088 -16645 1546 3989 1274 -19088 -25332 -18002 -19088 -28590 -29948 -31034 -30491 -27776 -30219 -22074 -16916 -15016 -9586 -8228 -18002 -19359
-19902 -18273 -8500 9962 10233 8876 9690 5075 5618 -18273 -29133 -26690 -13930 -10400 -14473 -20445 -21260 -26961 -28862 -31848 -31577 -31034 -29948 -21803 -23703 -23703 -22889 -23432 -22889 -19631 -18816 -15016
-4427 -4970 -2798 9419 16478 11319 -83 -1169 -5785 -23975 -10672 -18545 -21803 -23703 -26418 -21531 -18545 -27504 -31848 -29405 -26418 -28590 -30219 -19631 -22074 -15830 -12301 -12301 -11486 -10129 -7142 -4156
-1984 -3341 -4427 -2255 3175 188 -3613 -3070 -7685 -19088 -2255 -14201 -20717 -18545 -19902 -18816 -18816 -22617 -25875 -25332 -23703 -26147 -28319 -23975 -21260 -14201 -7685 -4427 -3070 -2255 -2527 -1712
-1712 -1169 -3341 -2798 -2527 -19631 -16916 -10400 -19088 -19902 -5242 -13658 -20445 -18002 -19359 -18545 -18545 -18816 -16916 -16373 -15830 -15830 -16102 -14201 -12301 -10672 -11215 -10672 -8228 -6328 -4156 -2527
-355 -898 -3070 -6056 -14473 -25875 -23703 -18002 -22074 -25604 -11215 -17188 -23160 -20174 -19088 -14744 -12029 -10943 -9314 -8500 -7957 -6871 -6328 -6056 -7142 -7685 -11215 -12029 -9314 -7414 -5785 -5513
-898 -1984 -2527 -3884 -6599 -9043 -12572 -15287 -16373 -22346 -23703 -20445 -16102 -13930 -11215 -7685 -5513 -4156 -3884 -3070 -3613 -4699 -4427 -3341 -4156 -4427 -6056 -6056 -4970 -4427 -5513 -6599
1546 1546 188 -1441 -898 -898 -1441 -2527 -3613 -5785 -6871 -4699 -3341 -3070 -2527 -2527 -1169 -898 -626 -355 -1441 -2255 -1712 -898 188 1003 1817 1817 731 -626 -3341 -3884
1817 2632 2903 2089 1546 731 -83 -83 1274 1817 2632 1817 1817 2089 1817 1817 2360 2089 1274 1274 1003 1546 1546 1274 2632 3718 3989 3446 2903 1546 188 -898
188 1003 3446 4804 5075 3989 2903 2089 2089 2360 2360 731 -355 -355 460 1003 2903 2089 -1984 -2527 -1712 188 -355 1546 3446 2632 1817 2632 2089 460 -355 -1712
-898 -83 731 1546 2903 3718 5075 5075 3989 3175 2903 1546 188 -1169 -898 188 2089 1546 -1712 -3884 -3884 -3070 -1441 1003 460 -1169 -83 2360 1546 -898 -3070 -4156
-1712 -898 -83 1003 1817 2632 3175 3175 3718 4532 5075 5075 4261 2903 1817 1817 1817 2632 1546 1546 2089 1003 2089 1003 -626 -898 -1712 -2255 -1712 -1984 -2255 -3341
28381 27555 27280 26453 26178 25627 25076 24801 24801 24801 24525 23974 24250 24525 24250 24250 25352 25627 26178 26178 25076 25352 25627 25627 26453 26729 25902 25627 25352 24801 24801 24801
29483 28381 28381 27555 26729 25902 25352 25352 25076 25076 24525 23974 24250 24250 23974 23699 24801 25627 25902 26729 25076 25076 25352 25076 25076 24801 24525 24250 24525 24525 24525 24525
28106 28106 28381 27831 26729 25627 25352 25076 25627 25352 25352 25352 25352 25352 25627 24801 25352 26178 26453 26729 25627 25076 24801 24525 24250 23699 23423 23699 24525 24801 24801 25076
26729 26178 26453 26453 26178 25352 24801 24525 25076 25076 25076 25076 25352 25627 25627 25076 24801 25627 26178 26453 25627 24525 23699 23148 23148 22873 22873 23148 23974 24525 24250 24525
26178 25352 24801 24801 25076 24525 24525 23974 23974 23699 23423 23699 25352 26178 25352 24525 24801 25076 24525 24250 24250 23699 23148 22597 22322 22322 22597 23148 23699 23699 23148 23423
26178 25627 26178 25352 24525 23974 24525 24525 23974 23423 23148 22046 21771 20669 22046 23148 18190 20394 23423 23699 23974 24250 23974 23974 23699 23148 23148 23423 23148 22873 22597 23148
25627 25352 26178 26453 25627 24525 24250 25076 25352 18741 9100 11 9376 12406 5520 7999 -265 8549 13232 16262 20944 24801 25352 25902 25352 24801 25076 25627 25076 23974 23974 25352
24801 24525 25627 26453 26453 25902 25076 24801 26453 7723 -15139 -18169 3867 11855 -9079 -6324 -816 8549 8825 8274 9376 14334 19016 21495 23974 24801 25076 25627 25627 25627 25627 27280
26453 25076 25352 25627 26178 26178 26178 25627 26729 4693 -19821 -19546 -7151 1388 -5223 -1642 1388 10202 10753 10478 9376 8274 9651 11855 15436 18190 20669 23148 23148 24525 25352 26729
26178 24801 24525 24801 25352 25352 25627 25902 26729 8825 -17893 -17893 -13211 -9079 -5774 4418 1939 9651 10753 10478 10202 9927 10202 9651 9651 9100 10478 20118 22873 23974 24801 26729
23148 23148 24250 24525 25076 25076 25352 25352 24525 22873 10753 3592 12681 17088 10753 13507 3316 9651 10753 10478 9927 9927 10202 10202 10478 9651 10478 19567 22873 23423 24250 25902
23148 22873 23974 24525 24801 25076 25902 24250 16813 18741 14609 8825 13507 17088 17364 15986 2765 9927 11028 10753 10202 9651 9651 9651 9927 9927 11304 19843 23423 23699 23699 23974
23423 23423 23974 23974 23699 24250 25076 19292 6346 9651 6346 6070 5520 6070 11855 11579 562 8825 10202 10478 9927 9651 9651 9651 9651 9651 11028 19843 23699 24250 24250 24525
19843 14058 14609 18741 20944 21495 20669 13232 10478 12957 6897 4418 -4672 -4947 286 2490 -1366 8274 9651 9927 9651 9376 9376 9376 9376 9376 10478 17915 19292 20118 19292 19843
11 -6600 -6875 -6875 1113 4969 6621 9927 16262 19016 10478 3867 -9079 -7702 -3845 -1642 -3570 7999 9651 9100 9100 9100 9100 9100 9100 8825 9100 12681 10753 15711 13232 9376
-8528 -12384 -15139 -14312 -10456 -1091 3867 7172 15436 18741 9376 2214 -9354 -9079 -5223 -816 -4396 7448 9651 9100 8825 8825 8825 8825 8825 8825 7448 1388 562 4418 4142 2765
-5223 -8253 -14037 286 6621 14058 14334 11855 14334 14885 9651 4693 -3019 -1642 1663 -540 -3845 7172 9376 9100 8549 8549 8549 8825 8549 8549 5244 -1917 -2468 -540 -3019 -1642
5795 3316 -4947 8549 20944 23974 22597 20118 16813 12957 10202 7172 7999 9376 7448 -2744 -4672 6897 9376 8825 8549 7999 8274 8549 8549 7723 6346 8549 12406 9651 1113 -6600
-3019 -4947 -1917 9651 16537 18465 14334 12957 8825 9376 10478 5795 7172 7723 1113 -7977 -7702 4418 7448 7172 6621 5520 4418 3867 2490 2765 -540 -4121 6621 10753 3867 -11558
-30288 -29737 -13761 -4121 -3845 4969 9927 12130 8825 8549 8549 4418 6897 7448 4969 -12109 -15690 -5774 -4121 -7702 -9905 -12935 -16791 -18444 -21749 -11833 -10181 -11833 837 8274 -2468 -19546
-30013 -29462 -19270 -6049 -7426 837 8825 4693 11028 -816 -19270 -16791 1939 4969 2490 -19546 -27534 -20097 -20097 -28360 -29462 -30839 -30288 -27534 -30013 -22576 -16791 -14312 -8528 -8253 -18169 -18719
-23677 -21749 -11558 7172 6897 6070 8825 6070 5795 -18169 -29462 -27258 -14588 -10456 -14863 -22025 -22851 -27809 -29462 -31665 -31114 -31114 -29737 -21474 -23677 -24228 -23126 -23677 -22851 -20923 -19270 -14312
-8528 -8803 -6324 5795 12681 8549 -1366 -1917 -7151 -24779 -11007 -19270 -22576 -24504 -27534 -23402 -19821 -28084 -32767 -30013 -26432 -28911 -30839 -20097 -22576 -17067 -13486 -13211 -12384 -11282 -7977 -4121
-6600 -7977 -9079 -6324 -265 -3019 -5774 -4672 -10181 -20097 -2193 -14863 -21474 -19821 -21474 -20923 -20372 -23402 -26983 -26707 -24779 -26983 -29462 -25055 -22300 -15690 -9354 -6049 -4672 -3570 -3295 -2193
-6600 -6049 -8528 -7151 -6324 -23126 -19546 -12660 -21474 -20923 -4947 -14037 -22300 -20097 -21749 -21198 -20372 -20097 -18169 -17618 -16791 -16791 -17067 -15414 -13486 -12384 -12935 -12660 -9905 -7702 -5223 -3295
-5498 -5498 -7702 -10181 -18444 -29737 -26983 -20923 -24779 -26707 -11282 -18169 -26432 -23677 -22300 -18169 -14312 -12109 -10456 -9905 -9354 -8253 -7702 -7702 -8528 -9354 -13211 -14037 -11282 -8803 -7151 -6324
-5223 -6049 -6600 -7702 -10181 -12660 -15965 -18995 -19821 -24228 -24779 -22300 -19546 -17893 -14588 -10732 -7426 -5498 -4947 -4121 -4672 -6324 -6049 -5223 -6049 -6324 -7702 -7977 -6875 -5774 -6875 -7702
-1917 -1366 -2744 -4396 -4396 -4121 -4947 -6324 -7702 -8803 -9079 -7151 -6600 -6324 -5223 -4396 -3019 -2744 -2193 -1642 -3019 -4396 -3845 -3019 -1917 -816 11 11 -1091 -2193 -4947 -4947
-540 562 1113 -540 -1917 -2468 -3295 -3845 -3019 -1917 -816 -1366 -1642 -1642 -1366 -1366 -816 -816 -1366 -816 -1366 -1091 -1091 -1366 11 1388 1663 1113 562 -265 -1091 -2193
-1917 -816 1663 2490 1663 837 11 -1091 -1917 -1366 -1366 -3019 -4121 -4121 -3295 -2744 -540 -1366 -4947 -4947 -4121 -2468 -3019 -1091 837 286 -816 11 -265 -1366 -1642 -3019
-3295 -2193 -1366 -816 11 1113 2490 2214 837 11 -265 -2193 -3570 -4947 -4672 -3295 -1366 -1917 -4396 -6049 -6324 -5498 -3570 -1091 -1642 -3570 -2468 286 -816 -2468 -4396 -5498
-4121 -3019 -2193 -1366 -540 11 562 562 1113 1663 1663 1388 562 -816 -1917 -1917 -1642 -816 -1091 -540 11 -816 286 -816 -2468 -2744 -3570 -4121 -3570 -3570 -3570 -4672
30916 30097 29823 29004 28730 28730 28730 28457 28457 29004 29277 29004 29004 29004 28730 28730 29823 30097 30370 30370 29277 29823 30370 30643 31463 30916 29823 29550 29277 28457 28184 29277
32009 30916 30916 30097 29277 29004 29004 29004 28730 29004 29004 29277 28730 28730 28457 28184 29277 30097 30370 30916 29004 28730 29277 29004 29277 29277 29004 29004 29004 27911 27364 28184
30643 30643 30916 30370 29277 28730 28730 28730 29277 29550 29823 30370 30097 29823 30097 29277 29823 30643 30916 30916 29823 29004 29004 28457 28184 28457 28457 28730 29550 28730 27911 28457
29277 28730 29004 29004 28730 28184 28184 28184 28730 29004 29550 30097 30097 30097 30097 29550 29277 30097 30643 30643 30097 29550 28730 27911 27911 28184 28184 28457 29004 29277 28730 29004
28730 27911 27364 27364 27637 27637 27911 27637 27637 27637 27911 28730 29823 30643 30097 29277 29277 29277 29004 28730 29277 29823 29004 28184 27911 27637 27911 28457 29277 29004 28457 28730
28730 28184 28730 27911 27364 27091 27911 28457 27911 26818 26544 25998 25178 24358 26271 28184 22445 24358 27911 29004 29550 29823 29277 29277 29004 28457 28457 28184 28184 28184 27637 28457
28184 27911 28730 28730 28184 27364 27637 28730 28730 21079 10969 2498 10696 13701 7963 11242 2771 11242 16980 20806 25724 29004 29550 29823 29277 29550 29823 29823 29550 28457 27637 29277
27091 26818 27911 28457 28730 28457 28184 28184 29004 8783 -14170 -16903 4957 13155 -6792 -2967 1678 10696 11515 11515 12882 17527 21899 24085 26818 28457 29004 29550 29823 29277 28457 29823
28184 27091 27091 27364 27911 28730 29004 28730 29004 5504 -19362 -19089 -5699 3864 -2147 2225 4411 12335 13155 13155 12062 11242 12335 14248 17800 21352 23812 26818 27637 27911 27911 28730
27637 26544 26271 26544 27091 27637 28457 29277 30097 10969 -16903 -16903 -12804 -8432 -4333 6050 4957 13155 13701 13428 13155 13428 13428 12608 12608 12335 13701 23812 27364 27911 27911 29004
25451 25178 25724 25451 25998 26818 27637 27637 25451 20806 9056 2498 10422 14521 9329 12882 5231 13428 14248 13975 13701 13701 13975 13975 13975 12608 13428 23265 27637 27364 27364 28457
25998 25178 25724 24905 25178 26271 27364 25178 13701 10696 9056 5777 9876 14521 16161 15887 4684 12882 13975 14521 14248 13428 13428 13701 13428 13155 14248 22992 27091 27091 26818 26544
24358 24631 25998 26544 25724 25724 26544 21079 4411 3045 2225 4411 3864 5231 11789 11515 3045 12608 13701 14248 13975 13428 13428 13428 13428 13428 14521 22719 25724 26271 26544 26544
16707 12062 15068 21079 22719 21899 21899 15887 9876 8236 4684 3864 -4060 -3787 1132 3045 1405 12335 13428 13428 13428 13155 13155 13155 13155 13701 14248 19986 19986 21079 20806 20806
-7612 -13077 -10071 -7885 -1327 1405 6050 12608 15614 15068 9603 4138 -7885 -5973 -2147 -508 -508 12062 13428 12882 12882 12882 12882 12882 12882 12882 12335 13975 10696 15887 13975 10149
-20455 -23734 -22368 -20728 -19362 -9525 1132 9603 14521 15614 9876 3318 -8432 -7612 -3513 585 -1054 11242 13155 12882 12882 12608 12608 12882 12608 11789 9603 2771 1132 4411 4411 3318
-22368 -22368 -22641 -9798 -5699 5777 13155 13975 14521 14521 11515 6870 -1874 -508 2771 859 -1327 10696 12882 12882 12335 12062 12062 12062 11789 10969 7690 -234 -1327 39 -2694 -1054
-10071 -9798 -14990 312 12882 20533 24358 21352 18073 14521 12608 9876 9876 10422 8236 -1874 -2967 9876 12608 12608 11789 10969 11242 11515 11515 10422 9056 10696 13975 10422 1678 -5973
-7885 -11711 -10618 6324 16161 18893 16161 13428 10149 10969 12882 8510 8783 8510 1678 -7339 -6519 6597 9876 9603 9056 8236 7143 6870 5231 5504 1952 -2147 8236 12062 4411 -10891
-28926 -30292 -16629 -5426 -4880 5504 12062 12882 10149 10422 10969 6870 8510 8236 5504 -11438 -14443 -3787 -1874 -5973 -8432 -10618 -14170 -15810 -19089 -9525 -8159 -10071 2225 9876 -1327 -19089
-28652 -28379 -18269 -7339 -11438 -234 11242 6324 12335 859 -16629 -13897 3591 6050 3318 -18815 -25920 -17722 -17449 -26740 -28106 -28652 -27833 -25100 -27833 -20455 -15263 -12804 -7339 -6246 -16629 -18269
-23734 -22368 -12531 5777 4684 5777 10696 6870 7143 -16356 -26740 -24280 -12257 -8705 -13350 -20455 -21001 -25373 -26466 -29472 -29745 -28926 -27286 -19362 -21548 -22368 -21548 -22094 -21275 -18542 -17722 -13897
-10618 -11164 -9252 3591 11789 9603 -508 -2420 -6246 -22641 -8705 -16629 -18815 -21001 -25100 -21548 -18542 -26740 -30565 -28106 -25100 -26740 -26740 -16083 -20182 -15263 -11711 -11438 -10891 -9798 -6792 -3513
-10071 -11164 -12257 -9525 -1327 -1601 -4880 -5153 -8978 -17449 859 -11984 -19362 -17996 -20728 -21001 -20728 -24007 -26740 -25920 -24280 -25920 -25920 -21275 -20728 -14717 -8159 -4880 -3513 -2967 -3240 -2147
-10345 -9798 -12531 -10071 -7066 -21548 -18815 -12531 -19635 -17722 -1054 -10891 -21821 -21001 -22914 -23187 -22368 -21821 -19635 -18542 -18269 -17722 -16356 -14170 -13624 -12531 -13077 -12531 -9798 -8159 -5973 -3787
-8705 -9525 -11984 -13077 -19362 -28926 -27013 -21548 -23734 -24554 -8705 -15810 -25647 -23734 -22914 -18815 -16083 -14990 -13350 -12531 -11984 -10891 -9252 -8978 -10345 -10891 -14443 -15263 -12531 -10345 -8705 -8159
-7339 -8978 -10618 -10891 -12531 -14990 -18542 -21275 -21275 -24280 -24280 -22094 -19635 -17722 -14717 -10891 -8978 -8159 -7885 -7612 -8432 -9525 -8705 -7339 -8159 -8705 -10345 -10618 -9525 -8432 -9252 -10345
-3240 -3787 -6246 -8159 -8159 -8432 -9252 -10345 -11164 -10891 -10891 -9252 -8705 -8432 -7339 -6519 -5153 -4880 -4880 -5153 -6792 -7612 -7066 -5973 -4333 -4060 -3787 -3513 -4606 -5699 -8159 -8432
-1327 -1327 -2147 -4060 -5426 -6792 -7885 -8159 -5973 -5699 -4333 -4606 -5426 -5426 -5426 -5153 -4060 -3787 -4606 -4333 -4880 -4880 -4880 -4880 -3513 -2967 -2967 -3240 -3787 -4880 -5699 -6792
-2147 -1874 -508 39 -508 -2147 -3513 -4333 -4060 -5153 -5426 -6246 -8159 -8432 -7885 -7066 -4333 -4606 -8432 -8432 -7885 -6519 -7066 -5153 -3240 -4333 -5699 -4606 -5153 -6519 -6792 -8159
-2420 -2147 -1874 -1601 -1054 -508 859 585 -1054 -3513 -4333 -5699 -7612 -9252 -8978 -7612 -5153 -5426 -8159 -10071 -10345 -9525 -7885 -5426 -5973 -8159 -7066 -4606 -5699 -7612 -9525 -10618
-3513 -2694 -2147 -1874 -1327 -234 312 312 39 -1327 -2147 -2420 -3513 -5153 -6246 -6246 -5699 -4880 -5153 -5153 -4606 -5153 -4333 -5153 -6792 -7612 -8432 -8978 -8432 -8432 -8705 -9798
